Airline_Name,Review,Recommended,Overall_Rating,Seat_Comfort,Cabin_Staff_Service,Food_and_Beverages,Ground_Service,Inflight_Entertainment,Wifi_and_Connectivity,Value_For_Money,Verified,Seat_Type
Airline 05,good value and helpful cabin crew,yes,9.0,4.0,5.0,3.0,4.0,,4.0,4.0,0,Economy
Airline 39,long delay weak communication would not recommend,no,3.0,3.0,4.0,,2.0,4.0,1.0,3.0,1,Business
Airline 33,smooth journey friendly service worth the fare,no,1.0,3.0,1.0,1.0,1.0,1.0,,1.0,0,Economy
Airline 22,smooth journey friendly service worth the fare,no,1.0,2.0,1.0,,1.0,4.0,,1.0,1,Business
Airline 22,efficient ground team and comfortable flight,yes,9.0,2.0,4.0,3.0,5.0,,,5.0,1,Economy
Airline 43,good value and helpful cabin crew,yes,3.0,2.0,3.0,3.0,2.0,,2.0,4.0,1,Premium Economy
Airline 05,disappointing experience uncomfortable and expensive,no,5.0,2.0,3.0,,1.0,2.0,,1.0,0,Economy
Airline 35,smooth journey friendly service worth the fare,yes,9.0,3.0,5.0,3.0,3.0,,,3.0,1,Economy
Airline 11,efficient ground team and comfortable flight,yes,8.0,3.0,5.0,2.0,3.0,3.0,,4.0,1,Economy
Airline 05,long delay weak communication would not recommend,no,6.0,3.0,2.0,4.0,2.0,,2.0,4.0,1,Business
Airline 27,disappointing experience uncomfortable and expensive,no,5.0,3.0,3.0,2.0,3.0,4.0,,4.0,1,Premium Economy
Airline 49,disappointing experience uncomfortable and expensive,no,6.0,3.0,4.0,,2.0,2.0,,2.0,1,Business
Airline 37,efficient ground team and comfortable flight,yes,7.0,2.0,3.0,1.0,2.0,2.0,,4.0,0,Business
Airline 39,efficient ground team and comfortable flight,yes,10.0,5.0,5.0,4.0,4.0,2.0,,3.0,0,Premium Economy
Airline 36,good value and helpful cabin crew,yes,7.0,4.0,4.0,3.0,2.0,,2.0,3.0,1,Economy
Airline 40,long delay weak communication would not recommend,no,6.0,5.0,5.0,4.0,3.0,2.0,,4.0,0,Business
Airline 26,good value and helpful cabin crew,yes,6.0,4.0,5.0,3.0,4.0,2.0,4.0,5.0,1,Economy
Airline 07,disappointing experience uncomfortable and expensive,no,1.0,2.0,3.0,3.0,2.0,,3.0,3.0,0,Business
Airline 42,good value and helpful cabin crew,yes,6.0,5.0,2.0,,3.0,,1.0,4.0,1,Premium Economy
Airline 23,disappointing experience uncomfortable and expensive,no,6.0,3.0,2.0,4.0,2.0,,,2.0,1,Economy
Airline 26,disappointing experience uncomfortable and expensive,no,1.0,2.0,3.0,,1.0,2.0,,1.0,1,Economy
Airline 19,long delay weak communication would not recommend,no,2.0,2.0,1.0,1.0,2.0,,,1.0,1,Economy
Airline 10,poor value delay and unhelpful ground service,no,2.0,2.0,3.0,1.0,2.0,3.0,,1.0,0,Economy
Airline 47,disappointing experience uncomfortable and expensive,no,7.0,3.0,2.0,2.0,,,,2.0,0,Economy
Airline 40,poor value delay and unhelpful ground service,yes,7.0,3.0,2.0,,2.0,4.0,,4.0,1,Business
Airline 33,long delay weak communication would not recommend,no,5.0,2.0,4.0,,3.0,3.0,,3.0,1,Economy
Airline 21,efficient ground team and comfortable flight,yes,10.0,2.0,5.0,4.0,4.0,,3.0,4.0,0,Business
Airline 42,long delay weak communication would not recommend,no,2.0,2.0,2.0,2.0,1.0,3.0,,1.0,1,Premium Economy
Airline 28,smooth journey friendly service worth the fare,no,4.0,3.0,3.0,3.0,3.0,4.0,3.0,3.0,1,Economy
Airline 23,disappointing experience uncomfortable and expensive,no,7.0,4.0,2.0,,5.0,3.0,2.0,3.0,1,Economy
Airline 23,long delay weak communication would not recommend,no,4.0,3.0,3.0,3.0,2.0,2.0,,1.0,1,Economy
Airline 12,smooth journey friendly service worth the fare,yes,6.0,3.0,3.0,2.0,3.0,3.0,,4.0,0,Premium Economy
Airline 05,poor value delay and unhelpful ground service,no,3.0,1.0,1.0,1.0,1.0,1.0,,2.0,1,Economy
Airline 28,poor value delay and unhelpful ground service,no,8.0,4.0,4.0,2.0,3.0,,2.0,4.0,0,Premium Economy
Airline 45,disappointing experience uncomfortable and expensive,no,4.0,2.0,3.0,3.0,2.0,3.0,3.0,2.0,1,Economy
Airline 04,smooth journey friendly service worth the fare,yes,9.0,2.0,5.0,2.0,,3.0,,5.0,0,Premium Economy
Airline 43,disappointing experience uncomfortable and expensive,no,6.0,2.0,3.0,2.0,3.0,4.0,,2.0,1,Premium Economy
Airline 42,smooth journey friendly service worth the fare,yes,7.0,5.0,4.0,,4.0,,2.0,4.0,0,Premium Economy
Airline 14,poor value delay and unhelpful ground service,no,6.0,5.0,3.0,3.0,2.0,2.0,,2.0,0,Economy
Airline 32,good value and helpful cabin crew,yes,5.0,4.0,3.0,3.0,2.0,3.0,3.0,3.0,0,Economy
Airline 09,poor value delay and unhelpful ground service,no,3.0,3.0,3.0,,3.0,3.0,,2.0,1,Economy
Airline 38,disappointing experience uncomfortable and expensive,no,5.0,2.0,4.0,3.0,2.0,,,2.0,0,Economy
Airline 36,good value and helpful cabin crew,yes,7.0,3.0,4.0,,3.0,3.0,,5.0,1,Economy
Airline 18,long delay weak communication would not recommend,no,4.0,3.0,2.0,3.0,3.0,1.0,,2.0,1,Economy
Airline 04,disappointing experience uncomfortable and expensive,no,5.0,4.0,4.0,2.0,2.0,,3.0,3.0,0,Economy
Airline 49,long delay weak communication would not recommend,no,5.0,3.0,3.0,2.0,3.0,3.0,4.0,1.0,1,Economy
Airline 23,good value and helpful cabin crew,yes,10.0,5.0,4.0,5.0,4.0,,4.0,5.0,0,Economy
Airline 45,disappointing experience uncomfortable and expensive,no,5.0,5.0,3.0,4.0,4.0,2.0,,3.0,1,Premium Economy
Airline 34,good value and helpful cabin crew,no,7.0,4.0,5.0,4.0,,4.0,3.0,5.0,0,Economy
Airline 39,long delay weak communication would not recommend,no,6.0,5.0,4.0,4.0,3.0,5.0,,1.0,0,Business
Airline 38,efficient ground team and comfortable flight,yes,6.0,1.0,2.0,3.0,4.0,1.0,,3.0,0,Economy
Airline 10,disappointing experience uncomfortable and expensive,no,3.0,2.0,3.0,2.0,2.0,2.0,,2.0,1,Economy
Airline 19,smooth journey friendly service worth the fare,yes,6.0,3.0,4.0,3.0,2.0,,2.0,3.0,0,Premium Economy
Airline 24,efficient ground team and comfortable flight,yes,6.0,4.0,4.0,,4.0,,3.0,3.0,0,Premium Economy
Airline 25,disappointing experience uncomfortable and expensive,no,9.0,4.0,4.0,,5.0,3.0,2.0,3.0,1,Economy
Airline 03,smooth journey friendly service worth the fare,yes,6.0,3.0,4.0,,3.0,2.0,,3.0,1,Business
Airline 28,efficient ground team and comfortable flight,no,10.0,5.0,4.0,,4.0,4.0,3.0,4.0,1,Premium Economy
Airline 08,efficient ground team and comfortable flight,yes,7.0,3.0,4.0,2.0,4.0,3.0,,4.0,1,Economy
Airline 38,long delay weak communication would not recommend,no,10.0,3.0,3.0,5.0,4.0,,,3.0,1,Premium Economy
Airline 35,good value and helpful cabin crew,no,5.0,4.0,2.0,3.0,3.0,,,3.0,1,Economy
Airline 47,disappointing experience uncomfortable and expensive,yes,10.0,5.0,5.0,4.0,5.0,5.0,4.0,5.0,1,Economy
Airline 38,long delay weak communication would not recommend,no,4.0,4.0,3.0,3.0,2.0,2.0,,2.0,0,Economy
Airline 19,poor value delay and unhelpful ground service,no,5.0,3.0,3.0,1.0,3.0,2.0,3.0,3.0,1,Economy
Airline 49,poor value delay and unhelpful ground service,no,3.0,1.0,2.0,2.0,2.0,,1.0,1.0,0,Economy
Airline 21,poor value delay and unhelpful ground service,no,10.0,4.0,4.0,3.0,4.0,5.0,2.0,4.0,1,Economy
Airline 17,long delay weak communication would not recommend,no,6.0,2.0,4.0,3.0,3.0,4.0,,5.0,1,Economy
Airline 46,smooth journey friendly service worth the fare,yes,4.0,3.0,3.0,3.0,2.0,3.0,,3.0,0,Economy
Airline 19,smooth journey friendly service worth the fare,yes,6.0,4.0,4.0,4.0,5.0,,,4.0,1,Economy
Airline 04,good value and helpful cabin crew,yes,7.0,4.0,3.0,5.0,4.0,4.0,2.0,3.0,1,Economy
Airline 24,poor value delay and unhelpful ground service,no,9.0,4.0,5.0,4.0,5.0,,,5.0,1,Business
Airline 40,poor value delay and unhelpful ground service,no,5.0,3.0,2.0,1.0,2.0,3.0,,1.0,0,Economy
Airline 10,long delay weak communication would not recommend,no,4.0,2.0,3.0,5.0,3.0,1.0,3.0,4.0,0,Economy
Airline 24,smooth journey friendly service worth the fare,yes,6.0,4.0,3.0,,3.0,,,4.0,1,Economy
Airline 07,long delay weak communication would not recommend,no,3.0,2.0,1.0,2.0,2.0,2.0,1.0,1.0,1,Economy
Airline 35,long delay weak communication would not recommend,yes,7.0,3.0,4.0,3.0,4.0,4.0,2.0,4.0,1,Economy
Airline 24,disappointing experience uncomfortable and expensive,no,4.0,3.0,4.0,3.0,2.0,2.0,,1.0,0,Premium Economy
Airline 17,efficient ground team and comfortable flight,yes,7.0,4.0,3.0,,3.0,2.0,,3.0,1,Economy
Airline 12,long delay weak communication would not recommend,no,10.0,4.0,4.0,4.0,4.0,,2.0,5.0,0,Economy
Airline 29,smooth journey friendly service worth the fare,yes,8.0,2.0,3.0,1.0,4.0,,,2.0,0,Economy
Airline 34,long delay weak communication would not recommend,no,3.0,3.0,2.0,5.0,4.0,,3.0,2.0,0,Premium Economy
Airline 48,long delay weak communication would not recommend,no,6.0,4.0,2.0,4.0,1.0,,3.0,4.0,1,Economy
Airline 22,long delay weak communication would not recommend,no,7.0,3.0,5.0,,,,3.0,5.0,1,Business
Airline 09,disappointing experience uncomfortable and expensive,no,4.0,2.0,3.0,4.0,3.0,3.0,,2.0,1,Economy
Airline 42,disappointing experience uncomfortable and expensive,no,6.0,3.0,2.0,1.0,3.0,,,2.0,1,Economy
Airline 32,poor value delay and unhelpful ground service,no,7.0,4.0,5.0,4.0,4.0,2.0,2.0,4.0,0,Economy
Airline 36,long delay weak communication would not recommend,no,4.0,5.0,2.0,,4.0,2.0,2.0,3.0,0,Business
Airline 05,efficient ground team and comfortable flight,no,1.0,2.0,1.0,2.0,1.0,3.0,,1.0,1,Business
Airline 16,efficient ground team and comfortable flight,no,3.0,1.0,1.0,,1.0,,,2.0,1,Economy
Airline 39,efficient ground team and comfortable flight,yes,8.0,5.0,5.0,1.0,4.0,4.0,,5.0,1,Premium Economy
Airline 42,good value and helpful cabin crew,yes,6.0,4.0,3.0,2.0,4.0,2.0,3.0,5.0,1,Economy
Airline 22,good value and helpful cabin crew,no,4.0,1.0,3.0,4.0,2.0,,2.0,2.0,0,Economy
Airline 41,efficient ground team and comfortable flight,yes,4.0,2.0,3.0,2.0,3.0,,2.0,4.0,1,Economy
Airline 43,good value and helpful cabin crew,yes,6.0,3.0,4.0,5.0,3.0,2.0,,2.0,1,Business
Airline 20,long delay weak communication would not recommend,no,7.0,4.0,3.0,,3.0,,2.0,4.0,0,Economy
Airline 45,disappointing experience uncomfortable and expensive,no,4.0,1.0,1.0,,1.0,4.0,,1.0,0,Economy
Airline 15,poor value delay and unhelpful ground service,no,4.0,2.0,3.0,2.0,,,,2.0,1,Business
Airline 12,poor value delay and unhelpful ground service,yes,6.0,4.0,3.0,5.0,3.0,3.0,,4.0,1,Economy
Airline 35,disappointing experience uncomfortable and expensive,no,5.0,1.0,2.0,5.0,1.0,,1.0,3.0,1,Economy
Airline 32,smooth journey friendly service worth the fare,yes,4.0,4.0,3.0,3.0,3.0,2.0,5.0,5.0,0,Economy
Airline 07,efficient ground team and comfortable flight,no,3.0,3.0,2.0,4.0,1.0,1.0,3.0,3.0,0,Economy
Airline 42,good value and helpful cabin crew,yes,6.0,2.0,5.0,4.0,3.0,4.0,,4.0,0,Economy
Airline 10,disappointing experience uncomfortable and expensive,yes,8.0,3.0,5.0,5.0,5.0,,,5.0,1,Economy
Airline 41,disappointing experience uncomfortable and expensive,yes,6.0,3.0,3.0,3.0,2.0,2.0,,5.0,1,Economy
Airline 01,disappointing experience uncomfortable and expensive,no,8.0,1.0,4.0,,4.0,3.0,4.0,2.0,1,Business
Airline 40,disappointing experience uncomfortable and expensive,yes,5.0,3.0,1.0,,5.0,1.0,,4.0,1,Economy
Airline 40,poor value delay and unhelpful ground service,no,3.0,3.0,2.0,1.0,3.0,1.0,,1.0,1,Economy
Airline 40,disappointing experience uncomfortable and expensive,no,3.0,2.0,3.0,5.0,,,,3.0,1,Business
Airline 34,smooth journey friendly service worth the fare,yes,8.0,5.0,4.0,3.0,5.0,3.0,,5.0,0,Economy
Airline 24,smooth journey friendly service worth the fare,yes,4.0,3.0,3.0,2.0,2.0,3.0,,4.0,1,Economy
Airline 36,efficient ground team and comfortable flight,no,2.0,3.0,2.0,3.0,1.0,3.0,,1.0,1,Economy
Airline 14,disappointing experience uncomfortable and expensive,no,4.0,2.0,3.0,,3.0,,,2.0,1,Economy
Airline 40,long delay weak communication would not recommend,no,7.0,4.0,3.0,2.0,,,,3.0,0,Economy
Airline 28,poor value delay and unhelpful ground service,no,6.0,4.0,4.0,5.0,4.0,2.0,4.0,2.0,0,Premium Economy
Airline 23,smooth journey friendly service worth the fare,yes,5.0,3.0,4.0,2.0,3.0,,,4.0,0,Premium Economy
Airline 26,poor value delay and unhelpful ground service,no,7.0,4.0,4.0,3.0,4.0,,,5.0,1,Economy
Airline 29,poor value delay and unhelpful ground service,no,8.0,4.0,5.0,,4.0,4.0,1.0,4.0,0,Economy
Airline 02,efficient ground team and comfortable flight,yes,9.0,4.0,5.0,3.0,4.0,1.0,,4.0,1,Economy
Airline 07,efficient ground team and comfortable flight,yes,10.0,5.0,5.0,2.0,4.0,4.0,,3.0,1,Economy
Airline 13,disappointing experience uncomfortable and expensive,no,2.0,2.0,2.0,2.0,1.0,2.0,3.0,2.0,0,Economy
Airline 06,disappointing experience uncomfortable and expensive,no,3.0,2.0,1.0,1.0,2.0,3.0,2.0,1.0,0,Economy
Airline 22,poor value delay and unhelpful ground service,no,5.0,2.0,3.0,3.0,3.0,,2.0,3.0,0,Economy
Airline 34,good value and helpful cabin crew,no,5.0,3.0,3.0,3.0,2.0,,,3.0,0,Economy
Airline 33,long delay weak communication would not recommend,no,1.0,2.0,3.0,2.0,3.0,1.0,1.0,1.0,1,Economy
Airline 24,good value and helpful cabin crew,yes,4.0,2.0,2.0,2.0,3.0,2.0,,4.0,1,Business
Airline 43,poor value delay and unhelpful ground service,no,2.0,4.0,3.0,4.0,,1.0,3.0,2.0,1,Premium Economy
Airline 29,disappointing experience uncomfortable and expensive,no,4.0,4.0,3.0,3.0,2.0,2.0,2.0,2.0,1,Economy
Airline 04,smooth journey friendly service worth the fare,yes,7.0,3.0,3.0,2.0,3.0,3.0,,3.0,0,Economy
Airline 39,disappointing experience uncomfortable and expensive,yes,9.0,2.0,4.0,,3.0,4.0,5.0,5.0,1,Economy
Airline 29,poor value delay and unhelpful ground service,no,4.0,5.0,4.0,,3.0,,3.0,4.0,0,Economy
Airline 32,long delay weak communication would not recommend,no,10.0,5.0,5.0,5.0,4.0,3.0,4.0,5.0,0,Economy
Airline 29,poor value delay and unhelpful ground service,no,5.0,3.0,5.0,4.0,4.0,2.0,1.0,4.0,0,Economy
Airline 28,efficient ground team and comfortable flight,yes,6.0,3.0,3.0,,3.0,2.0,1.0,2.0,1,Economy
Airline 05,efficient ground team and comfortable flight,yes,3.0,2.0,3.0,,4.0,3.0,2.0,4.0,0,Business
Airline 28,long delay weak communication would not recommend,no,6.0,3.0,5.0,,4.0,,2.0,4.0,1,Economy
Airline 40,good value and helpful cabin crew,yes,6.0,4.0,3.0,4.0,3.0,4.0,,5.0,1,Economy
Airline 16,smooth journey friendly service worth the fare,yes,8.0,4.0,5.0,4.0,5.0,,,4.0,1,Economy
Airline 31,long delay weak communication would not recommend,no,6.0,3.0,4.0,2.0,4.0,3.0,3.0,1.0,1,Economy
Airline 02,long delay weak communication would not recommend,yes,5.0,4.0,5.0,2.0,4.0,3.0,,5.0,0,Economy
Airline 18,disappointing experience uncomfortable and expensive,no,5.0,2.0,4.0,3.0,2.0,,,1.0,1,Premium Economy
Airline 22,efficient ground team and comfortable flight,no,4.0,4.0,1.0,3.0,2.0,3.0,4.0,2.0,0,Economy
Airline 50,smooth journey friendly service worth the fare,yes,7.0,4.0,3.0,3.0,4.0,4.0,,5.0,1,Economy
Airline 11,smooth journey friendly service worth the fare,yes,8.0,4.0,4.0,3.0,5.0,2.0,,4.0,1,Economy
Airline 14,poor value delay and unhelpful ground service,no,3.0,3.0,2.0,2.0,2.0,,2.0,2.0,1,Economy
Airline 21,smooth journey friendly service worth the fare,no,5.0,1.0,3.0,,3.0,,,2.0,1,Premium Economy
Airline 50,poor value delay and unhelpful ground service,no,1.0,2.0,2.0,1.0,3.0,,,1.0,1,Economy
Airline 43,poor value delay and unhelpful ground service,no,2.0,1.0,2.0,,1.0,1.0,4.0,1.0,1,Economy
Airline 02,long delay weak communication would not recommend,no,6.0,4.0,3.0,2.0,3.0,2.0,3.0,4.0,1,Economy
Airline 12,efficient ground team and comfortable flight,no,5.0,3.0,4.0,2.0,2.0,1.0,,2.0,0,Economy
Airline 42,smooth journey friendly service worth the fare,no,2.0,2.0,3.0,3.0,1.0,1.0,,2.0,0,Economy
Airline 03,long delay weak communication would not recommend,yes,5.0,4.0,3.0,2.0,4.0,,4.0,3.0,1,Economy
Airline 43,poor value delay and unhelpful ground service,no,5.0,1.0,3.0,3.0,2.0,2.0,,4.0,1,Economy
Airline 15,long delay weak communication would not recommend,no,4.0,2.0,3.0,4.0,3.0,,,2.0,0,Economy
Airline 46,good value and helpful cabin crew,yes,7.0,4.0,5.0,4.0,4.0,,,4.0,0,Economy
Airline 15,disappointing experience uncomfortable and expensive,no,5.0,3.0,2.0,,2.0,,2.0,1.0,0,Economy
Airline 22,poor value delay and unhelpful ground service,no,4.0,1.0,4.0,,2.0,,3.0,2.0,1,Economy
Airline 34,long delay weak communication would not recommend,no,5.0,4.0,2.0,2.0,3.0,1.0,,2.0,1,Business
Airline 07,long delay weak communication would not recommend,no,6.0,5.0,4.0,4.0,4.0,2.0,3.0,3.0,0,Economy
Airline 28,poor value delay and unhelpful ground service,no,8.0,4.0,4.0,,5.0,3.0,,4.0,1,Business
Airline 26,disappointing experience uncomfortable and expensive,no,5.0,1.0,2.0,2.0,2.0,3.0,,2.0,1,Premium Economy
Airline 40,disappointing experience uncomfortable and expensive,yes,7.0,4.0,5.0,,,2.0,,5.0,0,Business
Airline 50,long delay weak communication would not recommend,no,4.0,3.0,3.0,3.0,1.0,,3.0,1.0,1,Business
Airline 34,smooth journey friendly service worth the fare,yes,9.0,4.0,3.0,4.0,5.0,,,5.0,1,Business
Airline 21,smooth journey friendly service worth the fare,no,3.0,4.0,3.0,2.0,2.0,2.0,,1.0,1,Economy
Airline 21,long delay weak communication would not recommend,yes,7.0,4.0,5.0,5.0,4.0,5.0,,4.0,0,Premium Economy
Airline 21,disappointing experience uncomfortable and expensive,no,4.0,5.0,2.0,2.0,2.0,3.0,3.0,3.0,0,Economy
Airline 41,poor value delay and unhelpful ground service,no,10.0,5.0,4.0,5.0,4.0,,,5.0,0,Business
Airline 17,poor value delay and unhelpful ground service,no,8.0,4.0,2.0,3.0,4.0,2.0,,4.0,0,Economy
Airline 09,poor value delay and unhelpful ground service,yes,3.0,3.0,2.0,2.0,3.0,1.0,,3.0,0,Economy
Airline 17,poor value delay and unhelpful ground service,no,3.0,4.0,3.0,3.0,4.0,2.0,,3.0,0,Business
Airline 02,disappointing experience uncomfortable and expensive,no,9.0,4.0,4.0,5.0,4.0,,,3.0,1,Economy
Airline 06,disappointing experience uncomfortable and expensive,no,8.0,4.0,4.0,3.0,,3.0,1.0,4.0,1,Economy
Airline 05,disappointing experience uncomfortable and expensive,no,5.0,2.0,2.0,3.0,2.0,3.0,2.0,2.0,1,Business
Airline 39,poor value delay and unhelpful ground service,no,5.0,2.0,3.0,,2.0,,2.0,3.0,0,Business
Airline 37,smooth journey friendly service worth the fare,yes,7.0,1.0,4.0,2.0,,1.0,,4.0,0,Premium Economy
Airline 35,smooth journey friendly service worth the fare,yes,5.0,3.0,3.0,1.0,4.0,3.0,,2.0,1,Economy
Airline 24,disappointing experience uncomfortable and expensive,no,3.0,2.0,1.0,,2.0,2.0,,2.0,0,Economy
Airline 36,efficient ground team and comfortable flight,no,3.0,2.0,3.0,3.0,3.0,3.0,,2.0,1,Economy
Airline 09,efficient ground team and comfortable flight,yes,6.0,4.0,4.0,5.0,1.0,3.0,,4.0,0,Economy
Airline 46,efficient ground team and comfortable flight,yes,9.0,4.0,5.0,,5.0,2.0,,5.0,0,Economy
Airline 26,good value and helpful cabin crew,yes,10.0,5.0,4.0,,5.0,4.0,4.0,5.0,1,Economy
Airline 47,poor value delay and unhelpful ground service,no,8.0,3.0,4.0,,2.0,2.0,1.0,4.0,1,Premium Economy
Airline 08,smooth journey friendly service worth the fare,yes,4.0,2.0,2.0,2.0,4.0,,,4.0,0,Economy
Airline 25,efficient ground team and comfortable flight,no,6.0,2.0,3.0,,4.0,3.0,,3.0,0,Economy
Airline 35,poor value delay and unhelpful ground service,no,2.0,3.0,3.0,4.0,3.0,,1.0,1.0,1,Economy
Airline 25,long delay weak communication would not recommend,no,6.0,4.0,3.0,4.0,4.0,2.0,1.0,1.0,0,Premium Economy
Airline 23,disappointing experience uncomfortable and expensive,no,4.0,2.0,1.0,,,,3.0,2.0,1,Economy
Airline 09,poor value delay and unhelpful ground service,no,3.0,1.0,1.0,,1.0,2.0,,1.0,0,Economy
Airline 20,poor value delay and unhelpful ground service,no,5.0,5.0,3.0,,3.0,3.0,,4.0,0,Economy
Airline 12,poor value delay and unhelpful ground service,no,7.0,2.0,4.0,4.0,2.0,1.0,,2.0,1,Business
Airline 16,long delay weak communication would not recommend,no,7.0,4.0,3.0,3.0,4.0,4.0,2.0,3.0,1,Economy
Airline 35,long delay weak communication would not recommend,yes,6.0,3.0,4.0,2.0,5.0,3.0,,4.0,0,Business
Airline 32,disappointing experience uncomfortable and expensive,no,6.0,4.0,4.0,,2.0,2.0,2.0,3.0,1,Economy
Airline 31,long delay weak communication would not recommend,no,7.0,4.0,3.0,4.0,3.0,3.0,,4.0,0,Economy
Airline 19,smooth journey friendly service worth the fare,no,5.0,3.0,3.0,4.0,2.0,,,3.0,0,Economy
Airline 48,disappointing experience uncomfortable and expensive,no,8.0,3.0,2.0,3.0,3.0,2.0,,3.0,1,Economy
Airline 05,long delay weak communication would not recommend,no,5.0,4.0,2.0,2.0,,1.0,3.0,3.0,1,Economy
Airline 18,efficient ground team and comfortable flight,yes,6.0,3.0,5.0,,3.0,4.0,,4.0,1,Economy
Airline 06,smooth journey friendly service worth the fare,yes,6.0,5.0,5.0,4.0,4.0,2.0,,4.0,1,Economy
Airline 17,long delay weak communication would not recommend,no,4.0,1.0,3.0,4.0,3.0,2.0,,2.0,0,Economy
Airline 49,long delay weak communication would not recommend,no,5.0,1.0,4.0,3.0,4.0,4.0,2.0,3.0,0,Business
Airline 19,poor value delay and unhelpful ground service,no,6.0,4.0,1.0,2.0,2.0,3.0,3.0,3.0,0,Economy
Airline 46,efficient ground team and comfortable flight,yes,6.0,3.0,2.0,4.0,4.0,,,2.0,0,Business
Airline 25,disappointing experience uncomfortable and expensive,no,4.0,3.0,2.0,,3.0,3.0,2.0,2.0,0,Premium Economy
Airline 35,poor value delay and unhelpful ground service,yes,7.0,3.0,5.0,2.0,,5.0,3.0,4.0,1,Economy
Airline 23,smooth journey friendly service worth the fare,yes,7.0,4.0,4.0,3.0,4.0,4.0,3.0,4.0,0,Economy
Airline 14,good value and helpful cabin crew,no,6.0,4.0,4.0,4.0,3.0,2.0,1.0,3.0,0,Premium Economy
Airline 39,good value and helpful cabin crew,yes,9.0,4.0,5.0,4.0,4.0,,,4.0,0,Economy
Airline 49,poor value delay and unhelpful ground service,no,5.0,3.0,3.0,,2.0,,3.0,3.0,0,Economy
Airline 14,smooth journey friendly service worth the fare,yes,10.0,4.0,5.0,5.0,5.0,,,5.0,0,Economy
Airline 39,poor value delay and unhelpful ground service,no,6.0,3.0,2.0,3.0,3.0,4.0,,1.0,1,Economy
Airline 14,smooth journey friendly service worth the fare,no,7.0,4.0,1.0,2.0,4.0,2.0,,4.0,0,Economy
Airline 36,smooth journey friendly service worth the fare,no,5.0,2.0,4.0,,2.0,,1.0,3.0,0,Economy
Airline 40,poor value delay and unhelpful ground service,no,6.0,2.0,3.0,3.0,3.0,4.0,1.0,4.0,0,Economy
Airline 23,long delay weak communication would not recommend,no,6.0,5.0,2.0,3.0,4.0,3.0,1.0,4.0,1,Business
Airline 37,long delay weak communication would not recommend,no,6.0,2.0,3.0,2.0,2.0,,,2.0,1,Business
Airline 14,smooth journey friendly service worth the fare,yes,9.0,5.0,5.0,3.0,5.0,,3.0,5.0,0,Premium Economy
Airline 04,long delay weak communication would not recommend,yes,6.0,3.0,4.0,2.0,4.0,,,3.0,0,Economy
Airline 05,long delay weak communication would not recommend,no,5.0,3.0,4.0,4.0,3.0,3.0,,3.0,0,Economy
Airline 23,smooth journey friendly service worth the fare,no,3.0,4.0,2.0,,2.0,3.0,1.0,2.0,0,Business
Airline 46,long delay weak communication would not recommend,no,7.0,4.0,3.0,,4.0,,,3.0,1,Business
Airline 07,good value and helpful cabin crew,no,5.0,3.0,3.0,,3.0,3.0,3.0,3.0,1,Economy
Airline 23,good value and helpful cabin crew,no,6.0,1.0,3.0,2.0,,3.0,,3.0,0,Economy
Airline 36,poor value delay and unhelpful ground service,no,2.0,3.0,1.0,4.0,3.0,3.0,3.0,2.0,0,Economy
Airline 11,good value and helpful cabin crew,yes,10.0,4.0,5.0,4.0,5.0,4.0,,5.0,0,Economy
Airline 37,long delay weak communication would not recommend,no,4.0,3.0,4.0,,2.0,1.0,,4.0,0,Economy
Airline 16,disappointing experience uncomfortable and expensive,no,2.0,2.0,3.0,1.0,2.0,,,1.0,0,Business
Airline 41,long delay weak communication would not recommend,no,5.0,4.0,3.0,3.0,,,,3.0,1,Economy
Airline 29,disappointing experience uncomfortable and expensive,no,7.0,3.0,4.0,4.0,4.0,,1.0,2.0,0,Business
Airline 28,long delay weak communication would not recommend,no,8.0,2.0,1.0,4.0,3.0,,5.0,4.0,1,Economy
Airline 09,smooth journey friendly service worth the fare,yes,8.0,5.0,5.0,3.0,5.0,5.0,1.0,4.0,1,Economy
Airline 24,efficient ground team and comfortable flight,yes,7.0,4.0,4.0,3.0,4.0,3.0,,4.0,0,Economy
Airline 43,poor value delay and unhelpful ground service,no,6.0,3.0,4.0,3.0,2.0,4.0,3.0,3.0,0,Economy
Airline 01,poor value delay and unhelpful ground service,no,7.0,5.0,3.0,3.0,3.0,,,4.0,0,Economy
Airline 38,long delay weak communication would not recommend,no,1.0,4.0,1.0,2.0,1.0,,,1.0,1,Economy
Airline 25,long delay weak communication would not recommend,yes,4.0,2.0,4.0,4.0,,3.0,2.0,2.0,1,Business
Airline 36,smooth journey friendly service worth the fare,yes,3.0,1.0,2.0,2.0,3.0,3.0,,3.0,1,Economy
Airline 34,smooth journey friendly service worth the fare,no,3.0,3.0,2.0,3.0,4.0,4.0,1.0,2.0,0,Economy
Airline 22,poor value delay and unhelpful ground service,no,8.0,3.0,4.0,,3.0,2.0,2.0,3.0,1,Economy
Airline 16,long delay weak communication would not recommend,no,7.0,3.0,4.0,4.0,3.0,,,4.0,0,Economy
Airline 32,poor value delay and unhelpful ground service,no,7.0,3.0,5.0,2.0,4.0,3.0,1.0,4.0,1,Economy
Airline 08,efficient ground team and comfortable flight,no,7.0,4.0,3.0,3.0,,2.0,,3.0,0,Economy
Airline 30,long delay weak communication would not recommend,no,6.0,4.0,3.0,5.0,4.0,2.0,3.0,5.0,0,Economy
Airline 05,poor value delay and unhelpful ground service,no,1.0,2.0,2.0,4.0,1.0,,1.0,1.0,1,Premium Economy
Airline 33,poor value delay and unhelpful ground service,yes,6.0,2.0,4.0,3.0,3.0,4.0,3.0,4.0,1,Economy
Airline 32,poor value delay and unhelpful ground service,no,6.0,4.0,2.0,3.0,3.0,2.0,3.0,4.0,1,Business
Airline 05,good value and helpful cabin crew,no,7.0,4.0,5.0,1.0,2.0,3.0,3.0,3.0,1,Economy
Airline 38,disappointing experience uncomfortable and expensive,no,5.0,4.0,2.0,2.0,2.0,3.0,,4.0,0,Economy
Airline 21,good value and helpful cabin crew,no,3.0,1.0,3.0,2.0,,2.0,2.0,1.0,1,Economy
Airline 40,poor value delay and unhelpful ground service,no,2.0,2.0,1.0,2.0,3.0,3.0,,1.0,0,Economy
Airline 03,smooth journey friendly service worth the fare,yes,3.0,2.0,3.0,2.0,3.0,2.0,,3.0,0,Business
Airline 09,efficient ground team and comfortable flight,yes,8.0,3.0,4.0,4.0,4.0,1.0,,5.0,1,Premium Economy
Airline 25,poor value delay and unhelpful ground service,no,9.0,4.0,4.0,,2.0,3.0,,3.0,1,Economy
Airline 10,disappointing experience uncomfortable and expensive,no,2.0,3.0,2.0,2.0,1.0,2.0,,1.0,1,Economy
Airline 17,disappointing experience uncomfortable and expensive,no,4.0,2.0,2.0,2.0,3.0,,,2.0,1,Economy
Airline 34,long delay weak communication would not recommend,no,4.0,3.0,3.0,2.0,4.0,2.0,,2.0,0,Premium Economy
Airline 08,good value and helpful cabin crew,yes,6.0,1.0,5.0,4.0,4.0,1.0,4.0,2.0,0,Premium Economy
Airline 34,poor value delay and unhelpful ground service,no,5.0,1.0,1.0,3.0,2.0,,2.0,2.0,0,Economy
Airline 06,efficient ground team and comfortable flight,no,2.0,3.0,1.0,,1.0,,1.0,1.0,0,Economy
Airline 09,good value and helpful cabin crew,no,4.0,2.0,2.0,3.0,,,2.0,1.0,0,Economy
Airline 30,poor value delay and unhelpful ground service,no,7.0,4.0,3.0,1.0,3.0,,,2.0,1,Economy
Airline 40,good value and helpful cabin crew,no,3.0,3.0,2.0,2.0,3.0,2.0,,2.0,1,Economy
Airline 09,disappointing experience uncomfortable and expensive,no,4.0,4.0,2.0,4.0,3.0,3.0,,2.0,0,Economy
Airline 15,disappointing experience uncomfortable and expensive,no,6.0,4.0,5.0,,4.0,3.0,,4.0,0,Economy
Airline 47,smooth journey friendly service worth the fare,no,2.0,2.0,1.0,2.0,2.0,2.0,,1.0,0,Premium Economy
Airline 50,disappointing experience uncomfortable and expensive,no,5.0,3.0,3.0,4.0,3.0,,,4.0,1,Economy
Airline 30,good value and helpful cabin crew,yes,7.0,4.0,5.0,4.0,4.0,,,5.0,1,Economy
Airline 23,disappointing experience uncomfortable and expensive,no,3.0,1.0,3.0,,2.0,,,2.0,1,Business
Airline 18,efficient ground team and comfortable flight,no,4.0,4.0,3.0,3.0,2.0,2.0,,3.0,0,Economy
Airline 31,smooth journey friendly service worth the fare,yes,10.0,3.0,5.0,2.0,5.0,4.0,3.0,4.0,0,Economy
Airline 30,poor value delay and unhelpful ground service,no,3.0,3.0,3.0,2.0,1.0,,2.0,2.0,1,Economy
Airline 15,disappointing experience uncomfortable and expensive,yes,7.0,4.0,4.0,3.0,5.0,3.0,3.0,5.0,1,Economy
Airline 02,efficient ground team and comfortable flight,no,6.0,3.0,4.0,,,,,3.0,1,Economy
Airline 08,disappointing experience uncomfortable and expensive,no,7.0,2.0,3.0,2.0,,2.0,,2.0,0,Economy
Airline 48,poor value delay and unhelpful ground service,no,5.0,3.0,4.0,1.0,4.0,2.0,2.0,3.0,1,Economy
Airline 21,long delay weak communication would not recommend,no,5.0,4.0,2.0,1.0,3.0,3.0,,4.0,1,Economy
Airline 25,good value and helpful cabin crew,yes,8.0,2.0,4.0,3.0,3.0,2.0,,2.0,1,Economy
Airline 24,efficient ground team and comfortable flight,no,5.0,2.0,2.0,2.0,3.0,,,2.0,1,Economy
Airline 40,poor value delay and unhelpful ground service,no,7.0,4.0,4.0,2.0,3.0,3.0,,3.0,1,Business
Airline 04,smooth journey friendly service worth the fare,no,7.0,4.0,4.0,2.0,3.0,4.0,,2.0,0,Economy
Airline 05,good value and helpful cabin crew,yes,6.0,4.0,4.0,,3.0,3.0,,4.0,0,Economy
Airline 14,disappointing experience uncomfortable and expensive,no,4.0,2.0,2.0,,2.0,2.0,,3.0,0,Economy
Airline 25,smooth journey friendly service worth the fare,yes,7.0,4.0,4.0,3.0,3.0,,3.0,3.0,1,Premium Economy
Airline 34,good value and helpful cabin crew,yes,6.0,2.0,3.0,4.0,5.0,,2.0,5.0,1,Economy
Airline 25,long delay weak communication would not recommend,no,4.0,2.0,3.0,,2.0,3.0,1.0,1.0,0,Premium Economy
Airline 23,good value and helpful cabin crew,no,8.0,3.0,5.0,,4.0,3.0,,5.0,0,Economy
Airline 47,good value and helpful cabin crew,yes,10.0,4.0,5.0,5.0,5.0,4.0,4.0,5.0,1,Economy
Airline 09,smooth journey friendly service worth the fare,no,8.0,3.0,4.0,3.0,5.0,,,4.0,1,Economy
Airline 29,poor value delay and unhelpful ground service,no,10.0,5.0,5.0,4.0,3.0,,2.0,4.0,0,Economy
Airline 28,poor value delay and unhelpful ground service,no,2.0,3.0,3.0,2.0,3.0,2.0,,3.0,1,Economy
Airline 24,disappointing experience uncomfortable and expensive,no,2.0,1.0,1.0,3.0,1.0,2.0,,1.0,0,Economy
Airline 41,poor value delay and unhelpful ground service,no,2.0,3.0,1.0,,1.0,,,1.0,0,Economy
Airline 14,smooth journey friendly service worth the fare,yes,7.0,2.0,3.0,3.0,3.0,3.0,3.0,3.0,1,Economy
Airline 48,disappointing experience uncomfortable and expensive,no,6.0,3.0,3.0,2.0,3.0,2.0,,2.0,1,Premium Economy
Airline 17,disappointing experience uncomfortable and expensive,no,4.0,2.0,3.0,1.0,,,3.0,1.0,0,Economy
Airline 28,disappointing experience uncomfortable and expensive,no,4.0,4.0,2.0,3.0,3.0,2.0,4.0,2.0,1,Economy
Airline 27,efficient ground team and comfortable flight,yes,7.0,4.0,3.0,,5.0,,,3.0,0,Premium Economy
Airline 43,good value and helpful cabin crew,no,3.0,3.0,2.0,2.0,2.0,,4.0,1.0,0,Economy
Airline 22,disappointing experience uncomfortable and expensive,no,4.0,3.0,3.0,,,,,3.0,0,Economy
Airline 15,efficient ground team and comfortable flight,yes,8.0,1.0,4.0,5.0,4.0,,5.0,5.0,1,Economy
Airline 02,poor value delay and unhelpful ground service,no,4.0,2.0,3.0,,2.0,4.0,,3.0,1,Economy
Airline 19,poor value delay and unhelpful ground service,no,7.0,5.0,3.0,,4.0,,3.0,2.0,0,Business
Airline 42,disappointing experience uncomfortable and expensive,no,6.0,2.0,2.0,,3.0,,,3.0,1,Economy
Airline 01,smooth journey friendly service worth the fare,yes,7.0,2.0,4.0,2.0,4.0,,3.0,4.0,1,Economy
Airline 45,efficient ground team and comfortable flight,yes,5.0,4.0,4.0,4.0,5.0,3.0,,5.0,0,Premium Economy
Airline 28,smooth journey friendly service worth the fare,yes,7.0,4.0,4.0,,4.0,3.0,3.0,4.0,0,Economy
Airline 08,smooth journey friendly service worth the fare,yes,7.0,3.0,3.0,2.0,3.0,,,4.0,1,Business
Airline 16,long delay weak communication would not recommend,no,4.0,2.0,2.0,3.0,3.0,,,2.0,1,Economy
Airline 28,poor value delay and unhelpful ground service,yes,8.0,3.0,5.0,4.0,5.0,,2.0,4.0,1,Business
Airline 16,disappointing experience uncomfortable and expensive,no,3.0,3.0,3.0,1.0,2.0,2.0,2.0,2.0,1,Premium Economy
Airline 06,good value and helpful cabin crew,no,6.0,3.0,3.0,,3.0,1.0,,2.0,1,Premium Economy
Airline 34,smooth journey friendly service worth the fare,yes,7.0,2.0,3.0,2.0,4.0,4.0,,4.0,0,Economy
Airline 34,long delay weak communication would not recommend,no,7.0,3.0,3.0,4.0,3.0,,,4.0,0,Economy
Airline 06,efficient ground team and comfortable flight,no,7.0,3.0,3.0,3.0,2.0,2.0,2.0,3.0,1,Economy
Airline 15,good value and helpful cabin crew,no,2.0,4.0,3.0,2.0,3.0,,,2.0,0,Economy
Airline 13,long delay weak communication would not recommend,no,2.0,3.0,3.0,3.0,2.0,,2.0,1.0,0,Economy
Airline 33,poor value delay and unhelpful ground service,no,5.0,3.0,4.0,,5.0,2.0,,5.0,1,Economy
Airline 37,long delay weak communication would not recommend,no,7.0,3.0,3.0,3.0,3.0,2.0,,5.0,1,Economy
Airline 37,good value and helpful cabin crew,yes,8.0,5.0,4.0,2.0,4.0,3.0,4.0,5.0,0,Economy
Airline 47,efficient ground team and comfortable flight,no,5.0,3.0,5.0,2.0,3.0,,,3.0,1,Economy
Airline 39,good value and helpful cabin crew,no,2.0,3.0,2.0,,2.0,3.0,,2.0,1,Economy
Airline 17,smooth journey friendly service worth the fare,yes,8.0,5.0,3.0,3.0,4.0,3.0,3.0,5.0,1,Economy
Airline 06,poor value delay and unhelpful ground service,no,6.0,2.0,2.0,2.0,3.0,1.0,,2.0,1,Economy
Airline 31,smooth journey friendly service worth the fare,yes,6.0,5.0,3.0,3.0,3.0,3.0,,2.0,1,Economy
Airline 46,disappointing experience uncomfortable and expensive,yes,5.0,4.0,3.0,3.0,3.0,,,2.0,0,Economy
Airline 49,poor value delay and unhelpful ground service,yes,9.0,4.0,4.0,5.0,,3.0,,5.0,0,Economy
Airline 12,efficient ground team and comfortable flight,no,1.0,2.0,4.0,3.0,2.0,2.0,,1.0,0,Economy
Airline 12,efficient ground team and comfortable flight,yes,4.0,3.0,3.0,2.0,3.0,1.0,,2.0,1,Economy
Airline 02,poor value delay and unhelpful ground service,no,6.0,3.0,4.0,4.0,,,,4.0,1,Economy
Airline 08,long delay weak communication would not recommend,no,5.0,2.0,2.0,3.0,2.0,3.0,1.0,2.0,1,Economy
Airline 28,efficient ground team and comfortable flight,yes,8.0,4.0,3.0,3.0,2.0,2.0,,4.0,1,Economy
Airline 28,good value and helpful cabin crew,yes,7.0,3.0,5.0,,4.0,3.0,3.0,4.0,1,Economy
Airline 19,poor value delay and unhelpful ground service,no,6.0,2.0,3.0,3.0,3.0,3.0,,4.0,1,Premium Economy
Airline 16,poor value delay and unhelpful ground service,no,8.0,3.0,3.0,,3.0,3.0,,2.0,0,Business
Airline 42,good value and helpful cabin crew,no,1.0,1.0,1.0,,1.0,3.0,,1.0,1,Economy
Airline 24,efficient ground team and comfortable flight,no,3.0,4.0,4.0,3.0,3.0,2.0,,3.0,1,Economy
Airline 41,disappointing experience uncomfortable and expensive,no,4.0,3.0,2.0,3.0,4.0,4.0,,2.0,0,Economy
Airline 49,long delay weak communication would not recommend,no,4.0,4.0,2.0,,2.0,1.0,3.0,2.0,0,Economy
Airline 16,disappointing experience uncomfortable and expensive,yes,7.0,3.0,4.0,3.0,3.0,2.0,,4.0,1,Economy
Airline 11,smooth journey friendly service worth the fare,no,2.0,2.0,3.0,4.0,3.0,,2.0,3.0,1,Economy
Airline 48,smooth journey friendly service worth the fare,no,5.0,2.0,3.0,,4.0,2.0,2.0,2.0,1,Economy
Airline 32,smooth journey friendly service worth the fare,no,4.0,3.0,2.0,5.0,2.0,1.0,,3.0,0,Economy
Airline 15,long delay weak communication would not recommend,no,2.0,2.0,1.0,1.0,2.0,,,1.0,1,Economy
Airline 32,good value and helpful cabin crew,no,4.0,3.0,2.0,2.0,,,1.0,3.0,0,Economy
Airline 26,poor value delay and unhelpful ground service,no,8.0,4.0,3.0,4.0,2.0,2.0,,4.0,0,Economy
Airline 46,disappointing experience uncomfortable and expensive,no,1.0,4.0,2.0,3.0,1.0,2.0,,1.0,0,Economy
Airline 13,disappointing experience uncomfortable and expensive,no,4.0,3.0,3.0,4.0,3.0,,,1.0,0,Economy
Airline 50,smooth journey friendly service worth the fare,no,5.0,2.0,1.0,,2.0,2.0,,2.0,0,Business
Airline 47,smooth journey friendly service worth the fare,yes,10.0,3.0,4.0,,4.0,4.0,,4.0,0,Economy
Airline 10,good value and helpful cabin crew,yes,6.0,4.0,4.0,2.0,3.0,2.0,3.0,3.0,0,Economy
Airline 09,smooth journey friendly service worth the fare,no,3.0,2.0,2.0,,2.0,1.0,,3.0,0,Business
Airline 27,disappointing experience uncomfortable and expensive,no,9.0,4.0,5.0,5.0,4.0,2.0,2.0,3.0,0,Business
Airline 03,disappointing experience uncomfortable and expensive,no,5.0,3.0,3.0,1.0,2.0,,,3.0,0,Economy
Airline 15,smooth journey friendly service worth the fare,yes,8.0,4.0,4.0,2.0,4.0,4.0,,4.0,0,Economy
Airline 22,poor value delay and unhelpful ground service,no,5.0,1.0,1.0,,3.0,3.0,1.0,1.0,1,Premium Economy
Airline 49,good value and helpful cabin crew,yes,10.0,4.0,2.0,2.0,3.0,4.0,3.0,3.0,0,Economy
Airline 50,disappointing experience uncomfortable and expensive,no,6.0,3.0,4.0,1.0,1.0,3.0,2.0,3.0,0,Economy
Airline 08,long delay weak communication would not recommend,no,2.0,2.0,4.0,3.0,3.0,2.0,,2.0,1,Business
Airline 45,disappointing experience uncomfortable and expensive,no,6.0,3.0,4.0,2.0,3.0,2.0,,2.0,1,Business
Airline 05,poor value delay and unhelpful ground service,no,6.0,4.0,3.0,3.0,3.0,,1.0,3.0,0,Business
Airline 38,long delay weak communication would not recommend,no,4.0,2.0,2.0,4.0,2.0,4.0,,1.0,1,Economy
Airline 43,long delay weak communication would not recommend,no,6.0,4.0,4.0,2.0,,2.0,,2.0,1,Economy
Airline 45,disappointing experience uncomfortable and expensive,no,5.0,4.0,3.0,1.0,2.0,1.0,,2.0,0,Economy
Airline 12,long delay weak communication would not recommend,no,8.0,4.0,4.0,5.0,4.0,2.0,,4.0,0,Premium Economy
Airline 45,efficient ground team and comfortable flight,no,8.0,3.0,4.0,3.0,3.0,4.0,,3.0,0,Premium Economy
Airline 06,efficient ground team and comfortable flight,yes,6.0,3.0,3.0,3.0,,3.0,,4.0,0,Economy
Airline 26,disappointing experience uncomfortable and expensive,no,5.0,2.0,4.0,2.0,1.0,,,2.0,0,Business
Airline 24,poor value delay and unhelpful ground service,no,6.0,3.0,4.0,3.0,,2.0,,4.0,1,Economy
Airline 16,poor value delay and unhelpful ground service,no,7.0,2.0,3.0,2.0,3.0,4.0,3.0,4.0,1,Business
Airline 02,good value and helpful cabin crew,yes,8.0,4.0,4.0,4.0,5.0,3.0,3.0,5.0,1,Economy
Airline 39,disappointing experience uncomfortable and expensive,no,8.0,4.0,2.0,4.0,,2.0,,4.0,1,Economy
Airline 17,good value and helpful cabin crew,yes,8.0,4.0,4.0,,4.0,,3.0,4.0,1,Economy
Airline 34,poor value delay and unhelpful ground service,yes,10.0,4.0,5.0,5.0,5.0,,3.0,5.0,0,Economy
Airline 21,smooth journey friendly service worth the fare,yes,7.0,3.0,4.0,4.0,4.0,,,4.0,1,Premium Economy
Airline 19,smooth journey friendly service worth the fare,no,8.0,4.0,3.0,2.0,3.0,3.0,2.0,3.0,0,Economy
Airline 45,disappointing experience uncomfortable and expensive,no,6.0,4.0,4.0,3.0,3.0,2.0,1.0,4.0,1,Economy
Airline 05,disappointing experience uncomfortable and expensive,no,5.0,2.0,3.0,2.0,2.0,3.0,,2.0,1,Economy
Airline 37,long delay weak communication would not recommend,no,6.0,5.0,3.0,3.0,2.0,,3.0,2.0,1,Business
Airline 38,poor value delay and unhelpful ground service,yes,6.0,5.0,3.0,3.0,4.0,,,2.0,1,Economy
Airline 19,disappointing experience uncomfortable and expensive,no,7.0,3.0,5.0,3.0,4.0,4.0,,3.0,1,Economy
Airline 14,disappointing experience uncomfortable and expensive,no,5.0,3.0,4.0,4.0,2.0,,,2.0,0,Economy
Airline 01,long delay weak communication would not recommend,no,5.0,4.0,3.0,1.0,3.0,,,3.0,1,Economy
Airline 47,smooth journey friendly service worth the fare,yes,7.0,3.0,4.0,3.0,4.0,,,5.0,0,Business
Airline 48,poor value delay and unhelpful ground service,yes,8.0,4.0,5.0,3.0,4.0,,2.0,4.0,0,Economy
Airline 13,poor value delay and unhelpful ground service,no,5.0,3.0,3.0,,3.0,2.0,2.0,2.0,1,Economy
Airline 02,poor value delay and unhelpful ground service,no,5.0,3.0,2.0,,2.0,,2.0,2.0,0,Business
Airline 07,smooth journey friendly service worth the fare,no,8.0,3.0,5.0,3.0,3.0,,2.0,5.0,1,Business
Airline 04,poor value delay and unhelpful ground service,no,6.0,3.0,5.0,2.0,2.0,,4.0,2.0,1,Business
Airline 42,long delay weak communication would not recommend,no,3.0,1.0,3.0,2.0,1.0,3.0,,2.0,0,Business
Airline 45,long delay weak communication would not recommend,no,5.0,4.0,4.0,,3.0,4.0,3.0,1.0,1,Economy
Airline 08,long delay weak communication would not recommend,no,7.0,4.0,5.0,1.0,3.0,2.0,3.0,2.0,1,Business
Airline 38,poor value delay and unhelpful ground service,yes,6.0,4.0,5.0,,5.0,4.0,4.0,3.0,0,Premium Economy
Airline 09,efficient ground team and comfortable flight,yes,6.0,4.0,4.0,4.0,4.0,4.0,3.0,5.0,0,Business
Airline 19,good value and helpful cabin crew,yes,6.0,1.0,3.0,,4.0,,1.0,4.0,1,Business
Airline 30,disappointing experience uncomfortable and expensive,no,7.0,3.0,2.0,2.0,4.0,2.0,,4.0,1,Economy
Airline 36,efficient ground team and comfortable flight,yes,6.0,3.0,3.0,4.0,4.0,,,3.0,0,Economy
Airline 44,smooth journey friendly service worth the fare,no,6.0,2.0,3.0,1.0,1.0,,2.0,1.0,1,Business
Airline 03,efficient ground team and comfortable flight,yes,6.0,1.0,3.0,,3.0,2.0,,3.0,1,Economy
Airline 10,disappointing experience uncomfortable and expensive,yes,5.0,2.0,2.0,2.0,4.0,,,3.0,0,Business
Airline 15,long delay weak communication would not recommend,no,9.0,3.0,3.0,,3.0,,2.0,2.0,0,Economy
Airline 16,poor value delay and unhelpful ground service,no,1.0,2.0,2.0,,2.0,,,1.0,0,Economy
Airline 50,long delay weak communication would not recommend,no,6.0,4.0,2.0,,2.0,2.0,2.0,2.0,0,Business
Airline 39,disappointing experience uncomfortable and expensive,yes,5.0,5.0,3.0,3.0,5.0,3.0,2.0,4.0,1,Economy
Airline 17,long delay weak communication would not recommend,no,6.0,3.0,3.0,3.0,2.0,4.0,1.0,1.0,1,Economy
Airline 49,good value and helpful cabin crew,yes,6.0,3.0,4.0,3.0,1.0,2.0,1.0,3.0,0,Business
Airline 25,long delay weak communication would not recommend,no,5.0,5.0,5.0,3.0,3.0,,1.0,3.0,0,Economy
Airline 26,poor value delay and unhelpful ground service,no,5.0,1.0,2.0,1.0,1.0,3.0,,2.0,0,Economy
Airline 22,disappointing experience uncomfortable and expensive,no,1.0,1.0,2.0,4.0,1.0,1.0,,1.0,0,Economy
Airline 08,poor value delay and unhelpful ground service,no,4.0,2.0,3.0,4.0,5.0,,,2.0,0,Economy
Airline 47,smooth journey friendly service worth the fare,yes,6.0,4.0,4.0,5.0,3.0,,3.0,4.0,1,Economy
Airline 01,poor value delay and unhelpful ground service,yes,8.0,4.0,5.0,,3.0,,4.0,5.0,0,Business
Airline 09,efficient ground team and comfortable flight,yes,7.0,2.0,5.0,,4.0,3.0,,3.0,0,Premium Economy
Airline 12,poor value delay and unhelpful ground service,no,1.0,1.0,1.0,2.0,1.0,4.0,4.0,1.0,0,Business
Airline 14,good value and helpful cabin crew,yes,6.0,2.0,3.0,,3.0,2.0,,3.0,1,Business
Airline 07,smooth journey friendly service worth the fare,yes,6.0,2.0,4.0,3.0,3.0,2.0,3.0,3.0,1,Economy
Airline 01,poor value delay and unhelpful ground service,no,6.0,5.0,3.0,2.0,3.0,4.0,4.0,3.0,1,Business
Airline 34,long delay weak communication would not recommend,no,8.0,3.0,2.0,3.0,3.0,2.0,,3.0,1,Economy
Airline 49,disappointing experience uncomfortable and expensive,no,6.0,4.0,2.0,2.0,4.0,2.0,2.0,2.0,1,Business
Airline 07,poor value delay and unhelpful ground service,no,4.0,2.0,3.0,1.0,3.0,,,4.0,1,Economy
Airline 15,efficient ground team and comfortable flight,yes,8.0,4.0,5.0,,3.0,,,4.0,1,Economy
Airline 26,long delay weak communication would not recommend,no,7.0,4.0,4.0,3.0,4.0,,3.0,4.0,0,Economy
Airline 47,smooth journey friendly service worth the fare,no,2.0,3.0,2.0,2.0,2.0,,,2.0,0,Business
Airline 35,long delay weak communication would not recommend,no,5.0,3.0,1.0,1.0,2.0,,,2.0,0,Business
Airline 39,poor value delay and unhelpful ground service,no,1.0,2.0,2.0,,1.0,,1.0,1.0,1,Economy
Airline 30,disappointing experience uncomfortable and expensive,no,5.0,3.0,3.0,,4.0,1.0,3.0,2.0,1,Premium Economy
Airline 21,good value and helpful cabin crew,yes,5.0,2.0,3.0,1.0,2.0,,1.0,2.0,0,Economy
Airline 10,good value and helpful cabin crew,yes,4.0,3.0,3.0,1.0,1.0,,,2.0,1,Economy
Airline 44,long delay weak communication would not recommend,no,5.0,3.0,3.0,3.0,2.0,2.0,,3.0,1,Economy
Airline 41,smooth journey friendly service worth the fare,no,4.0,2.0,4.0,3.0,4.0,,,3.0,0,Premium Economy
Airline 02,smooth journey friendly service worth the fare,no,2.0,2.0,2.0,1.0,,2.0,3.0,1.0,1,Economy
Airline 36,good value and helpful cabin crew,yes,5.0,4.0,2.0,3.0,3.0,5.0,3.0,5.0,1,Premium Economy
Airline 05,good value and helpful cabin crew,yes,4.0,2.0,1.0,2.0,3.0,,,2.0,1,Business
Airline 37,poor value delay and unhelpful ground service,no,8.0,3.0,5.0,,3.0,,,2.0,1,Premium Economy
Airline 42,disappointing experience uncomfortable and expensive,no,3.0,1.0,3.0,3.0,2.0,,,1.0,1,Economy
Airline 07,smooth journey friendly service worth the fare,no,6.0,1.0,2.0,,2.0,2.0,,4.0,0,Business
Airline 22,efficient ground team and comfortable flight,no,5.0,3.0,2.0,2.0,3.0,3.0,4.0,4.0,0,Premium Economy
Airline 07,disappointing experience uncomfortable and expensive,no,6.0,4.0,4.0,3.0,3.0,3.0,,3.0,1,Economy
Airline 29,poor value delay and unhelpful ground service,no,4.0,3.0,2.0,1.0,3.0,2.0,,4.0,0,Business
Airline 47,disappointing experience uncomfortable and expensive,no,5.0,4.0,3.0,4.0,3.0,3.0,,3.0,1,Economy
Airline 05,long delay weak communication would not recommend,no,2.0,2.0,2.0,,2.0,3.0,1.0,1.0,0,Economy
Airline 20,long delay weak communication would not recommend,no,1.0,2.0,2.0,2.0,2.0,,,1.0,1,Economy
Airline 49,long delay weak communication would not recommend,no,2.0,2.0,4.0,3.0,2.0,3.0,2.0,2.0,0,Economy
Airline 16,good value and helpful cabin crew,yes,3.0,4.0,5.0,,4.0,,,4.0,1,Economy
Airline 07,efficient ground team and comfortable flight,no,6.0,2.0,2.0,,3.0,2.0,,3.0,1,Economy
Airline 25,long delay weak communication would not recommend,no,7.0,3.0,3.0,,3.0,2.0,1.0,3.0,0,Economy
Airline 26,good value and helpful cabin crew,no,3.0,2.0,3.0,3.0,2.0,3.0,,3.0,1,Economy
Airline 34,efficient ground team and comfortable flight,yes,3.0,2.0,4.0,2.0,3.0,3.0,,3.0,1,Economy
Airline 16,poor value delay and unhelpful ground service,no,5.0,3.0,3.0,3.0,3.0,2.0,,3.0,0,Economy
Airline 48,disappointing experience uncomfortable and expensive,no,7.0,3.0,4.0,,,,,4.0,0,Economy
Airline 27,long delay weak communication would not recommend,no,6.0,4.0,3.0,5.0,3.0,,,4.0,1,Economy
Airline 15,smooth journey friendly service worth the fare,yes,10.0,4.0,5.0,4.0,5.0,5.0,3.0,5.0,0,Business
Airline 49,long delay weak communication would not recommend,no,7.0,3.0,2.0,3.0,2.0,1.0,,2.0,1,Economy
Airline 47,long delay weak communication would not recommend,no,6.0,3.0,3.0,,4.0,,2.0,4.0,0,Economy
Airline 25,long delay weak communication would not recommend,no,6.0,5.0,3.0,4.0,4.0,,4.0,4.0,1,Economy
Airline 02,good value and helpful cabin crew,yes,6.0,3.0,4.0,2.0,3.0,2.0,3.0,3.0,1,Premium Economy
Airline 30,disappointing experience uncomfortable and expensive,no,3.0,2.0,4.0,5.0,4.0,2.0,1.0,2.0,0,Economy
Airline 28,long delay weak communication would not recommend,no,3.0,3.0,2.0,1.0,2.0,1.0,,2.0,1,Economy
Airline 08,poor value delay and unhelpful ground service,no,5.0,2.0,1.0,5.0,3.0,,1.0,2.0,0,Economy
Airline 32,poor value delay and unhelpful ground service,no,2.0,3.0,2.0,3.0,3.0,,1.0,2.0,0,Business
Airline 43,smooth journey friendly service worth the fare,no,1.0,4.0,2.0,1.0,2.0,2.0,1.0,3.0,0,Economy
Airline 06,smooth journey friendly service worth the fare,no,5.0,2.0,3.0,,3.0,,,1.0,0,Economy
Airline 37,smooth journey friendly service worth the fare,no,1.0,4.0,2.0,1.0,3.0,2.0,,3.0,0,Economy
Airline 08,efficient ground team and comfortable flight,yes,6.0,3.0,5.0,,5.0,,2.0,3.0,1,Business
Airline 38,smooth journey friendly service worth the fare,yes,6.0,5.0,4.0,2.0,3.0,,,4.0,1,Economy
Airline 21,long delay weak communication would not recommend,no,5.0,3.0,2.0,2.0,2.0,3.0,1.0,4.0,0,Economy
Airline 01,long delay weak communication would not recommend,no,7.0,3.0,2.0,3.0,3.0,3.0,,2.0,0,Economy
Airline 49,long delay weak communication would not recommend,no,2.0,2.0,1.0,3.0,1.0,3.0,3.0,1.0,0,Economy
Airline 09,disappointing experience uncomfortable and expensive,no,1.0,2.0,3.0,5.0,1.0,,2.0,2.0,1,Economy
Airline 30,efficient ground team and comfortable flight,no,5.0,3.0,4.0,2.0,4.0,3.0,,3.0,1,Business
Airline 10,smooth journey friendly service worth the fare,yes,10.0,4.0,3.0,,3.0,4.0,2.0,5.0,0,Premium Economy
Airline 47,long delay weak communication would not recommend,no,4.0,2.0,3.0,3.0,2.0,,3.0,2.0,0,Business
Airline 37,efficient ground team and comfortable flight,yes,5.0,4.0,4.0,3.0,3.0,2.0,4.0,5.0,0,Economy
Airline 41,poor value delay and unhelpful ground service,no,5.0,1.0,1.0,4.0,2.0,3.0,,1.0,0,Economy
Airline 22,long delay weak communication would not recommend,no,1.0,2.0,2.0,2.0,1.0,,,1.0,0,Economy
Airline 24,efficient ground team and comfortable flight,yes,8.0,5.0,4.0,2.0,3.0,3.0,,4.0,1,Premium Economy
Airline 32,disappointing experience uncomfortable and expensive,no,8.0,5.0,4.0,3.0,,5.0,,4.0,0,Economy
Airline 40,poor value delay and unhelpful ground service,yes,9.0,3.0,3.0,4.0,3.0,,,5.0,0,Economy
Airline 43,efficient ground team and comfortable flight,no,4.0,5.0,2.0,,,,,2.0,0,Economy
Airline 01,good value and helpful cabin crew,no,1.0,1.0,1.0,3.0,1.0,2.0,,1.0,0,Economy
Airline 34,poor value delay and unhelpful ground service,no,3.0,2.0,2.0,2.0,2.0,,,1.0,0,Economy
Airline 06,poor value delay and unhelpful ground service,no,5.0,2.0,3.0,4.0,2.0,,2.0,3.0,0,Economy
Airline 15,good value and helpful cabin crew,no,5.0,2.0,3.0,,2.0,5.0,3.0,2.0,1,Premium Economy
Airline 42,long delay weak communication would not recommend,no,4.0,4.0,3.0,1.0,2.0,3.0,,3.0,1,Economy
Airline 13,disappointing experience uncomfortable and expensive,no,6.0,3.0,4.0,,,3.0,,2.0,1,Economy
Airline 40,disappointing experience uncomfortable and expensive,no,4.0,2.0,4.0,2.0,4.0,1.0,,3.0,0,Business
Airline 24,good value and helpful cabin crew,no,7.0,4.0,4.0,3.0,3.0,3.0,3.0,4.0,1,Economy
Airline 12,long delay weak communication would not recommend,no,5.0,3.0,4.0,2.0,3.0,,,4.0,1,Premium Economy
Airline 17,long delay weak communication would not recommend,yes,9.0,4.0,4.0,2.0,5.0,4.0,3.0,5.0,0,Economy
Airline 27,efficient ground team and comfortable flight,yes,6.0,3.0,3.0,3.0,5.0,,,2.0,1,Economy
Airline 39,poor value delay and unhelpful ground service,no,6.0,2.0,3.0,3.0,2.0,4.0,1.0,3.0,1,Economy
Airline 31,smooth journey friendly service worth the fare,yes,9.0,3.0,3.0,2.0,3.0,3.0,,4.0,1,Economy
Airline 47,disappointing experience uncomfortable and expensive,no,2.0,3.0,3.0,3.0,2.0,1.0,,2.0,0,Economy
Airline 44,disappointing experience uncomfortable and expensive,yes,10.0,5.0,5.0,5.0,5.0,4.0,,5.0,1,Economy
Airline 38,poor value delay and unhelpful ground service,no,6.0,4.0,3.0,,3.0,3.0,,5.0,1,Economy
Airline 31,efficient ground team and comfortable flight,yes,7.0,3.0,4.0,4.0,4.0,3.0,,3.0,1,Economy
Airline 15,good value and helpful cabin crew,yes,8.0,4.0,3.0,2.0,5.0,,,4.0,1,Economy
Airline 21,good value and helpful cabin crew,no,8.0,4.0,3.0,4.0,4.0,,3.0,4.0,0,Economy
Airline 06,poor value delay and unhelpful ground service,yes,7.0,3.0,3.0,3.0,5.0,,,3.0,0,Economy
Airline 19,efficient ground team and comfortable flight,no,4.0,2.0,1.0,1.0,1.0,2.0,2.0,1.0,0,Economy
Airline 47,long delay weak communication would not recommend,no,9.0,3.0,5.0,5.0,5.0,,,4.0,0,Economy
Airline 22,disappointing experience uncomfortable and expensive,no,5.0,3.0,2.0,,4.0,1.0,,2.0,1,Economy
Airline 06,poor value delay and unhelpful ground service,no,4.0,4.0,4.0,2.0,3.0,,,2.0,0,Economy
Airline 33,poor value delay and unhelpful ground service,no,3.0,3.0,3.0,2.0,2.0,1.0,,2.0,1,Economy
Airline 49,smooth journey friendly service worth the fare,no,5.0,2.0,3.0,2.0,4.0,,2.0,3.0,0,Economy
Airline 44,long delay weak communication would not recommend,no,4.0,2.0,2.0,1.0,,3.0,1.0,2.0,1,Economy
Airline 14,long delay weak communication would not recommend,no,5.0,2.0,4.0,2.0,4.0,3.0,,3.0,1,Economy
Airline 23,long delay weak communication would not recommend,yes,5.0,2.0,4.0,,3.0,3.0,1.0,3.0,0,Economy
Airline 27,good value and helpful cabin crew,yes,9.0,4.0,3.0,3.0,5.0,5.0,,5.0,0,Economy
Airline 13,efficient ground team and comfortable flight,yes,9.0,5.0,5.0,5.0,,2.0,4.0,5.0,0,Economy
Airline 14,long delay weak communication would not recommend,no,5.0,4.0,1.0,2.0,2.0,3.0,,2.0,0,Economy
Airline 12,smooth journey friendly service worth the fare,no,5.0,3.0,3.0,2.0,2.0,,2.0,2.0,0,Business
Airline 50,long delay weak communication would not recommend,no,5.0,3.0,4.0,1.0,3.0,,,2.0,0,Business
Airline 38,good value and helpful cabin crew,yes,7.0,4.0,5.0,2.0,,2.0,,5.0,1,Economy
Airline 43,disappointing experience uncomfortable and expensive,no,4.0,3.0,3.0,4.0,2.0,4.0,2.0,3.0,1,Business
Airline 41,disappointing experience uncomfortable and expensive,no,5.0,4.0,2.0,3.0,2.0,,,2.0,0,Economy
Airline 48,smooth journey friendly service worth the fare,yes,9.0,3.0,4.0,4.0,5.0,3.0,,4.0,0,Premium Economy
Airline 06,long delay weak communication would not recommend,no,5.0,3.0,3.0,4.0,2.0,,2.0,2.0,1,Premium Economy
Airline 45,poor value delay and unhelpful ground service,no,4.0,2.0,3.0,2.0,2.0,3.0,4.0,2.0,1,Economy
Airline 04,good value and helpful cabin crew,no,3.0,1.0,1.0,3.0,2.0,,2.0,2.0,1,Economy
Airline 24,disappointing experience uncomfortable and expensive,no,9.0,2.0,3.0,3.0,5.0,,3.0,4.0,0,Premium Economy
Airline 30,efficient ground team and comfortable flight,yes,10.0,3.0,5.0,3.0,5.0,4.0,,5.0,1,Premium Economy
Airline 18,efficient ground team and comfortable flight,no,4.0,4.0,4.0,,,3.0,2.0,5.0,0,Economy
Airline 08,long delay weak communication would not recommend,no,9.0,4.0,4.0,4.0,5.0,4.0,,5.0,0,Economy
Airline 10,smooth journey friendly service worth the fare,yes,5.0,2.0,2.0,,3.0,,,3.0,0,Economy
Airline 42,smooth journey friendly service worth the fare,yes,5.0,3.0,3.0,4.0,4.0,3.0,2.0,3.0,0,Premium Economy
Airline 16,disappointing experience uncomfortable and expensive,no,7.0,4.0,2.0,2.0,2.0,3.0,,2.0,0,Premium Economy
Airline 16,poor value delay and unhelpful ground service,no,2.0,2.0,2.0,3.0,,2.0,2.0,3.0,1,Economy
Airline 47,poor value delay and unhelpful ground service,yes,7.0,2.0,4.0,,3.0,,,5.0,1,Economy
Airline 08,disappointing experience uncomfortable and expensive,no,7.0,2.0,3.0,,3.0,,,3.0,0,Economy
Airline 46,smooth journey friendly service worth the fare,no,3.0,2.0,1.0,3.0,3.0,4.0,,2.0,0,Economy
Airline 47,long delay weak communication would not recommend,no,3.0,3.0,3.0,1.0,3.0,2.0,2.0,2.0,0,Economy
Airline 30,long delay weak communication would not recommend,no,1.0,3.0,2.0,,2.0,1.0,,3.0,1,Economy
Airline 09,long delay weak communication would not recommend,no,6.0,4.0,2.0,1.0,2.0,1.0,,3.0,0,Economy
Airline 08,good value and helpful cabin crew,yes,10.0,4.0,5.0,3.0,4.0,4.0,3.0,5.0,0,Premium Economy
Airline 15,efficient ground team and comfortable flight,no,6.0,3.0,4.0,3.0,4.0,5.0,,4.0,0,Economy
Airline 29,efficient ground team and comfortable flight,no,3.0,3.0,2.0,4.0,1.0,2.0,3.0,1.0,1,Economy
Airline 08,efficient ground team and comfortable flight,yes,8.0,1.0,4.0,3.0,3.0,2.0,3.0,4.0,0,Economy
Airline 23,efficient ground team and comfortable flight,yes,8.0,4.0,4.0,,4.0,3.0,3.0,3.0,1,Economy
Airline 06,good value and helpful cabin crew,no,3.0,2.0,2.0,1.0,3.0,,,2.0,0,Economy
Airline 28,poor value delay and unhelpful ground service,no,9.0,5.0,2.0,2.0,3.0,,2.0,2.0,1,Economy
Airline 02,long delay weak communication would not recommend,yes,9.0,2.0,5.0,,4.0,5.0,3.0,4.0,1,Economy
Airline 36,long delay weak communication would not recommend,no,5.0,3.0,4.0,2.0,3.0,,,4.0,1,Premium Economy
Airline 03,long delay weak communication would not recommend,no,5.0,1.0,2.0,2.0,1.0,,2.0,1.0,1,Premium Economy
Airline 10,poor value delay and unhelpful ground service,no,4.0,2.0,4.0,4.0,3.0,3.0,2.0,3.0,1,Economy
Airline 09,long delay weak communication would not recommend,no,1.0,2.0,2.0,,1.0,2.0,,1.0,1,Economy
Airline 42,efficient ground team and comfortable flight,no,5.0,4.0,3.0,,3.0,2.0,1.0,2.0,0,Economy
Airline 03,long delay weak communication would not recommend,yes,8.0,5.0,5.0,,4.0,,,5.0,1,Economy
Airline 22,good value and helpful cabin crew,yes,6.0,3.0,5.0,3.0,2.0,3.0,,4.0,0,Economy
Airline 30,disappointing experience uncomfortable and expensive,no,4.0,3.0,3.0,3.0,3.0,2.0,,2.0,1,Premium Economy
Airline 26,disappointing experience uncomfortable and expensive,yes,9.0,3.0,3.0,,5.0,4.0,,4.0,1,Economy
Airline 35,smooth journey friendly service worth the fare,yes,7.0,4.0,3.0,3.0,5.0,1.0,,4.0,0,Economy
Airline 41,disappointing experience uncomfortable and expensive,no,8.0,5.0,2.0,1.0,5.0,3.0,3.0,5.0,0,Economy
Airline 20,good value and helpful cabin crew,yes,9.0,3.0,5.0,3.0,4.0,,3.0,4.0,1,Economy
Airline 42,efficient ground team and comfortable flight,yes,9.0,5.0,4.0,3.0,5.0,,3.0,5.0,0,Economy
Airline 16,efficient ground team and comfortable flight,yes,7.0,2.0,4.0,3.0,5.0,3.0,,3.0,0,Economy
Airline 50,poor value delay and unhelpful ground service,no,7.0,4.0,4.0,2.0,2.0,2.0,4.0,3.0,1,Economy
Airline 26,disappointing experience uncomfortable and expensive,no,8.0,4.0,2.0,2.0,,3.0,,3.0,1,Economy
Airline 37,long delay weak communication would not recommend,no,3.0,4.0,2.0,5.0,2.0,3.0,2.0,2.0,0,Business
Airline 44,long delay weak communication would not recommend,no,2.0,1.0,4.0,3.0,1.0,4.0,,2.0,1,Economy
Airline 40,long delay weak communication would not recommend,no,3.0,2.0,2.0,,2.0,3.0,,2.0,1,Economy
Airline 43,long delay weak communication would not recommend,no,5.0,3.0,2.0,,3.0,,,1.0,0,Business
Airline 27,poor value delay and unhelpful ground service,no,7.0,4.0,3.0,2.0,2.0,3.0,1.0,3.0,1,Premium Economy
Airline 03,disappointing experience uncomfortable and expensive,no,8.0,4.0,4.0,4.0,4.0,,2.0,3.0,1,Economy
Airline 25,poor value delay and unhelpful ground service,no,4.0,4.0,4.0,2.0,3.0,1.0,,3.0,1,Economy
Airline 10,efficient ground team and comfortable flight,yes,6.0,2.0,5.0,4.0,4.0,3.0,,4.0,1,Premium Economy
Airline 45,good value and helpful cabin crew,yes,7.0,3.0,4.0,2.0,4.0,4.0,2.0,5.0,1,Economy
Airline 12,long delay weak communication would not recommend,no,4.0,1.0,4.0,3.0,3.0,2.0,3.0,3.0,0,Economy
Airline 12,disappointing experience uncomfortable and expensive,yes,4.0,4.0,5.0,5.0,4.0,4.0,,3.0,0,Business
Airline 13,long delay weak communication would not recommend,no,4.0,3.0,3.0,,4.0,2.0,3.0,1.0,0,Economy
Airline 33,poor value delay and unhelpful ground service,yes,7.0,5.0,5.0,1.0,5.0,3.0,3.0,4.0,0,Economy
Airline 29,good value and helpful cabin crew,no,7.0,4.0,4.0,3.0,4.0,4.0,,3.0,0,Premium Economy
Airline 48,disappointing experience uncomfortable and expensive,no,5.0,3.0,3.0,3.0,3.0,3.0,,3.0,0,Business
Airline 21,disappointing experience uncomfortable and expensive,no,4.0,3.0,3.0,4.0,4.0,,,3.0,1,Business
Airline 15,good value and helpful cabin crew,yes,10.0,4.0,5.0,5.0,5.0,3.0,2.0,5.0,1,Economy
Airline 03,efficient ground team and comfortable flight,yes,7.0,3.0,3.0,,4.0,4.0,2.0,3.0,1,Economy
Airline 01,disappointing experience uncomfortable and expensive,no,8.0,4.0,4.0,,3.0,,,3.0,1,Economy
Airline 19,poor value delay and unhelpful ground service,no,7.0,2.0,5.0,2.0,3.0,4.0,2.0,4.0,1,Economy
Airline 47,long delay weak communication would not recommend,no,5.0,3.0,3.0,1.0,,2.0,,3.0,1,Business
Airline 27,poor value delay and unhelpful ground service,no,7.0,3.0,4.0,3.0,3.0,2.0,,4.0,1,Economy
Airline 45,long delay weak communication would not recommend,no,4.0,4.0,1.0,3.0,,,1.0,1.0,1,Economy
Airline 06,smooth journey friendly service worth the fare,no,4.0,3.0,3.0,1.0,2.0,4.0,2.0,3.0,1,Economy
Airline 05,long delay weak communication would not recommend,no,6.0,3.0,3.0,2.0,,2.0,,4.0,1,Premium Economy
Airline 42,poor value delay and unhelpful ground service,no,8.0,3.0,4.0,,2.0,,3.0,3.0,1,Economy
Airline 06,good value and helpful cabin crew,no,8.0,3.0,4.0,2.0,1.0,,2.0,1.0,1,Economy
Airline 03,smooth journey friendly service worth the fare,no,6.0,3.0,3.0,3.0,3.0,,,4.0,0,Economy
Airline 21,good value and helpful cabin crew,no,5.0,2.0,4.0,2.0,,3.0,,3.0,0,Business
Airline 47,smooth journey friendly service worth the fare,no,6.0,3.0,4.0,3.0,,1.0,2.0,3.0,0,Business
Airline 35,poor value delay and unhelpful ground service,no,5.0,3.0,4.0,2.0,3.0,4.0,1.0,3.0,1,Economy
Airline 05,long delay weak communication would not recommend,no,3.0,2.0,3.0,1.0,2.0,2.0,1.0,2.0,1,Premium Economy
Airline 42,disappointing experience uncomfortable and expensive,yes,6.0,4.0,3.0,4.0,3.0,,2.0,3.0,1,Economy
Airline 43,poor value delay and unhelpful ground service,no,5.0,2.0,3.0,2.0,2.0,2.0,,3.0,1,Economy
Airline 41,long delay weak communication would not recommend,no,2.0,2.0,1.0,2.0,1.0,2.0,2.0,2.0,0,Economy
Airline 46,disappointing experience uncomfortable and expensive,no,4.0,3.0,2.0,2.0,2.0,,1.0,2.0,0,Business
Airline 12,long delay weak communication would not recommend,no,9.0,4.0,4.0,4.0,5.0,,3.0,5.0,1,Economy
Airline 49,poor value delay and unhelpful ground service,no,5.0,5.0,2.0,3.0,5.0,,3.0,3.0,0,Premium Economy
Airline 17,poor value delay and unhelpful ground service,no,3.0,2.0,3.0,3.0,2.0,2.0,,1.0,0,Economy
Airline 41,disappointing experience uncomfortable and expensive,no,3.0,1.0,3.0,1.0,2.0,1.0,,1.0,1,Premium Economy
Airline 29,long delay weak communication would not recommend,no,4.0,2.0,3.0,3.0,3.0,,2.0,2.0,1,Economy
Airline 39,good value and helpful cabin crew,yes,9.0,3.0,2.0,4.0,5.0,,2.0,5.0,1,Economy
Airline 32,disappointing experience uncomfortable and expensive,no,4.0,2.0,3.0,,3.0,4.0,1.0,2.0,0,Economy
Airline 33,poor value delay and unhelpful ground service,yes,9.0,4.0,3.0,4.0,,,,4.0,1,Economy
Airline 31,long delay weak communication would not recommend,no,6.0,2.0,3.0,2.0,2.0,4.0,,2.0,1,Economy
Airline 39,good value and helpful cabin crew,yes,7.0,3.0,5.0,3.0,3.0,3.0,2.0,3.0,0,Economy
Airline 37,smooth journey friendly service worth the fare,no,3.0,3.0,1.0,2.0,2.0,1.0,,3.0,1,Economy
Airline 07,smooth journey friendly service worth the fare,yes,7.0,3.0,3.0,,4.0,,,4.0,1,Economy
Airline 42,long delay weak communication would not recommend,yes,5.0,3.0,4.0,1.0,,,,3.0,1,Business
Airline 27,smooth journey friendly service worth the fare,no,8.0,2.0,3.0,3.0,3.0,1.0,,5.0,0,Economy
Airline 17,poor value delay and unhelpful ground service,no,4.0,2.0,2.0,2.0,3.0,3.0,,2.0,1,Business
Airline 26,long delay weak communication would not recommend,no,6.0,2.0,5.0,3.0,,,,3.0,0,Economy
Airline 49,poor value delay and unhelpful ground service,no,6.0,3.0,4.0,,2.0,3.0,2.0,3.0,0,Economy
Airline 43,long delay weak communication would not recommend,yes,3.0,2.0,4.0,,4.0,3.0,,3.0,0,Economy
Airline 42,efficient ground team and comfortable flight,no,6.0,5.0,4.0,2.0,4.0,4.0,2.0,3.0,0,Business
Airline 24,disappointing experience uncomfortable and expensive,no,3.0,1.0,3.0,2.0,3.0,,,2.0,1,Economy
Airline 40,smooth journey friendly service worth the fare,no,3.0,4.0,4.0,2.0,2.0,3.0,2.0,3.0,0,Economy
Airline 20,good value and helpful cabin crew,yes,8.0,5.0,5.0,4.0,4.0,2.0,,5.0,0,Business
Airline 35,smooth journey friendly service worth the fare,yes,7.0,4.0,3.0,3.0,5.0,4.0,,3.0,0,Economy
Airline 32,long delay weak communication would not recommend,no,3.0,3.0,3.0,1.0,1.0,,1.0,2.0,1,Economy
Airline 13,smooth journey friendly service worth the fare,yes,7.0,5.0,4.0,,2.0,4.0,2.0,3.0,1,Economy
Airline 14,disappointing experience uncomfortable and expensive,no,4.0,5.0,2.0,3.0,2.0,2.0,,3.0,1,Business
Airline 04,poor value delay and unhelpful ground service,no,3.0,2.0,3.0,,2.0,,,2.0,0,Business
Airline 07,smooth journey friendly service worth the fare,yes,9.0,4.0,4.0,1.0,4.0,2.0,,5.0,0,Economy
Airline 22,long delay weak communication would not recommend,no,6.0,1.0,3.0,3.0,2.0,1.0,,1.0,1,Economy
Airline 24,disappointing experience uncomfortable and expensive,yes,8.0,3.0,5.0,5.0,5.0,,,4.0,1,Business
Airline 09,smooth journey friendly service worth the fare,no,6.0,3.0,4.0,3.0,3.0,,,3.0,1,Economy
Airline 21,poor value delay and unhelpful ground service,no,5.0,3.0,2.0,3.0,3.0,1.0,,2.0,1,Economy
Airline 31,smooth journey friendly service worth the fare,yes,7.0,2.0,3.0,3.0,4.0,3.0,2.0,3.0,1,Business
Airline 12,smooth journey friendly service worth the fare,no,5.0,4.0,3.0,1.0,4.0,3.0,,3.0,1,Economy
Airline 17,smooth journey friendly service worth the fare,yes,1.0,3.0,4.0,3.0,1.0,2.0,,1.0,1,Economy
Airline 19,smooth journey friendly service worth the fare,yes,4.0,3.0,3.0,4.0,3.0,3.0,,4.0,0,Economy
Airline 26,good value and helpful cabin crew,yes,5.0,2.0,3.0,5.0,2.0,,4.0,3.0,0,Economy
Airline 19,good value and helpful cabin crew,no,5.0,3.0,1.0,2.0,2.0,2.0,,3.0,1,Economy
Airline 37,long delay weak communication would not recommend,no,5.0,4.0,5.0,,3.0,,,3.0,0,Premium Economy
Airline 17,poor value delay and unhelpful ground service,no,8.0,4.0,4.0,5.0,3.0,,,4.0,1,Economy
Airline 22,poor value delay and unhelpful ground service,yes,10.0,5.0,5.0,4.0,5.0,3.0,3.0,5.0,1,Premium Economy
Airline 19,smooth journey friendly service worth the fare,yes,7.0,3.0,3.0,4.0,3.0,,3.0,2.0,1,Economy
Airline 10,efficient ground team and comfortable flight,no,1.0,2.0,3.0,2.0,1.0,2.0,1.0,1.0,1,Economy
Airline 35,good value and helpful cabin crew,yes,7.0,4.0,2.0,3.0,3.0,,3.0,4.0,0,Economy
Airline 12,poor value delay and unhelpful ground service,yes,8.0,2.0,3.0,2.0,3.0,,,4.0,1,Economy
Airline 15,smooth journey friendly service worth the fare,no,10.0,4.0,3.0,3.0,4.0,2.0,3.0,4.0,1,Economy
Airline 40,poor value delay and unhelpful ground service,no,7.0,4.0,4.0,3.0,4.0,,2.0,2.0,0,Business
Airline 48,disappointing experience uncomfortable and expensive,yes,8.0,3.0,3.0,5.0,4.0,2.0,,3.0,0,Premium Economy
Airline 34,poor value delay and unhelpful ground service,no,5.0,3.0,4.0,3.0,3.0,2.0,1.0,3.0,0,Business
Airline 46,disappointing experience uncomfortable and expensive,no,7.0,3.0,3.0,1.0,2.0,,,3.0,1,Economy
Airline 43,long delay weak communication would not recommend,no,1.0,1.0,1.0,2.0,3.0,,,1.0,0,Economy
Airline 25,good value and helpful cabin crew,no,7.0,2.0,4.0,,,4.0,4.0,4.0,0,Business
Airline 39,efficient ground team and comfortable flight,yes,6.0,3.0,3.0,2.0,,2.0,,4.0,1,Economy
Airline 17,smooth journey friendly service worth the fare,no,8.0,5.0,3.0,2.0,5.0,,1.0,3.0,0,Economy
Airline 24,poor value delay and unhelpful ground service,no,4.0,3.0,3.0,3.0,2.0,1.0,,2.0,1,Economy
Airline 27,long delay weak communication would not recommend,no,6.0,3.0,2.0,2.0,3.0,,3.0,3.0,0,Business
Airline 49,efficient ground team and comfortable flight,yes,9.0,4.0,5.0,4.0,5.0,3.0,,5.0,1,Premium Economy
Airline 43,good value and helpful cabin crew,no,8.0,3.0,3.0,2.0,3.0,,,4.0,0,Business
Airline 25,disappointing experience uncomfortable and expensive,no,5.0,3.0,3.0,2.0,2.0,3.0,2.0,2.0,1,Economy
Airline 33,disappointing experience uncomfortable and expensive,yes,7.0,3.0,5.0,4.0,3.0,,,4.0,0,Premium Economy
Airline 11,poor value delay and unhelpful ground service,yes,8.0,5.0,4.0,4.0,4.0,,2.0,5.0,0,Economy
Airline 41,poor value delay and unhelpful ground service,no,3.0,4.0,3.0,2.0,1.0,,3.0,3.0,0,Economy
Airline 28,efficient ground team and comfortable flight,yes,5.0,2.0,4.0,3.0,4.0,3.0,,3.0,0,Business
Airline 27,smooth journey friendly service worth the fare,yes,5.0,3.0,3.0,,2.0,2.0,1.0,2.0,1,Economy
Airline 39,long delay weak communication would not recommend,no,5.0,3.0,3.0,2.0,2.0,,1.0,3.0,0,Economy
Airline 32,poor value delay and unhelpful ground service,no,7.0,3.0,3.0,1.0,2.0,,2.0,2.0,1,Economy
Airline 04,good value and helpful cabin crew,yes,7.0,3.0,5.0,4.0,4.0,4.0,,4.0,0,Business
Airline 15,poor value delay and unhelpful ground service,yes,10.0,4.0,5.0,5.0,4.0,,4.0,5.0,0,Economy
Airline 09,long delay weak communication would not recommend,no,6.0,5.0,3.0,4.0,2.0,,2.0,3.0,0,Economy
Airline 37,smooth journey friendly service worth the fare,no,2.0,3.0,2.0,,3.0,4.0,,2.0,0,Premium Economy
Airline 02,efficient ground team and comfortable flight,yes,10.0,4.0,5.0,,5.0,3.0,3.0,5.0,1,Economy
Airline 11,smooth journey friendly service worth the fare,no,6.0,3.0,4.0,3.0,3.0,1.0,2.0,4.0,0,Business
Airline 30,long delay weak communication would not recommend,no,6.0,2.0,4.0,3.0,3.0,,3.0,2.0,1,Economy
Airline 35,poor value delay and unhelpful ground service,no,2.0,2.0,2.0,,1.0,,,1.0,1,Economy
Airline 26,long delay weak communication would not recommend,no,9.0,4.0,3.0,,4.0,3.0,,3.0,1,Economy
Airline 44,smooth journey friendly service worth the fare,yes,8.0,3.0,5.0,5.0,5.0,4.0,2.0,4.0,0,Economy
Airline 46,efficient ground team and comfortable flight,yes,10.0,2.0,5.0,3.0,5.0,3.0,,5.0,0,Economy
Airline 07,long delay weak communication would not recommend,no,2.0,2.0,2.0,,2.0,,,2.0,0,Premium Economy
Airline 48,good value and helpful cabin crew,yes,9.0,3.0,5.0,4.0,5.0,,,5.0,0,Premium Economy
Airline 31,good value and helpful cabin crew,no,5.0,2.0,2.0,2.0,2.0,,,4.0,1,Business
Airline 32,smooth journey friendly service worth the fare,no,7.0,3.0,4.0,,3.0,3.0,3.0,4.0,1,Economy
Airline 05,efficient ground team and comfortable flight,no,2.0,2.0,1.0,3.0,1.0,,2.0,2.0,0,Premium Economy
Airline 32,long delay weak communication would not recommend,yes,9.0,4.0,5.0,3.0,3.0,,3.0,5.0,1,Economy
Airline 37,disappointing experience uncomfortable and expensive,yes,6.0,4.0,4.0,3.0,3.0,3.0,,5.0,1,Business
Airline 30,disappointing experience uncomfortable and expensive,yes,7.0,4.0,5.0,1.0,4.0,2.0,3.0,3.0,1,Economy
Airline 05,long delay weak communication would not recommend,no,5.0,3.0,4.0,3.0,3.0,,1.0,3.0,0,Business
Airline 27,efficient ground team and comfortable flight,yes,4.0,2.0,2.0,4.0,3.0,,,3.0,0,Premium Economy
Airline 47,disappointing experience uncomfortable and expensive,no,4.0,3.0,2.0,,2.0,5.0,4.0,3.0,1,Business
Airline 37,smooth journey friendly service worth the fare,yes,4.0,3.0,3.0,4.0,4.0,1.0,,4.0,0,Economy
Airline 07,long delay weak communication would not recommend,no,1.0,1.0,1.0,2.0,1.0,5.0,1.0,2.0,0,Economy
Airline 48,poor value delay and unhelpful ground service,no,5.0,5.0,5.0,4.0,4.0,2.0,1.0,5.0,0,Economy
Airline 48,long delay weak communication would not recommend,yes,8.0,4.0,5.0,4.0,,4.0,,5.0,1,Economy
Airline 09,disappointing experience uncomfortable and expensive,no,4.0,2.0,1.0,2.0,2.0,3.0,,2.0,0,Economy
Airline 41,disappointing experience uncomfortable and expensive,no,7.0,1.0,4.0,3.0,,2.0,3.0,2.0,0,Economy
Airline 21,poor value delay and unhelpful ground service,no,3.0,3.0,3.0,4.0,3.0,,,3.0,1,Economy
Airline 30,disappointing experience uncomfortable and expensive,yes,8.0,3.0,3.0,2.0,4.0,2.0,2.0,3.0,1,Economy
Airline 23,long delay weak communication would not recommend,no,4.0,3.0,3.0,1.0,1.0,,,2.0,1,Premium Economy
Airline 40,long delay weak communication would not recommend,no,1.0,1.0,4.0,2.0,3.0,2.0,2.0,2.0,0,Business
Airline 50,poor value delay and unhelpful ground service,no,8.0,3.0,5.0,,3.0,3.0,,4.0,0,Economy
Airline 40,poor value delay and unhelpful ground service,no,5.0,3.0,4.0,2.0,2.0,2.0,,3.0,0,Economy
Airline 47,smooth journey friendly service worth the fare,yes,8.0,4.0,4.0,3.0,5.0,4.0,,5.0,0,Economy
Airline 48,disappointing experience uncomfortable and expensive,no,7.0,3.0,3.0,4.0,3.0,2.0,4.0,1.0,1,Premium Economy
Airline 05,long delay weak communication would not recommend,no,5.0,2.0,2.0,3.0,2.0,,2.0,2.0,1,Economy
Airline 13,good value and helpful cabin crew,yes,8.0,5.0,4.0,4.0,5.0,4.0,3.0,5.0,1,Business
Airline 37,poor value delay and unhelpful ground service,no,7.0,3.0,4.0,3.0,4.0,3.0,,5.0,0,Economy
Airline 30,efficient ground team and comfortable flight,yes,8.0,3.0,5.0,5.0,5.0,2.0,1.0,4.0,0,Economy
Airline 03,efficient ground team and comfortable flight,yes,6.0,2.0,5.0,3.0,3.0,,,5.0,0,Business
Airline 05,poor value delay and unhelpful ground service,no,4.0,2.0,3.0,3.0,4.0,,,2.0,0,Economy
Airline 27,smooth journey friendly service worth the fare,no,7.0,2.0,2.0,,4.0,,1.0,3.0,0,Economy
Airline 31,efficient ground team and comfortable flight,no,6.0,4.0,2.0,,3.0,3.0,,3.0,0,Economy
Airline 09,poor value delay and unhelpful ground service,no,2.0,2.0,3.0,3.0,,,,2.0,0,Economy
Airline 09,disappointing experience uncomfortable and expensive,no,5.0,4.0,4.0,2.0,2.0,,1.0,2.0,0,Economy
Airline 07,disappointing experience uncomfortable and expensive,no,7.0,5.0,4.0,,4.0,5.0,3.0,4.0,1,Economy
Airline 29,long delay weak communication would not recommend,no,6.0,2.0,2.0,,5.0,1.0,,2.0,1,Business
Airline 01,poor value delay and unhelpful ground service,no,2.0,2.0,4.0,3.0,2.0,2.0,3.0,2.0,0,Business
Airline 29,disappointing experience uncomfortable and expensive,no,1.0,3.0,2.0,1.0,1.0,1.0,1.0,1.0,1,Business
Airline 24,efficient ground team and comfortable flight,yes,9.0,4.0,5.0,5.0,4.0,,,5.0,0,Economy
Airline 24,poor value delay and unhelpful ground service,no,4.0,3.0,2.0,4.0,2.0,3.0,3.0,3.0,1,Economy
Airline 34,poor value delay and unhelpful ground service,no,3.0,4.0,3.0,1.0,3.0,2.0,,3.0,1,Economy
Airline 27,poor value delay and unhelpful ground service,no,5.0,4.0,4.0,2.0,3.0,3.0,4.0,3.0,0,Economy
Airline 37,disappointing experience uncomfortable and expensive,no,1.0,2.0,2.0,3.0,,2.0,4.0,1.0,1,Economy
Airline 39,disappointing experience uncomfortable and expensive,yes,8.0,5.0,4.0,,5.0,3.0,,4.0,0,Business
Airline 47,disappointing experience uncomfortable and expensive,no,3.0,3.0,3.0,3.0,3.0,3.0,1.0,3.0,1,Economy
Airline 40,smooth journey friendly service worth the fare,yes,7.0,4.0,4.0,3.0,4.0,,3.0,4.0,1,Economy
Airline 26,efficient ground team and comfortable flight,yes,7.0,3.0,5.0,2.0,2.0,2.0,,3.0,1,Economy
Airline 25,efficient ground team and comfortable flight,yes,8.0,5.0,5.0,,4.0,,1.0,5.0,0,Economy
Airline 12,disappointing experience uncomfortable and expensive,no,5.0,3.0,3.0,3.0,2.0,3.0,,4.0,1,Business
Airline 30,smooth journey friendly service worth the fare,yes,8.0,2.0,3.0,3.0,4.0,4.0,,4.0,0,Business
Airline 07,efficient ground team and comfortable flight,yes,9.0,4.0,4.0,3.0,3.0,4.0,,4.0,0,Economy
Airline 47,efficient ground team and comfortable flight,yes,7.0,2.0,3.0,4.0,4.0,1.0,5.0,5.0,0,Economy
Airline 43,good value and helpful cabin crew,no,7.0,2.0,3.0,5.0,3.0,4.0,1.0,2.0,1,Economy
Airline 06,long delay weak communication would not recommend,no,4.0,4.0,2.0,4.0,3.0,3.0,3.0,2.0,1,Economy
Airline 40,disappointing experience uncomfortable and expensive,no,10.0,5.0,4.0,,4.0,3.0,,5.0,0,Economy
Airline 06,efficient ground team and comfortable flight,no,4.0,2.0,3.0,1.0,2.0,1.0,4.0,2.0,1,Premium Economy
Airline 37,good value and helpful cabin crew,yes,6.0,1.0,3.0,3.0,3.0,,2.0,4.0,0,Economy
Airline 05,poor value delay and unhelpful ground service,yes,7.0,3.0,5.0,4.0,4.0,5.0,,3.0,0,Business
Airline 25,good value and helpful cabin crew,yes,5.0,4.0,4.0,4.0,3.0,5.0,,4.0,1,Economy
Airline 33,poor value delay and unhelpful ground service,no,4.0,3.0,2.0,3.0,3.0,3.0,,2.0,0,Economy
Airline 37,efficient ground team and comfortable flight,yes,6.0,4.0,2.0,2.0,5.0,3.0,2.0,3.0,0,Premium Economy
Airline 21,good value and helpful cabin crew,no,4.0,3.0,3.0,3.0,3.0,4.0,,2.0,0,Economy
Airline 47,good value and helpful cabin crew,no,2.0,2.0,2.0,3.0,2.0,2.0,2.0,1.0,1,Economy
Airline 39,efficient ground team and comfortable flight,yes,6.0,2.0,4.0,3.0,3.0,,2.0,2.0,0,Economy
Airline 11,smooth journey friendly service worth the fare,no,3.0,2.0,3.0,2.0,4.0,2.0,,2.0,1,Business
Airline 34,disappointing experience uncomfortable and expensive,no,1.0,2.0,1.0,,2.0,,1.0,2.0,0,Economy
Airline 37,poor value delay and unhelpful ground service,no,7.0,3.0,2.0,,4.0,4.0,,4.0,0,Economy
Airline 17,smooth journey friendly service worth the fare,yes,7.0,4.0,3.0,2.0,3.0,,,3.0,1,Economy
Airline 37,efficient ground team and comfortable flight,yes,6.0,2.0,4.0,2.0,3.0,,,2.0,1,Economy
Airline 45,poor value delay and unhelpful ground service,no,7.0,2.0,3.0,,3.0,3.0,3.0,4.0,1,Economy
Airline 41,smooth journey friendly service worth the fare,no,2.0,1.0,2.0,2.0,2.0,1.0,3.0,3.0,0,Economy
Airline 39,disappointing experience uncomfortable and expensive,no,3.0,1.0,1.0,,1.0,,,2.0,1,Premium Economy
Airline 32,good value and helpful cabin crew,yes,9.0,4.0,5.0,5.0,5.0,,1.0,5.0,1,Economy
Airline 14,disappointing experience uncomfortable and expensive,no,5.0,1.0,3.0,1.0,2.0,1.0,,2.0,0,Economy
Airline 40,long delay weak communication would not recommend,no,7.0,4.0,5.0,2.0,4.0,2.0,2.0,4.0,1,Economy
Airline 19,disappointing experience uncomfortable and expensive,no,3.0,2.0,3.0,2.0,2.0,1.0,2.0,1.0,0,Economy
Airline 27,efficient ground team and comfortable flight,no,3.0,4.0,3.0,4.0,2.0,,,4.0,0,Premium Economy
Airline 16,poor value delay and unhelpful ground service,no,5.0,3.0,4.0,,3.0,3.0,1.0,2.0,1,Economy
Airline 16,smooth journey friendly service worth the fare,yes,8.0,2.0,4.0,3.0,3.0,,4.0,4.0,1,Economy
Airline 08,poor value delay and unhelpful ground service,yes,6.0,5.0,4.0,3.0,2.0,,,3.0,1,Economy
Airline 49,efficient ground team and comfortable flight,no,5.0,3.0,2.0,1.0,4.0,3.0,,3.0,0,Economy
Airline 08,disappointing experience uncomfortable and expensive,no,4.0,3.0,2.0,2.0,1.0,,1.0,1.0,0,Economy
Airline 05,efficient ground team and comfortable flight,yes,6.0,3.0,3.0,,2.0,2.0,2.0,2.0,0,Economy
Airline 47,disappointing experience uncomfortable and expensive,no,1.0,3.0,2.0,2.0,2.0,,1.0,2.0,1,Premium Economy
Airline 28,smooth journey friendly service worth the fare,yes,6.0,4.0,4.0,,4.0,,,2.0,1,Business
Airline 22,disappointing experience uncomfortable and expensive,yes,10.0,4.0,5.0,3.0,,,3.0,5.0,1,Premium Economy
Airline 37,efficient ground team and comfortable flight,yes,9.0,4.0,4.0,,5.0,2.0,2.0,5.0,1,Economy
Airline 20,long delay weak communication would not recommend,yes,7.0,4.0,4.0,4.0,3.0,4.0,,4.0,1,Economy
Airline 07,disappointing experience uncomfortable and expensive,yes,5.0,3.0,2.0,2.0,3.0,,,4.0,0,Business
Airline 37,smooth journey friendly service worth the fare,no,2.0,2.0,1.0,2.0,1.0,1.0,2.0,1.0,0,Economy
Airline 09,poor value delay and unhelpful ground service,no,2.0,2.0,2.0,3.0,3.0,2.0,,3.0,0,Economy
Airline 28,smooth journey friendly service worth the fare,yes,8.0,3.0,4.0,,4.0,3.0,,4.0,0,Business
Airline 48,long delay weak communication would not recommend,no,4.0,2.0,2.0,,2.0,,,2.0,0,Economy
Airline 47,disappointing experience uncomfortable and expensive,no,3.0,2.0,3.0,2.0,2.0,2.0,3.0,2.0,1,Economy
Airline 19,good value and helpful cabin crew,no,6.0,3.0,4.0,,3.0,2.0,1.0,3.0,0,Economy
Airline 40,smooth journey friendly service worth the fare,no,3.0,2.0,2.0,2.0,2.0,2.0,,2.0,0,Economy
Airline 31,poor value delay and unhelpful ground service,no,4.0,2.0,1.0,2.0,2.0,2.0,,3.0,1,Economy
Airline 24,long delay weak communication would not recommend,yes,5.0,3.0,3.0,4.0,3.0,,,3.0,0,Economy
Airline 07,good value and helpful cabin crew,no,5.0,2.0,3.0,2.0,1.0,3.0,3.0,3.0,0,Economy
Airline 19,poor value delay and unhelpful ground service,no,5.0,3.0,3.0,1.0,2.0,,3.0,3.0,1,Business
Airline 33,poor value delay and unhelpful ground service,no,4.0,2.0,2.0,3.0,3.0,,3.0,2.0,1,Business
Airline 50,good value and helpful cabin crew,no,7.0,4.0,3.0,5.0,3.0,4.0,2.0,4.0,1,Economy
Airline 01,long delay weak communication would not recommend,yes,8.0,3.0,4.0,3.0,3.0,3.0,3.0,3.0,0,Premium Economy
Airline 36,disappointing experience uncomfortable and expensive,yes,5.0,3.0,3.0,2.0,,3.0,1.0,3.0,1,Economy
Airline 43,efficient ground team and comfortable flight,yes,7.0,4.0,4.0,3.0,3.0,1.0,2.0,4.0,0,Economy
Airline 48,poor value delay and unhelpful ground service,no,5.0,3.0,4.0,3.0,4.0,2.0,2.0,2.0,1,Economy
Airline 22,smooth journey friendly service worth the fare,no,3.0,2.0,3.0,2.0,1.0,2.0,,2.0,0,Economy
Airline 06,poor value delay and unhelpful ground service,no,7.0,3.0,4.0,2.0,3.0,,,2.0,0,Economy
Airline 14,poor value delay and unhelpful ground service,yes,8.0,5.0,4.0,,5.0,,3.0,4.0,0,Premium Economy
Airline 43,disappointing experience uncomfortable and expensive,no,6.0,3.0,3.0,3.0,4.0,5.0,2.0,2.0,1,Economy
Airline 44,poor value delay and unhelpful ground service,no,7.0,3.0,2.0,3.0,5.0,,,3.0,0,Economy
Airline 32,efficient ground team and comfortable flight,yes,5.0,3.0,2.0,,2.0,2.0,,3.0,1,Economy
Airline 07,disappointing experience uncomfortable and expensive,no,4.0,3.0,2.0,2.0,3.0,,,3.0,1,Economy
Airline 07,long delay weak communication would not recommend,no,8.0,3.0,4.0,3.0,4.0,2.0,2.0,3.0,1,Economy
Airline 24,smooth journey friendly service worth the fare,yes,7.0,3.0,4.0,2.0,4.0,,,3.0,0,Economy
Airline 30,smooth journey friendly service worth the fare,yes,6.0,3.0,4.0,,,2.0,,4.0,1,Economy
Airline 02,poor value delay and unhelpful ground service,no,6.0,4.0,4.0,,4.0,,1.0,3.0,0,Premium Economy
Airline 35,long delay weak communication would not recommend,no,3.0,4.0,3.0,2.0,3.0,2.0,,4.0,1,Economy
Airline 28,smooth journey friendly service worth the fare,yes,9.0,2.0,4.0,3.0,4.0,,3.0,3.0,0,Economy
Airline 01,efficient ground team and comfortable flight,yes,7.0,5.0,5.0,,3.0,1.0,,3.0,1,Premium Economy
Airline 05,good value and helpful cabin crew,yes,6.0,3.0,4.0,2.0,,2.0,1.0,5.0,0,Economy
Airline 23,long delay weak communication would not recommend,no,5.0,4.0,3.0,2.0,2.0,1.0,2.0,3.0,1,Economy
Airline 37,efficient ground team and comfortable flight,yes,10.0,3.0,4.0,5.0,3.0,3.0,,3.0,0,Economy
Airline 42,disappointing experience uncomfortable and expensive,no,6.0,2.0,3.0,1.0,2.0,,,3.0,0,Economy
Airline 22,smooth journey friendly service worth the fare,yes,7.0,2.0,3.0,,3.0,,,5.0,0,Economy
Airline 15,disappointing experience uncomfortable and expensive,no,9.0,3.0,2.0,3.0,3.0,,,2.0,0,Economy
Airline 49,efficient ground team and comfortable flight,no,7.0,4.0,2.0,4.0,3.0,4.0,2.0,5.0,1,Business
Airline 23,long delay weak communication would not recommend,no,4.0,3.0,3.0,4.0,3.0,2.0,,2.0,1,Economy
Airline 16,smooth journey friendly service worth the fare,yes,5.0,3.0,5.0,3.0,4.0,5.0,,4.0,0,Economy
Airline 23,efficient ground team and comfortable flight,yes,10.0,5.0,5.0,5.0,5.0,4.0,4.0,5.0,0,Economy
Airline 01,efficient ground team and comfortable flight,no,4.0,3.0,3.0,3.0,2.0,2.0,1.0,3.0,0,Economy
Airline 16,long delay weak communication would not recommend,no,6.0,3.0,2.0,3.0,4.0,5.0,,3.0,0,Economy
Airline 26,poor value delay and unhelpful ground service,no,5.0,5.0,2.0,3.0,3.0,,,1.0,1,Economy
Airline 46,poor value delay and unhelpful ground service,no,5.0,3.0,2.0,,2.0,2.0,1.0,4.0,1,Premium Economy
Airline 37,efficient ground team and comfortable flight,yes,10.0,3.0,3.0,4.0,4.0,2.0,,4.0,0,Business
Airline 40,efficient ground team and comfortable flight,no,2.0,3.0,3.0,,,1.0,3.0,2.0,1,Economy
Airline 28,poor value delay and unhelpful ground service,no,5.0,3.0,3.0,2.0,2.0,1.0,1.0,3.0,0,Economy
Airline 06,long delay weak communication would not recommend,no,2.0,2.0,3.0,2.0,1.0,3.0,,3.0,0,Economy
Airline 20,smooth journey friendly service worth the fare,no,4.0,3.0,3.0,,2.0,1.0,1.0,3.0,1,Economy
Airline 50,poor value delay and unhelpful ground service,no,3.0,3.0,1.0,2.0,2.0,,,1.0,1,Economy
Airline 03,good value and helpful cabin crew,yes,7.0,5.0,4.0,4.0,4.0,,,4.0,1,Economy
Airline 44,efficient ground team and comfortable flight,yes,10.0,5.0,5.0,4.0,5.0,4.0,,5.0,1,Economy
Airline 35,efficient ground team and comfortable flight,no,3.0,2.0,3.0,,4.0,3.0,3.0,3.0,1,Business
Airline 15,smooth journey friendly service worth the fare,no,1.0,2.0,2.0,1.0,3.0,3.0,,1.0,1,Economy
Airline 39,smooth journey friendly service worth the fare,yes,8.0,3.0,3.0,4.0,4.0,5.0,,3.0,1,Economy
Airline 42,efficient ground team and comfortable flight,no,5.0,3.0,3.0,,3.0,1.0,,2.0,0,Economy
Airline 03,smooth journey friendly service worth the fare,yes,8.0,4.0,5.0,3.0,4.0,4.0,2.0,5.0,1,Economy
Airline 06,long delay weak communication would not recommend,no,6.0,5.0,4.0,2.0,3.0,2.0,,3.0,1,Business
Airline 34,efficient ground team and comfortable flight,yes,4.0,4.0,3.0,1.0,2.0,2.0,3.0,3.0,0,Economy
Airline 50,poor value delay and unhelpful ground service,no,5.0,2.0,4.0,3.0,2.0,1.0,,3.0,0,Economy
Airline 02,disappointing experience uncomfortable and expensive,no,5.0,3.0,3.0,2.0,5.0,2.0,3.0,4.0,0,Business
Airline 34,efficient ground team and comfortable flight,yes,4.0,1.0,3.0,2.0,2.0,2.0,2.0,2.0,1,Economy
Airline 07,long delay weak communication would not recommend,no,6.0,1.0,4.0,4.0,3.0,4.0,,4.0,0,Economy
Airline 33,efficient ground team and comfortable flight,no,7.0,3.0,2.0,1.0,,,,2.0,1,Economy
Airline 32,good value and helpful cabin crew,yes,3.0,1.0,2.0,1.0,3.0,1.0,,3.0,1,Economy
Airline 05,disappointing experience uncomfortable and expensive,no,7.0,5.0,4.0,3.0,4.0,,,5.0,0,Economy
Airline 35,efficient ground team and comfortable flight,no,3.0,3.0,2.0,2.0,2.0,1.0,1.0,1.0,0,Premium Economy
Airline 45,disappointing experience uncomfortable and expensive,no,3.0,2.0,3.0,2.0,4.0,2.0,2.0,3.0,0,Economy
Airline 44,disappointing experience uncomfortable and expensive,no,7.0,3.0,4.0,3.0,4.0,4.0,,2.0,0,Economy
Airline 02,disappointing experience uncomfortable and expensive,no,6.0,5.0,4.0,3.0,5.0,,3.0,3.0,0,Economy
Airline 13,poor value delay and unhelpful ground service,yes,8.0,5.0,5.0,2.0,4.0,3.0,4.0,4.0,1,Premium Economy
Airline 13,long delay weak communication would not recommend,no,4.0,2.0,4.0,2.0,2.0,3.0,2.0,4.0,0,Economy
Airline 23,smooth journey friendly service worth the fare,yes,8.0,3.0,4.0,3.0,4.0,,,3.0,1,Economy
Airline 08,good value and helpful cabin crew,yes,7.0,3.0,5.0,,4.0,2.0,4.0,4.0,1,Economy
Airline 43,good value and helpful cabin crew,yes,7.0,4.0,4.0,4.0,3.0,,,2.0,0,Economy
Airline 39,disappointing experience uncomfortable and expensive,yes,9.0,3.0,5.0,3.0,3.0,2.0,1.0,4.0,1,Economy
Airline 41,long delay weak communication would not recommend,no,9.0,4.0,3.0,4.0,4.0,4.0,,3.0,1,Business
Airline 10,smooth journey friendly service worth the fare,yes,6.0,4.0,4.0,4.0,,1.0,1.0,3.0,1,Economy
Airline 01,disappointing experience uncomfortable and expensive,no,1.0,1.0,2.0,2.0,1.0,,,2.0,0,Economy
Airline 46,efficient ground team and comfortable flight,yes,6.0,3.0,1.0,3.0,3.0,3.0,,3.0,1,Economy
Airline 15,poor value delay and unhelpful ground service,no,8.0,2.0,5.0,3.0,,3.0,,4.0,1,Economy
Airline 33,good value and helpful cabin crew,yes,9.0,3.0,4.0,3.0,3.0,,,4.0,0,Economy
Airline 46,disappointing experience uncomfortable and expensive,no,3.0,2.0,2.0,1.0,1.0,2.0,,2.0,1,Business
Airline 02,poor value delay and unhelpful ground service,no,2.0,2.0,2.0,2.0,2.0,2.0,1.0,1.0,1,Business
Airline 01,efficient ground team and comfortable flight,no,2.0,4.0,4.0,,3.0,3.0,,4.0,0,Economy
Airline 01,smooth journey friendly service worth the fare,no,3.0,3.0,2.0,2.0,2.0,2.0,,2.0,0,Economy
Airline 08,disappointing experience uncomfortable and expensive,no,1.0,2.0,1.0,2.0,2.0,3.0,3.0,1.0,1,Economy
Airline 03,disappointing experience uncomfortable and expensive,no,6.0,3.0,3.0,3.0,4.0,,2.0,3.0,0,Premium Economy
Airline 41,disappointing experience uncomfortable and expensive,no,2.0,2.0,1.0,4.0,2.0,,1.0,1.0,1,Business
Airline 31,good value and helpful cabin crew,no,4.0,2.0,2.0,3.0,3.0,4.0,2.0,2.0,1,Business
Airline 50,poor value delay and unhelpful ground service,yes,10.0,4.0,5.0,4.0,5.0,,3.0,4.0,0,Economy
Airline 41,poor value delay and unhelpful ground service,no,8.0,4.0,5.0,5.0,4.0,,,5.0,0,Economy
Airline 49,long delay weak communication would not recommend,no,1.0,1.0,3.0,,2.0,1.0,,2.0,1,Economy
Airline 12,poor value delay and unhelpful ground service,no,4.0,3.0,3.0,4.0,3.0,2.0,2.0,3.0,1,Economy
Airline 15,smooth journey friendly service worth the fare,no,8.0,2.0,3.0,,3.0,3.0,1.0,3.0,0,Economy
Airline 43,disappointing experience uncomfortable and expensive,yes,9.0,4.0,4.0,4.0,4.0,1.0,1.0,5.0,1,Economy
Airline 13,disappointing experience uncomfortable and expensive,no,6.0,1.0,4.0,1.0,3.0,2.0,3.0,3.0,0,Economy
Airline 03,good value and helpful cabin crew,no,4.0,2.0,4.0,,1.0,2.0,,3.0,1,Economy
Airline 34,smooth journey friendly service worth the fare,yes,8.0,4.0,5.0,,4.0,2.0,4.0,5.0,1,Premium Economy
Airline 41,poor value delay and unhelpful ground service,no,3.0,3.0,4.0,2.0,2.0,,2.0,1.0,0,Premium Economy
Airline 49,smooth journey friendly service worth the fare,no,7.0,2.0,3.0,,4.0,,4.0,3.0,0,Economy
Airline 47,long delay weak communication would not recommend,no,2.0,2.0,1.0,2.0,2.0,,,1.0,0,Business
Airline 07,poor value delay and unhelpful ground service,no,6.0,4.0,2.0,1.0,4.0,2.0,3.0,3.0,1,Premium Economy
Airline 39,disappointing experience uncomfortable and expensive,no,3.0,2.0,2.0,3.0,1.0,,,2.0,0,Economy
Airline 43,poor value delay and unhelpful ground service,no,6.0,2.0,2.0,3.0,1.0,2.0,2.0,2.0,1,Premium Economy
Airline 35,long delay weak communication would not recommend,no,7.0,2.0,4.0,5.0,4.0,2.0,2.0,4.0,1,Premium Economy
Airline 41,smooth journey friendly service worth the fare,no,6.0,2.0,1.0,,2.0,4.0,,2.0,0,Economy
Airline 42,poor value delay and unhelpful ground service,no,5.0,3.0,3.0,,,4.0,,3.0,1,Economy
Airline 23,poor value delay and unhelpful ground service,no,3.0,3.0,2.0,3.0,,2.0,,1.0,0,Economy
Airline 03,poor value delay and unhelpful ground service,yes,6.0,2.0,2.0,3.0,3.0,,1.0,3.0,1,Economy
Airline 23,long delay weak communication would not recommend,no,6.0,5.0,4.0,3.0,5.0,4.0,,2.0,1,Business
Airline 11,efficient ground team and comfortable flight,yes,10.0,4.0,3.0,3.0,3.0,,,4.0,0,Business
Airline 06,disappointing experience uncomfortable and expensive,no,1.0,1.0,1.0,2.0,1.0,4.0,2.0,1.0,1,Economy
Airline 07,long delay weak communication would not recommend,no,3.0,4.0,3.0,5.0,2.0,,,2.0,0,Economy
Airline 35,smooth journey friendly service worth the fare,yes,4.0,2.0,4.0,4.0,2.0,1.0,,4.0,0,Economy
Airline 26,poor value delay and unhelpful ground service,no,6.0,3.0,3.0,3.0,2.0,4.0,1.0,3.0,0,Economy
Airline 27,poor value delay and unhelpful ground service,no,5.0,2.0,5.0,3.0,3.0,,2.0,2.0,1,Economy
Airline 38,disappointing experience uncomfortable and expensive,no,6.0,2.0,2.0,3.0,3.0,3.0,3.0,3.0,1,Economy
Airline 28,disappointing experience uncomfortable and expensive,no,3.0,4.0,2.0,3.0,,3.0,1.0,2.0,0,Economy
Airline 32,poor value delay and unhelpful ground service,no,3.0,2.0,2.0,,4.0,3.0,2.0,1.0,1,Business
Airline 05,smooth journey friendly service worth the fare,no,4.0,4.0,2.0,3.0,2.0,4.0,2.0,3.0,1,Economy
Airline 43,long delay weak communication would not recommend,yes,9.0,3.0,4.0,2.0,4.0,,,5.0,0,Economy
Airline 23,poor value delay and unhelpful ground service,no,4.0,1.0,2.0,,2.0,1.0,,3.0,1,Economy
Airline 08,good value and helpful cabin crew,yes,5.0,3.0,2.0,,2.0,4.0,,3.0,0,Economy
Airline 41,poor value delay and unhelpful ground service,no,7.0,5.0,4.0,3.0,3.0,,1.0,3.0,0,Economy
Airline 37,good value and helpful cabin crew,yes,8.0,5.0,5.0,,4.0,5.0,,5.0,1,Economy
Airline 03,efficient ground team and comfortable flight,no,3.0,3.0,4.0,4.0,1.0,2.0,3.0,2.0,1,Business
Airline 10,long delay weak communication would not recommend,yes,6.0,4.0,5.0,3.0,4.0,3.0,,4.0,1,Premium Economy
Airline 01,poor value delay and unhelpful ground service,no,8.0,3.0,3.0,3.0,3.0,3.0,4.0,3.0,0,Premium Economy
Airline 14,efficient ground team and comfortable flight,no,5.0,5.0,3.0,2.0,3.0,1.0,2.0,2.0,0,Business
Airline 05,long delay weak communication would not recommend,no,6.0,3.0,3.0,2.0,4.0,1.0,,3.0,1,Economy
Airline 36,disappointing experience uncomfortable and expensive,no,5.0,3.0,3.0,4.0,3.0,3.0,,3.0,1,Premium Economy
Airline 27,long delay weak communication would not recommend,no,6.0,4.0,3.0,,3.0,1.0,,5.0,1,Economy
Airline 50,poor value delay and unhelpful ground service,no,8.0,2.0,3.0,,3.0,,2.0,3.0,0,Economy
Airline 38,long delay weak communication would not recommend,no,4.0,2.0,3.0,3.0,3.0,3.0,,3.0,1,Premium Economy
Airline 31,efficient ground team and comfortable flight,yes,3.0,3.0,4.0,3.0,4.0,2.0,1.0,2.0,0,Economy
Airline 26,disappointing experience uncomfortable and expensive,no,2.0,3.0,4.0,1.0,2.0,,,1.0,0,Economy
Airline 03,poor value delay and unhelpful ground service,no,4.0,1.0,3.0,2.0,2.0,1.0,1.0,2.0,1,Economy
Airline 04,efficient ground team and comfortable flight,yes,10.0,4.0,5.0,3.0,5.0,3.0,,5.0,1,Business
Airline 31,poor value delay and unhelpful ground service,no,5.0,3.0,3.0,,,2.0,,2.0,1,Business
Airline 01,good value and helpful cabin crew,no,4.0,1.0,3.0,,2.0,,1.0,2.0,0,Premium Economy
Airline 03,good value and helpful cabin crew,yes,10.0,3.0,3.0,,5.0,3.0,1.0,4.0,0,Economy
Airline 11,long delay weak communication would not recommend,no,6.0,4.0,3.0,3.0,4.0,,,2.0,0,Economy
Airline 45,efficient ground team and comfortable flight,yes,7.0,2.0,3.0,3.0,4.0,,3.0,3.0,1,Economy
Airline 23,efficient ground team and comfortable flight,yes,7.0,4.0,4.0,4.0,4.0,,,3.0,0,Economy
Airline 36,smooth journey friendly service worth the fare,yes,3.0,3.0,4.0,2.0,3.0,2.0,2.0,3.0,0,Economy
Airline 21,efficient ground team and comfortable flight,yes,7.0,3.0,4.0,3.0,3.0,,3.0,3.0,1,Economy
Airline 09,good value and helpful cabin crew,no,1.0,2.0,3.0,1.0,1.0,2.0,2.0,1.0,0,Economy
Airline 19,poor value delay and unhelpful ground service,no,4.0,2.0,3.0,4.0,4.0,1.0,3.0,3.0,1,Economy
Airline 05,long delay weak communication would not recommend,no,5.0,3.0,3.0,,4.0,,3.0,2.0,1,Economy
Airline 39,good value and helpful cabin crew,yes,7.0,4.0,5.0,,5.0,2.0,,5.0,1,Economy
Airline 10,disappointing experience uncomfortable and expensive,yes,5.0,2.0,3.0,2.0,5.0,1.0,1.0,3.0,1,Premium Economy
Airline 19,efficient ground team and comfortable flight,no,1.0,2.0,2.0,,1.0,,,1.0,0,Economy
Airline 50,smooth journey friendly service worth the fare,no,6.0,2.0,3.0,1.0,2.0,,2.0,4.0,0,Economy
Airline 30,long delay weak communication would not recommend,yes,10.0,5.0,5.0,4.0,3.0,,,5.0,1,Economy
Airline 23,long delay weak communication would not recommend,no,8.0,4.0,4.0,3.0,5.0,,1.0,3.0,1,Economy
Airline 28,disappointing experience uncomfortable and expensive,no,5.0,1.0,2.0,2.0,3.0,1.0,2.0,2.0,0,Premium Economy
Airline 40,good value and helpful cabin crew,yes,8.0,3.0,4.0,,4.0,,,4.0,0,Economy
Airline 13,smooth journey friendly service worth the fare,no,4.0,1.0,2.0,1.0,1.0,,,2.0,0,Economy
Airline 32,smooth journey friendly service worth the fare,no,3.0,1.0,2.0,,2.0,4.0,1.0,1.0,1,Economy
Airline 44,efficient ground team and comfortable flight,yes,4.0,2.0,3.0,,3.0,3.0,,3.0,0,Economy
Airline 29,disappointing experience uncomfortable and expensive,no,4.0,5.0,4.0,3.0,,3.0,4.0,3.0,1,Economy
Airline 23,poor value delay and unhelpful ground service,no,2.0,3.0,1.0,2.0,,1.0,,1.0,1,Economy
Airline 08,smooth journey friendly service worth the fare,no,1.0,4.0,1.0,,2.0,2.0,,1.0,0,Economy
Airline 13,poor value delay and unhelpful ground service,no,5.0,4.0,4.0,3.0,3.0,,,3.0,0,Business
Airline 48,poor value delay and unhelpful ground service,no,2.0,3.0,3.0,3.0,4.0,4.0,,2.0,0,Economy
Airline 28,disappointing experience uncomfortable and expensive,no,6.0,4.0,3.0,,4.0,,,4.0,0,Economy
Airline 16,poor value delay and unhelpful ground service,no,2.0,2.0,2.0,1.0,1.0,3.0,,2.0,1,Economy
Airline 21,smooth journey friendly service worth the fare,no,8.0,4.0,5.0,4.0,5.0,2.0,,2.0,1,Economy
Airline 29,smooth journey friendly service worth the fare,yes,3.0,3.0,2.0,1.0,3.0,3.0,1.0,2.0,0,Business
Airline 27,disappointing experience uncomfortable and expensive,yes,9.0,5.0,5.0,4.0,5.0,3.0,,5.0,0,Economy
Airline 35,long delay weak communication would not recommend,no,2.0,3.0,1.0,2.0,2.0,2.0,1.0,2.0,0,Business
Airline 13,long delay weak communication would not recommend,no,2.0,3.0,3.0,,3.0,,,2.0,1,Business
Airline 33,disappointing experience uncomfortable and expensive,no,6.0,5.0,3.0,,2.0,2.0,1.0,2.0,0,Business
Airline 23,efficient ground team and comfortable flight,yes,8.0,4.0,4.0,5.0,5.0,2.0,,5.0,0,Economy
Airline 48,smooth journey friendly service worth the fare,no,6.0,5.0,2.0,,3.0,,3.0,4.0,0,Economy
Airline 08,disappointing experience uncomfortable and expensive,yes,6.0,4.0,4.0,3.0,4.0,,1.0,3.0,0,Economy
Airline 08,poor value delay and unhelpful ground service,no,6.0,3.0,4.0,4.0,3.0,3.0,,2.0,1,Economy
Airline 24,poor value delay and unhelpful ground service,no,1.0,1.0,3.0,1.0,1.0,3.0,,2.0,1,Economy
Airline 26,smooth journey friendly service worth the fare,no,3.0,2.0,2.0,,2.0,4.0,3.0,3.0,0,Economy
Airline 35,good value and helpful cabin crew,no,5.0,1.0,2.0,2.0,,,,1.0,0,Economy
Airline 21,smooth journey friendly service worth the fare,yes,2.0,2.0,2.0,4.0,2.0,3.0,,2.0,0,Economy
Airline 46,poor value delay and unhelpful ground service,no,5.0,2.0,4.0,4.0,3.0,,3.0,2.0,1,Economy
Airline 24,smooth journey friendly service worth the fare,no,3.0,3.0,2.0,1.0,1.0,2.0,,1.0,1,Economy
Airline 07,poor value delay and unhelpful ground service,no,7.0,3.0,3.0,3.0,4.0,3.0,1.0,2.0,0,Premium Economy
Airline 06,smooth journey friendly service worth the fare,yes,4.0,2.0,2.0,1.0,3.0,2.0,,1.0,0,Business
Airline 49,smooth journey friendly service worth the fare,no,5.0,2.0,2.0,,2.0,,,4.0,0,Economy
Airline 07,disappointing experience uncomfortable and expensive,no,4.0,2.0,3.0,3.0,5.0,2.0,,4.0,0,Economy
Airline 48,efficient ground team and comfortable flight,yes,8.0,2.0,3.0,4.0,4.0,5.0,,5.0,1,Economy
Airline 14,good value and helpful cabin crew,yes,7.0,5.0,4.0,3.0,4.0,,,3.0,1,Economy
Airline 05,good value and helpful cabin crew,yes,8.0,2.0,2.0,,4.0,3.0,2.0,4.0,1,Economy
Airline 16,disappointing experience uncomfortable and expensive,no,3.0,1.0,4.0,,,2.0,,3.0,1,Premium Economy
Airline 31,disappointing experience uncomfortable and expensive,no,5.0,4.0,2.0,4.0,3.0,,1.0,2.0,1,Premium Economy
Airline 22,good value and helpful cabin crew,no,3.0,3.0,1.0,,1.0,1.0,,2.0,1,Economy
Airline 40,efficient ground team and comfortable flight,no,6.0,3.0,3.0,1.0,2.0,2.0,,4.0,0,Economy
Airline 31,smooth journey friendly service worth the fare,no,5.0,3.0,3.0,4.0,4.0,,,2.0,1,Economy
Airline 21,smooth journey friendly service worth the fare,yes,8.0,3.0,2.0,3.0,1.0,3.0,,2.0,0,Economy
Airline 32,disappointing experience uncomfortable and expensive,no,3.0,2.0,3.0,3.0,2.0,,,2.0,0,Economy
Airline 49,long delay weak communication would not recommend,no,1.0,1.0,1.0,2.0,1.0,2.0,,2.0,0,Economy
Airline 21,disappointing experience uncomfortable and expensive,no,1.0,2.0,1.0,,1.0,,1.0,1.0,1,Economy
Airline 08,poor value delay and unhelpful ground service,no,5.0,3.0,2.0,3.0,4.0,2.0,1.0,2.0,1,Economy
Airline 21,disappointing experience uncomfortable and expensive,no,7.0,4.0,3.0,,3.0,5.0,3.0,4.0,0,Economy
Airline 43,poor value delay and unhelpful ground service,no,2.0,1.0,1.0,,1.0,3.0,,3.0,1,Business
Airline 11,poor value delay and unhelpful ground service,no,2.0,2.0,2.0,3.0,2.0,3.0,,1.0,1,Economy
Airline 48,good value and helpful cabin crew,yes,9.0,4.0,5.0,,,3.0,,5.0,1,Economy
Airline 30,poor value delay and unhelpful ground service,no,1.0,2.0,4.0,,2.0,3.0,3.0,3.0,1,Economy
Airline 31,good value and helpful cabin crew,no,7.0,1.0,2.0,3.0,3.0,1.0,2.0,3.0,1,Economy
Airline 16,poor value delay and unhelpful ground service,no,6.0,4.0,3.0,3.0,4.0,,4.0,3.0,1,Economy
Airline 47,good value and helpful cabin crew,yes,8.0,4.0,5.0,3.0,,3.0,,4.0,1,Economy
Airline 02,long delay weak communication would not recommend,no,2.0,2.0,2.0,2.0,1.0,4.0,2.0,2.0,1,Economy
Airline 15,long delay weak communication would not recommend,no,5.0,3.0,3.0,,,,3.0,3.0,0,Business
Airline 21,long delay weak communication would not recommend,no,4.0,2.0,2.0,1.0,1.0,2.0,,1.0,1,Economy
Airline 24,efficient ground team and comfortable flight,no,10.0,4.0,5.0,4.0,,3.0,,5.0,0,Economy
Airline 24,smooth journey friendly service worth the fare,no,3.0,2.0,3.0,,3.0,1.0,1.0,1.0,0,Economy
Airline 08,poor value delay and unhelpful ground service,yes,1.0,4.0,2.0,4.0,2.0,2.0,3.0,3.0,0,Premium Economy
Airline 12,poor value delay and unhelpful ground service,no,2.0,2.0,2.0,2.0,3.0,,1.0,1.0,0,Business
Airline 05,long delay weak communication would not recommend,no,3.0,3.0,3.0,2.0,3.0,3.0,,1.0,0,Premium Economy
Airline 29,disappointing experience uncomfortable and expensive,yes,8.0,3.0,4.0,4.0,5.0,4.0,,4.0,1,Economy
Airline 18,efficient ground team and comfortable flight,yes,10.0,4.0,5.0,4.0,5.0,,4.0,5.0,1,Economy
Airline 29,disappointing experience uncomfortable and expensive,no,5.0,4.0,3.0,4.0,3.0,2.0,3.0,3.0,1,Economy
Airline 30,disappointing experience uncomfortable and expensive,no,3.0,1.0,1.0,1.0,2.0,1.0,2.0,2.0,0,Business
Airline 36,smooth journey friendly service worth the fare,no,1.0,1.0,1.0,,1.0,2.0,1.0,1.0,0,Business
Airline 28,long delay weak communication would not recommend,no,6.0,5.0,3.0,3.0,1.0,,,2.0,0,Premium Economy
Airline 33,disappointing experience uncomfortable and expensive,no,4.0,4.0,3.0,,3.0,1.0,,1.0,0,Business
Airline 30,smooth journey friendly service worth the fare,yes,5.0,2.0,3.0,2.0,3.0,1.0,,2.0,0,Economy
Airline 33,disappointing experience uncomfortable and expensive,no,6.0,3.0,3.0,3.0,4.0,4.0,3.0,3.0,1,Economy
Airline 31,disappointing experience uncomfortable and expensive,no,9.0,3.0,3.0,4.0,3.0,2.0,,5.0,1,Premium Economy
Airline 16,good value and helpful cabin crew,yes,8.0,4.0,5.0,3.0,4.0,3.0,,5.0,1,Economy
Airline 13,efficient ground team and comfortable flight,yes,7.0,2.0,2.0,2.0,2.0,2.0,2.0,4.0,1,Economy
Airline 40,long delay weak communication would not recommend,no,5.0,1.0,2.0,2.0,1.0,,,1.0,0,Economy
Airline 18,long delay weak communication would not recommend,no,7.0,4.0,5.0,3.0,2.0,3.0,,4.0,0,Business
Airline 28,good value and helpful cabin crew,yes,5.0,1.0,3.0,,3.0,3.0,3.0,4.0,1,Economy
Airline 10,efficient ground team and comfortable flight,yes,6.0,3.0,5.0,3.0,3.0,,3.0,5.0,0,Economy
Airline 22,long delay weak communication would not recommend,no,7.0,3.0,4.0,2.0,3.0,4.0,3.0,4.0,0,Economy
Airline 27,poor value delay and unhelpful ground service,no,3.0,2.0,2.0,,2.0,2.0,,2.0,0,Economy
Airline 32,disappointing experience uncomfortable and expensive,no,2.0,1.0,2.0,3.0,,2.0,,1.0,0,Premium Economy
Airline 27,disappointing experience uncomfortable and expensive,no,3.0,3.0,1.0,4.0,1.0,2.0,1.0,2.0,1,Premium Economy
Airline 19,smooth journey friendly service worth the fare,no,4.0,3.0,2.0,1.0,4.0,,,1.0,1,Business
Airline 49,good value and helpful cabin crew,yes,7.0,3.0,4.0,,4.0,3.0,,4.0,0,Economy
Airline 26,disappointing experience uncomfortable and expensive,no,6.0,5.0,4.0,3.0,2.0,,1.0,3.0,0,Economy
Airline 41,disappointing experience uncomfortable and expensive,no,8.0,4.0,5.0,,3.0,3.0,,5.0,0,Economy
Airline 37,smooth journey friendly service worth the fare,yes,6.0,2.0,4.0,1.0,3.0,,,4.0,1,Business
Airline 28,good value and helpful cabin crew,no,4.0,5.0,4.0,2.0,3.0,,2.0,3.0,0,Economy
Airline 45,poor value delay and unhelpful ground service,no,7.0,3.0,5.0,4.0,5.0,3.0,,4.0,0,Economy
Airline 07,good value and helpful cabin crew,yes,7.0,3.0,4.0,3.0,3.0,2.0,,4.0,1,Business
Airline 47,long delay weak communication would not recommend,yes,6.0,3.0,3.0,,5.0,3.0,2.0,3.0,1,Economy
Airline 43,good value and helpful cabin crew,yes,6.0,4.0,4.0,5.0,4.0,4.0,4.0,4.0,1,Economy
Airline 26,long delay weak communication would not recommend,no,7.0,3.0,3.0,5.0,,1.0,,4.0,1,Economy
Airline 37,smooth journey friendly service worth the fare,no,5.0,2.0,3.0,,4.0,1.0,,2.0,0,Economy
Airline 27,long delay weak communication would not recommend,no,2.0,2.0,2.0,,3.0,,2.0,1.0,1,Economy
Airline 14,disappointing experience uncomfortable and expensive,no,6.0,3.0,4.0,4.0,5.0,3.0,,3.0,0,Economy
Airline 40,long delay weak communication would not recommend,no,8.0,5.0,3.0,1.0,4.0,,5.0,5.0,0,Economy
Airline 13,efficient ground team and comfortable flight,yes,3.0,2.0,3.0,1.0,3.0,3.0,,3.0,0,Economy
Airline 16,poor value delay and unhelpful ground service,no,9.0,4.0,5.0,4.0,2.0,3.0,2.0,3.0,1,Economy
Airline 26,long delay weak communication would not recommend,no,3.0,2.0,1.0,1.0,1.0,1.0,,1.0,0,Economy
Airline 42,long delay weak communication would not recommend,yes,6.0,3.0,5.0,2.0,4.0,2.0,,4.0,1,Premium Economy
Airline 20,good value and helpful cabin crew,yes,7.0,4.0,3.0,,4.0,2.0,1.0,3.0,1,Economy
Airline 25,disappointing experience uncomfortable and expensive,no,3.0,1.0,3.0,2.0,2.0,1.0,2.0,2.0,1,Economy
Airline 03,efficient ground team and comfortable flight,yes,10.0,5.0,5.0,5.0,5.0,,,5.0,0,Economy
Airline 06,poor value delay and unhelpful ground service,yes,6.0,2.0,3.0,,3.0,3.0,1.0,3.0,0,Economy
Airline 03,poor value delay and unhelpful ground service,no,4.0,2.0,1.0,3.0,2.0,,,3.0,0,Economy
Airline 04,poor value delay and unhelpful ground service,no,6.0,2.0,4.0,2.0,3.0,2.0,,1.0,1,Economy
Airline 44,good value and helpful cabin crew,no,2.0,1.0,3.0,1.0,1.0,2.0,1.0,2.0,0,Economy
Airline 43,smooth journey friendly service worth the fare,no,6.0,2.0,3.0,2.0,3.0,2.0,2.0,3.0,1,Economy
Airline 42,efficient ground team and comfortable flight,yes,9.0,5.0,4.0,4.0,4.0,3.0,,5.0,0,Economy
Airline 03,disappointing experience uncomfortable and expensive,no,3.0,3.0,3.0,1.0,3.0,3.0,,2.0,0,Business
Airline 04,efficient ground team and comfortable flight,no,4.0,3.0,3.0,2.0,2.0,2.0,3.0,1.0,0,Economy
Airline 15,poor value delay and unhelpful ground service,no,9.0,3.0,4.0,4.0,4.0,,,4.0,1,Economy
Airline 29,efficient ground team and comfortable flight,yes,9.0,4.0,4.0,4.0,2.0,3.0,,4.0,0,Economy
Airline 17,long delay weak communication would not recommend,yes,6.0,5.0,2.0,3.0,4.0,2.0,3.0,4.0,0,Economy
Airline 25,long delay weak communication would not recommend,no,7.0,4.0,2.0,2.0,3.0,3.0,2.0,3.0,1,Economy
Airline 09,poor value delay and unhelpful ground service,no,4.0,2.0,3.0,2.0,2.0,,1.0,3.0,1,Business
Airline 37,poor value delay and unhelpful ground service,no,6.0,2.0,3.0,3.0,2.0,2.0,,2.0,0,Economy
Airline 16,smooth journey friendly service worth the fare,no,2.0,3.0,3.0,1.0,2.0,4.0,,2.0,0,Business
Airline 04,efficient ground team and comfortable flight,no,3.0,2.0,1.0,1.0,3.0,,,2.0,1,Economy
Airline 38,disappointing experience uncomfortable and expensive,no,5.0,5.0,2.0,4.0,2.0,2.0,,2.0,0,Economy
Airline 46,disappointing experience uncomfortable and expensive,no,2.0,2.0,3.0,3.0,2.0,,2.0,3.0,0,Business
Airline 01,good value and helpful cabin crew,no,1.0,2.0,1.0,2.0,1.0,2.0,2.0,2.0,1,Economy
Airline 22,smooth journey friendly service worth the fare,yes,7.0,3.0,4.0,4.0,3.0,2.0,,4.0,0,Economy
Airline 42,good value and helpful cabin crew,no,4.0,3.0,2.0,,3.0,,,3.0,1,Economy
Airline 36,poor value delay and unhelpful ground service,no,10.0,5.0,4.0,2.0,4.0,,,3.0,0,Economy
Airline 43,long delay weak communication would not recommend,no,6.0,3.0,3.0,3.0,2.0,3.0,,2.0,1,Economy
Airline 21,efficient ground team and comfortable flight,yes,8.0,3.0,4.0,,,4.0,,3.0,0,Economy
Airline 19,poor value delay and unhelpful ground service,no,7.0,2.0,3.0,,3.0,4.0,3.0,3.0,0,Economy
Airline 36,poor value delay and unhelpful ground service,no,4.0,4.0,1.0,2.0,3.0,3.0,1.0,2.0,0,Premium Economy
Airline 08,efficient ground team and comfortable flight,yes,7.0,3.0,4.0,3.0,3.0,4.0,,4.0,0,Business
Airline 12,poor value delay and unhelpful ground service,no,7.0,3.0,4.0,2.0,4.0,3.0,2.0,3.0,0,Economy
Airline 31,disappointing experience uncomfortable and expensive,no,6.0,1.0,4.0,3.0,4.0,,2.0,2.0,0,Economy
Airline 34,poor value delay and unhelpful ground service,no,5.0,3.0,3.0,2.0,,,,4.0,1,Business
Airline 06,smooth journey friendly service worth the fare,no,7.0,2.0,4.0,,3.0,2.0,1.0,2.0,0,Economy
Airline 26,poor value delay and unhelpful ground service,no,2.0,1.0,2.0,3.0,2.0,,,1.0,1,Economy
Airline 19,efficient ground team and comfortable flight,yes,6.0,3.0,4.0,3.0,3.0,3.0,,3.0,0,Economy
Airline 26,long delay weak communication would not recommend,no,4.0,2.0,3.0,,2.0,3.0,,3.0,1,Economy
Airline 48,long delay weak communication would not recommend,no,3.0,4.0,1.0,,1.0,1.0,1.0,2.0,1,Economy
Airline 04,efficient ground team and comfortable flight,no,7.0,5.0,3.0,3.0,2.0,3.0,,4.0,0,Economy
Airline 50,good value and helpful cabin crew,no,9.0,3.0,4.0,5.0,3.0,,4.0,5.0,1,Premium Economy
Airline 23,disappointing experience uncomfortable and expensive,no,3.0,4.0,3.0,2.0,4.0,2.0,2.0,3.0,1,Economy
Airline 39,poor value delay and unhelpful ground service,no,7.0,5.0,2.0,1.0,1.0,3.0,3.0,4.0,0,Economy
Airline 22,long delay weak communication would not recommend,no,4.0,2.0,2.0,3.0,3.0,,,1.0,0,Economy
Airline 16,disappointing experience uncomfortable and expensive,no,7.0,2.0,4.0,,2.0,4.0,3.0,2.0,1,Economy
Airline 39,poor value delay and unhelpful ground service,no,4.0,1.0,3.0,4.0,3.0,,3.0,3.0,0,Economy
Airline 35,long delay weak communication would not recommend,no,6.0,4.0,3.0,,2.0,,1.0,3.0,1,Economy
Airline 08,smooth journey friendly service worth the fare,no,3.0,2.0,4.0,5.0,2.0,,,3.0,1,Economy
Airline 36,long delay weak communication would not recommend,no,10.0,4.0,3.0,,5.0,2.0,3.0,4.0,1,Economy
Airline 38,efficient ground team and comfortable flight,no,3.0,2.0,4.0,4.0,3.0,4.0,,3.0,0,Economy
Airline 20,long delay weak communication would not recommend,no,3.0,2.0,3.0,,2.0,2.0,2.0,3.0,1,Economy
Airline 47,long delay weak communication would not recommend,no,3.0,2.0,2.0,3.0,1.0,,,1.0,1,Business
Airline 33,poor value delay and unhelpful ground service,no,5.0,2.0,3.0,4.0,2.0,,,3.0,1,Business
Airline 17,long delay weak communication would not recommend,yes,8.0,3.0,4.0,4.0,5.0,,,5.0,1,Economy
Airline 01,disappointing experience uncomfortable and expensive,no,7.0,3.0,4.0,,3.0,,,2.0,0,Economy
Airline 34,smooth journey friendly service worth the fare,yes,10.0,4.0,5.0,1.0,5.0,4.0,,5.0,0,Economy
Airline 11,smooth journey friendly service worth the fare,yes,10.0,4.0,4.0,3.0,5.0,,,5.0,1,Premium Economy
Airline 38,disappointing experience uncomfortable and expensive,no,4.0,2.0,3.0,2.0,2.0,,2.0,3.0,1,Economy
Airline 27,poor value delay and unhelpful ground service,no,4.0,4.0,3.0,,3.0,,3.0,4.0,0,Economy
Airline 24,good value and helpful cabin crew,no,8.0,3.0,3.0,3.0,,3.0,3.0,2.0,1,Premium Economy
Airline 09,efficient ground team and comfortable flight,no,2.0,4.0,1.0,3.0,2.0,,,1.0,1,Economy
Airline 36,good value and helpful cabin crew,yes,8.0,4.0,4.0,,4.0,,,5.0,1,Business
Airline 09,efficient ground team and comfortable flight,yes,8.0,3.0,3.0,2.0,2.0,1.0,,4.0,1,Premium Economy
Airline 21,disappointing experience uncomfortable and expensive,no,3.0,3.0,2.0,1.0,3.0,2.0,1.0,3.0,0,Premium Economy
Airline 42,long delay weak communication would not recommend,no,7.0,4.0,3.0,5.0,4.0,3.0,,4.0,1,Economy
Airline 47,disappointing experience uncomfortable and expensive,yes,10.0,4.0,4.0,3.0,5.0,3.0,,5.0,0,Economy
Airline 50,disappointing experience uncomfortable and expensive,no,6.0,4.0,4.0,3.0,3.0,3.0,1.0,3.0,1,Premium Economy
Airline 48,disappointing experience uncomfortable and expensive,no,5.0,4.0,3.0,,4.0,,1.0,2.0,1,Economy
Airline 28,smooth journey friendly service worth the fare,yes,9.0,3.0,5.0,3.0,4.0,,,5.0,0,Premium Economy
Airline 11,smooth journey friendly service worth the fare,yes,8.0,4.0,5.0,3.0,4.0,1.0,1.0,5.0,1,Economy
Airline 42,disappointing experience uncomfortable and expensive,no,4.0,3.0,2.0,3.0,2.0,,,2.0,1,Business
Airline 41,good value and helpful cabin crew,yes,6.0,3.0,3.0,1.0,4.0,2.0,,3.0,1,Premium Economy
Airline 50,efficient ground team and comfortable flight,no,6.0,3.0,5.0,1.0,3.0,3.0,2.0,3.0,1,Economy
Airline 33,efficient ground team and comfortable flight,no,5.0,3.0,4.0,,3.0,,2.0,4.0,1,Economy
Airline 08,disappointing experience uncomfortable and expensive,no,2.0,2.0,2.0,2.0,1.0,,,2.0,0,Premium Economy
Airline 26,long delay weak communication would not recommend,no,1.0,2.0,2.0,2.0,2.0,,,1.0,0,Economy
Airline 23,poor value delay and unhelpful ground service,no,4.0,2.0,3.0,1.0,2.0,,,3.0,0,Economy
Airline 43,efficient ground team and comfortable flight,no,4.0,2.0,2.0,,2.0,3.0,1.0,2.0,1,Business
Airline 20,disappointing experience uncomfortable and expensive,no,4.0,2.0,1.0,1.0,4.0,,,2.0,1,Premium Economy
Airline 17,long delay weak communication would not recommend,no,7.0,4.0,3.0,3.0,4.0,3.0,,3.0,1,Business
Airline 05,disappointing experience uncomfortable and expensive,no,5.0,3.0,2.0,3.0,4.0,,,2.0,1,Economy
Airline 42,smooth journey friendly service worth the fare,yes,7.0,3.0,3.0,3.0,3.0,3.0,,4.0,1,Economy
Airline 38,long delay weak communication would not recommend,no,3.0,2.0,1.0,2.0,3.0,3.0,3.0,2.0,0,Business
Airline 03,disappointing experience uncomfortable and expensive,no,5.0,3.0,3.0,2.0,3.0,3.0,,3.0,1,Economy
Airline 22,good value and helpful cabin crew,yes,5.0,3.0,4.0,3.0,,,,4.0,0,Economy
Airline 24,efficient ground team and comfortable flight,yes,5.0,4.0,3.0,4.0,5.0,3.0,5.0,5.0,0,Economy
Airline 24,long delay weak communication would not recommend,no,4.0,2.0,2.0,,2.0,2.0,,2.0,1,Economy
Airline 46,efficient ground team and comfortable flight,no,7.0,3.0,4.0,4.0,3.0,2.0,,2.0,0,Economy
Airline 08,smooth journey friendly service worth the fare,yes,10.0,3.0,5.0,5.0,4.0,4.0,3.0,5.0,1,Economy
Airline 16,efficient ground team and comfortable flight,no,6.0,4.0,2.0,1.0,4.0,,2.0,2.0,0,Economy
Airline 10,disappointing experience uncomfortable and expensive,no,4.0,2.0,2.0,2.0,2.0,2.0,,2.0,0,Premium Economy
Airline 13,good value and helpful cabin crew,yes,3.0,2.0,5.0,,4.0,1.0,2.0,3.0,0,Economy
Airline 46,efficient ground team and comfortable flight,yes,8.0,2.0,3.0,1.0,2.0,3.0,1.0,4.0,0,Premium Economy
Airline 48,efficient ground team and comfortable flight,yes,4.0,2.0,3.0,4.0,,2.0,,4.0,0,Economy
Airline 03,smooth journey friendly service worth the fare,yes,4.0,3.0,3.0,3.0,2.0,1.0,3.0,3.0,0,Business
Airline 32,long delay weak communication would not recommend,no,4.0,3.0,2.0,2.0,2.0,3.0,1.0,3.0,0,Economy
Airline 12,long delay weak communication would not recommend,no,4.0,2.0,4.0,1.0,2.0,2.0,2.0,2.0,1,Economy
Airline 10,disappointing experience uncomfortable and expensive,no,4.0,1.0,3.0,3.0,2.0,,2.0,2.0,1,Economy
Airline 15,smooth journey friendly service worth the fare,no,5.0,3.0,4.0,,3.0,3.0,4.0,4.0,0,Economy
Airline 10,good value and helpful cabin crew,no,3.0,2.0,3.0,,2.0,2.0,3.0,1.0,1,Economy
Airline 25,poor value delay and unhelpful ground service,no,4.0,4.0,2.0,2.0,,1.0,,2.0,0,Premium Economy
Airline 50,disappointing experience uncomfortable and expensive,no,7.0,3.0,3.0,4.0,2.0,,4.0,3.0,1,Economy
Airline 30,poor value delay and unhelpful ground service,no,7.0,3.0,3.0,,4.0,2.0,2.0,4.0,0,Premium Economy
Airline 37,smooth journey friendly service worth the fare,no,4.0,4.0,3.0,,3.0,5.0,2.0,3.0,0,Economy
Airline 25,smooth journey friendly service worth the fare,yes,5.0,4.0,4.0,3.0,5.0,,,3.0,1,Economy
Airline 01,poor value delay and unhelpful ground service,no,4.0,2.0,3.0,2.0,3.0,,1.0,2.0,0,Economy
Airline 05,disappointing experience uncomfortable and expensive,no,6.0,2.0,3.0,3.0,,5.0,2.0,4.0,0,Business
Airline 14,long delay weak communication would not recommend,no,6.0,2.0,3.0,,4.0,3.0,2.0,3.0,0,Economy
Airline 13,disappointing experience uncomfortable and expensive,no,8.0,5.0,4.0,2.0,,3.0,,3.0,1,Business
Airline 43,smooth journey friendly service worth the fare,no,6.0,3.0,3.0,4.0,3.0,3.0,,3.0,0,Economy
Airline 43,long delay weak communication would not recommend,no,6.0,4.0,3.0,4.0,3.0,2.0,2.0,3.0,0,Economy
Airline 43,good value and helpful cabin crew,no,4.0,2.0,4.0,3.0,2.0,1.0,3.0,3.0,1,Economy
Airline 32,efficient ground team and comfortable flight,yes,8.0,2.0,3.0,3.0,2.0,,2.0,4.0,0,Premium Economy
Airline 28,long delay weak communication would not recommend,no,10.0,4.0,4.0,4.0,5.0,,,4.0,1,Economy
Airline 33,disappointing experience uncomfortable and expensive,no,4.0,2.0,3.0,2.0,3.0,,3.0,1.0,0,Business
Airline 21,disappointing experience uncomfortable and expensive,no,5.0,3.0,3.0,2.0,3.0,,3.0,3.0,0,Economy
Airline 34,poor value delay and unhelpful ground service,no,5.0,4.0,3.0,2.0,3.0,3.0,3.0,3.0,0,Economy
Airline 40,smooth journey friendly service worth the fare,yes,6.0,3.0,3.0,,3.0,,,4.0,0,Economy
Airline 39,smooth journey friendly service worth the fare,no,4.0,1.0,2.0,4.0,3.0,,,2.0,1,Economy
Airline 31,disappointing experience uncomfortable and expensive,no,3.0,2.0,3.0,2.0,3.0,2.0,,2.0,0,Economy
Airline 03,disappointing experience uncomfortable and expensive,no,6.0,1.0,3.0,4.0,3.0,,,3.0,1,Business
Airline 37,long delay weak communication would not recommend,no,1.0,1.0,1.0,3.0,1.0,,,2.0,0,Economy
Airline 19,smooth journey friendly service worth the fare,no,4.0,3.0,3.0,,3.0,2.0,2.0,3.0,0,Premium Economy
Airline 38,long delay weak communication would not recommend,no,6.0,2.0,3.0,1.0,4.0,,3.0,3.0,0,Economy
Airline 27,smooth journey friendly service worth the fare,yes,7.0,2.0,3.0,4.0,4.0,3.0,2.0,3.0,1,Economy
Airline 45,long delay weak communication would not recommend,no,8.0,4.0,4.0,3.0,5.0,,,3.0,1,Economy
Airline 17,poor value delay and unhelpful ground service,no,3.0,2.0,3.0,,2.0,4.0,,1.0,0,Economy
Airline 47,poor value delay and unhelpful ground service,no,4.0,2.0,2.0,2.0,2.0,,,1.0,0,Premium Economy
Airline 43,long delay weak communication would not recommend,no,1.0,1.0,1.0,1.0,1.0,,,1.0,1,Economy
Airline 17,poor value delay and unhelpful ground service,no,3.0,3.0,1.0,5.0,1.0,3.0,3.0,4.0,1,Premium Economy
Airline 25,poor value delay and unhelpful ground service,no,5.0,2.0,3.0,2.0,2.0,,,3.0,1,Economy
Airline 27,long delay weak communication would not recommend,no,5.0,2.0,2.0,3.0,2.0,2.0,3.0,3.0,1,Economy
Airline 39,poor value delay and unhelpful ground service,yes,5.0,2.0,3.0,,4.0,,,3.0,0,Economy
Airline 35,long delay weak communication would not recommend,no,8.0,3.0,5.0,5.0,5.0,2.0,3.0,4.0,1,Economy
Airline 43,long delay weak communication would not recommend,no,4.0,3.0,3.0,4.0,4.0,2.0,1.0,4.0,0,Economy
Airline 19,smooth journey friendly service worth the fare,no,5.0,3.0,4.0,,,1.0,,3.0,1,Economy
Airline 26,good value and helpful cabin crew,yes,9.0,5.0,5.0,3.0,5.0,5.0,3.0,4.0,0,Economy
Airline 22,disappointing experience uncomfortable and expensive,no,5.0,3.0,4.0,1.0,,4.0,2.0,2.0,0,Economy
Airline 46,poor value delay and unhelpful ground service,no,3.0,2.0,2.0,2.0,3.0,2.0,,3.0,1,Economy
Airline 16,efficient ground team and comfortable flight,no,3.0,2.0,3.0,2.0,2.0,1.0,,1.0,1,Economy
Airline 30,disappointing experience uncomfortable and expensive,no,6.0,5.0,4.0,3.0,4.0,4.0,,1.0,1,Economy
Airline 07,poor value delay and unhelpful ground service,no,6.0,4.0,4.0,5.0,3.0,,3.0,3.0,0,Economy
Airline 43,efficient ground team and comfortable flight,yes,7.0,2.0,5.0,5.0,5.0,,3.0,5.0,0,Premium Economy
Airline 20,smooth journey friendly service worth the fare,yes,7.0,3.0,3.0,4.0,2.0,1.0,,3.0,0,Premium Economy
Airline 18,poor value delay and unhelpful ground service,no,5.0,2.0,3.0,2.0,3.0,,,2.0,1,Premium Economy
Airline 30,good value and helpful cabin crew,no,3.0,1.0,2.0,,2.0,2.0,3.0,1.0,1,Economy
Airline 25,smooth journey friendly service worth the fare,no,4.0,5.0,4.0,3.0,3.0,3.0,2.0,4.0,1,Premium Economy
Airline 43,poor value delay and unhelpful ground service,no,3.0,3.0,3.0,,1.0,,4.0,1.0,1,Economy
Airline 27,disappointing experience uncomfortable and expensive,no,8.0,3.0,3.0,,3.0,,,4.0,0,Business
Airline 26,long delay weak communication would not recommend,no,10.0,3.0,5.0,4.0,5.0,,,4.0,1,Economy
Airline 06,good value and helpful cabin crew,yes,6.0,3.0,3.0,,3.0,,5.0,5.0,0,Economy
Airline 02,long delay weak communication would not recommend,no,5.0,2.0,4.0,4.0,3.0,3.0,,2.0,0,Economy
Airline 20,disappointing experience uncomfortable and expensive,no,4.0,3.0,3.0,3.0,4.0,4.0,3.0,3.0,1,Economy
Airline 50,long delay weak communication would not recommend,no,7.0,2.0,4.0,,4.0,,3.0,2.0,0,Business
Airline 46,poor value delay and unhelpful ground service,no,5.0,2.0,2.0,3.0,2.0,,,2.0,1,Economy
Airline 32,good value and helpful cabin crew,yes,10.0,3.0,3.0,,4.0,,3.0,4.0,1,Economy
Airline 32,long delay weak communication would not recommend,no,6.0,4.0,4.0,,3.0,,1.0,3.0,0,Premium Economy
Airline 20,poor value delay and unhelpful ground service,yes,6.0,5.0,3.0,3.0,5.0,,1.0,3.0,0,Economy
Airline 09,long delay weak communication would not recommend,no,1.0,1.0,1.0,2.0,1.0,1.0,2.0,1.0,1,Economy
Airline 01,good value and helpful cabin crew,yes,8.0,4.0,3.0,3.0,4.0,4.0,1.0,3.0,1,Premium Economy
Airline 17,good value and helpful cabin crew,yes,10.0,4.0,3.0,4.0,5.0,,3.0,4.0,1,Economy
Airline 16,disappointing experience uncomfortable and expensive,no,7.0,3.0,3.0,3.0,4.0,,2.0,3.0,0,Economy
Airline 10,efficient ground team and comfortable flight,yes,7.0,5.0,3.0,2.0,4.0,,1.0,5.0,1,Economy
Airline 13,disappointing experience uncomfortable and expensive,no,7.0,2.0,3.0,3.0,4.0,3.0,4.0,3.0,0,Economy
Airline 02,disappointing experience uncomfortable and expensive,no,5.0,3.0,3.0,2.0,3.0,2.0,1.0,2.0,1,Business
Airline 31,smooth journey friendly service worth the fare,no,6.0,3.0,2.0,,4.0,,,3.0,1,Business
Airline 47,poor value delay and unhelpful ground service,no,5.0,2.0,3.0,,1.0,,,2.0,0,Economy
Airline 35,poor value delay and unhelpful ground service,no,4.0,5.0,3.0,3.0,3.0,,,2.0,0,Economy
Airline 23,smooth journey friendly service worth the fare,yes,8.0,5.0,2.0,1.0,4.0,4.0,,5.0,1,Economy
Airline 22,poor value delay and unhelpful ground service,no,7.0,3.0,4.0,4.0,3.0,4.0,,4.0,0,Business
Airline 16,long delay weak communication would not recommend,no,5.0,3.0,3.0,,2.0,,1.0,4.0,1,Business
Airline 08,smooth journey friendly service worth the fare,yes,4.0,2.0,2.0,2.0,1.0,2.0,,2.0,0,Economy
Airline 30,poor value delay and unhelpful ground service,no,7.0,2.0,3.0,,1.0,1.0,,2.0,0,Economy
Airline 29,smooth journey friendly service worth the fare,yes,7.0,2.0,4.0,3.0,5.0,2.0,,4.0,1,Economy
Airline 01,long delay weak communication would not recommend,no,5.0,1.0,2.0,2.0,2.0,2.0,3.0,1.0,1,Economy
Airline 21,long delay weak communication would not recommend,no,5.0,5.0,3.0,4.0,1.0,1.0,,4.0,1,Economy
Airline 14,disappointing experience uncomfortable and expensive,yes,7.0,3.0,4.0,1.0,3.0,3.0,,3.0,1,Premium Economy
Airline 09,good value and helpful cabin crew,no,5.0,3.0,2.0,2.0,4.0,3.0,2.0,2.0,1,Economy
Airline 36,smooth journey friendly service worth the fare,yes,8.0,3.0,4.0,2.0,4.0,4.0,,4.0,1,Economy
Airline 27,smooth journey friendly service worth the fare,no,4.0,3.0,4.0,,4.0,3.0,1.0,3.0,1,Economy
Airline 32,efficient ground team and comfortable flight,no,4.0,2.0,2.0,,4.0,,,4.0,1,Economy
Airline 36,disappointing experience uncomfortable and expensive,no,4.0,2.0,3.0,3.0,1.0,1.0,,3.0,0,Business
Airline 50,good value and helpful cabin crew,yes,8.0,3.0,3.0,2.0,4.0,2.0,,4.0,1,Economy
Airline 41,disappointing experience uncomfortable and expensive,no,4.0,4.0,2.0,2.0,2.0,4.0,2.0,2.0,0,Economy
Airline 32,disappointing experience uncomfortable and expensive,no,6.0,2.0,4.0,2.0,2.0,,3.0,4.0,0,Premium Economy
Airline 44,poor value delay and unhelpful ground service,no,4.0,2.0,1.0,3.0,2.0,3.0,1.0,2.0,0,Business
Airline 24,poor value delay and unhelpful ground service,no,4.0,1.0,2.0,2.0,1.0,2.0,,1.0,1,Economy
Airline 50,smooth journey friendly service worth the fare,yes,5.0,2.0,3.0,1.0,2.0,3.0,,3.0,1,Business
Airline 39,smooth journey friendly service worth the fare,yes,10.0,3.0,4.0,4.0,4.0,2.0,4.0,4.0,1,Economy
Airline 33,good value and helpful cabin crew,yes,6.0,4.0,3.0,4.0,4.0,4.0,2.0,3.0,1,Economy
Airline 46,smooth journey friendly service worth the fare,no,3.0,2.0,2.0,2.0,3.0,,,2.0,0,Business
Airline 26,smooth journey friendly service worth the fare,yes,6.0,3.0,4.0,3.0,,,4.0,4.0,0,Economy
Airline 37,good value and helpful cabin crew,no,5.0,3.0,3.0,,,5.0,4.0,3.0,1,Business
Airline 15,smooth journey friendly service worth the fare,yes,10.0,5.0,5.0,,5.0,,,5.0,0,Business
Airline 49,disappointing experience uncomfortable and expensive,no,5.0,5.0,4.0,1.0,3.0,3.0,,3.0,1,Economy
Airline 32,long delay weak communication would not recommend,no,3.0,2.0,3.0,,2.0,1.0,3.0,2.0,0,Premium Economy
Airline 40,good value and helpful cabin crew,yes,8.0,4.0,5.0,3.0,5.0,,2.0,5.0,1,Premium Economy
Airline 24,long delay weak communication would not recommend,no,1.0,3.0,1.0,,1.0,3.0,,1.0,0,Economy
Airline 44,poor value delay and unhelpful ground service,no,6.0,2.0,4.0,3.0,2.0,,2.0,3.0,0,Economy
Airline 04,efficient ground team and comfortable flight,yes,9.0,4.0,5.0,5.0,5.0,,2.0,5.0,1,Business
Airline 06,long delay weak communication would not recommend,no,5.0,2.0,4.0,4.0,3.0,4.0,1.0,3.0,1,Economy
Airline 26,disappointing experience uncomfortable and expensive,no,2.0,2.0,2.0,2.0,1.0,3.0,1.0,1.0,1,Economy
Airline 37,good value and helpful cabin crew,yes,7.0,3.0,5.0,,2.0,,,2.0,0,Economy
Airline 41,smooth journey friendly service worth the fare,yes,8.0,4.0,4.0,2.0,4.0,2.0,,5.0,1,Economy
Airline 23,long delay weak communication would not recommend,yes,4.0,2.0,4.0,4.0,4.0,,,4.0,0,Economy
Airline 33,long delay weak communication would not recommend,yes,3.0,4.0,3.0,,,2.0,,3.0,0,Economy
Airline 28,disappointing experience uncomfortable and expensive,no,6.0,3.0,2.0,1.0,4.0,3.0,,2.0,1,Premium Economy
Airline 49,long delay weak communication would not recommend,no,6.0,1.0,4.0,,1.0,,,3.0,1,Business
Airline 33,smooth journey friendly service worth the fare,yes,7.0,3.0,3.0,1.0,2.0,,,4.0,1,Economy
Airline 21,long delay weak communication would not recommend,no,9.0,2.0,5.0,4.0,3.0,,2.0,5.0,0,Premium Economy
Airline 49,smooth journey friendly service worth the fare,yes,9.0,4.0,5.0,3.0,5.0,5.0,1.0,4.0,0,Economy
Airline 06,smooth journey friendly service worth the fare,no,6.0,3.0,4.0,4.0,4.0,,1.0,4.0,1,Business
Airline 50,long delay weak communication would not recommend,no,4.0,2.0,2.0,3.0,2.0,3.0,,1.0,0,Economy
Airline 08,poor value delay and unhelpful ground service,no,4.0,1.0,2.0,3.0,2.0,3.0,,1.0,1,Economy
Airline 15,poor value delay and unhelpful ground service,no,8.0,3.0,1.0,3.0,,3.0,5.0,4.0,0,Economy
Airline 42,poor value delay and unhelpful ground service,no,2.0,3.0,2.0,1.0,1.0,1.0,3.0,1.0,0,Economy
Airline 37,long delay weak communication would not recommend,no,5.0,4.0,4.0,2.0,3.0,1.0,2.0,3.0,1,Economy
Airline 49,poor value delay and unhelpful ground service,no,5.0,4.0,3.0,,3.0,4.0,4.0,3.0,0,Economy
Airline 38,good value and helpful cabin crew,no,4.0,1.0,2.0,,1.0,,,1.0,1,Economy
Airline 32,disappointing experience uncomfortable and expensive,no,4.0,2.0,2.0,2.0,3.0,3.0,,2.0,0,Premium Economy
Airline 18,poor value delay and unhelpful ground service,no,6.0,3.0,4.0,,3.0,3.0,,3.0,0,Economy
Airline 01,good value and helpful cabin crew,yes,7.0,3.0,4.0,,4.0,3.0,,3.0,0,Economy
Airline 07,efficient ground team and comfortable flight,yes,6.0,2.0,5.0,4.0,4.0,3.0,,4.0,1,Economy
Airline 15,smooth journey friendly service worth the fare,no,8.0,2.0,3.0,,4.0,4.0,,4.0,0,Economy
Airline 03,disappointing experience uncomfortable and expensive,no,5.0,4.0,3.0,4.0,3.0,,3.0,3.0,1,Economy
Airline 26,long delay weak communication would not recommend,no,3.0,1.0,2.0,2.0,2.0,,,2.0,1,Economy
Airline 39,efficient ground team and comfortable flight,no,2.0,2.0,4.0,3.0,2.0,2.0,1.0,3.0,0,Economy
Airline 49,poor value delay and unhelpful ground service,no,5.0,3.0,3.0,3.0,3.0,,,1.0,0,Business
Airline 25,long delay weak communication would not recommend,no,6.0,3.0,5.0,3.0,4.0,,1.0,3.0,1,Economy
Airline 44,disappointing experience uncomfortable and expensive,no,5.0,3.0,3.0,3.0,4.0,3.0,,3.0,1,Premium Economy
Airline 50,long delay weak communication would not recommend,no,1.0,2.0,3.0,3.0,1.0,1.0,,1.0,1,Economy
Airline 43,poor value delay and unhelpful ground service,no,4.0,3.0,3.0,2.0,3.0,2.0,3.0,1.0,0,Economy
Airline 24,smooth journey friendly service worth the fare,yes,9.0,3.0,5.0,5.0,3.0,4.0,2.0,4.0,0,Economy
Airline 17,efficient ground team and comfortable flight,no,7.0,3.0,2.0,2.0,3.0,3.0,,3.0,0,Economy
Airline 49,disappointing experience uncomfortable and expensive,no,4.0,1.0,2.0,,2.0,,1.0,2.0,0,Economy
Airline 13,good value and helpful cabin crew,yes,10.0,5.0,4.0,3.0,5.0,4.0,4.0,5.0,1,Business
Airline 21,disappointing experience uncomfortable and expensive,no,5.0,2.0,3.0,2.0,3.0,2.0,,2.0,1,Business
Airline 04,good value and helpful cabin crew,yes,6.0,3.0,2.0,,4.0,3.0,2.0,3.0,1,Business
Airline 40,good value and helpful cabin crew,no,7.0,4.0,3.0,5.0,2.0,3.0,3.0,4.0,1,Economy
Airline 33,poor value delay and unhelpful ground service,no,7.0,2.0,4.0,,2.0,3.0,,2.0,1,Economy
Airline 05,long delay weak communication would not recommend,no,3.0,2.0,3.0,1.0,2.0,1.0,2.0,2.0,0,Premium Economy
Airline 12,poor value delay and unhelpful ground service,yes,10.0,5.0,4.0,4.0,5.0,,1.0,5.0,1,Economy
Airline 28,smooth journey friendly service worth the fare,no,8.0,3.0,2.0,3.0,3.0,,4.0,4.0,0,Economy
Airline 28,poor value delay and unhelpful ground service,no,7.0,4.0,4.0,2.0,4.0,,,5.0,0,Economy
Airline 41,poor value delay and unhelpful ground service,yes,6.0,4.0,5.0,,4.0,,2.0,3.0,1,Economy
Airline 14,long delay weak communication would not recommend,no,3.0,3.0,2.0,2.0,1.0,3.0,,2.0,0,Economy
Airline 47,disappointing experience uncomfortable and expensive,yes,7.0,5.0,5.0,2.0,4.0,,3.0,4.0,1,Economy
Airline 23,disappointing experience uncomfortable and expensive,no,5.0,2.0,3.0,,,,1.0,2.0,0,Economy
Airline 42,disappointing experience uncomfortable and expensive,no,8.0,2.0,2.0,,3.0,3.0,,4.0,0,Economy
Airline 12,smooth journey friendly service worth the fare,no,2.0,3.0,1.0,1.0,,1.0,2.0,1.0,1,Economy
Airline 02,poor value delay and unhelpful ground service,no,3.0,3.0,2.0,,1.0,2.0,1.0,1.0,1,Economy
Airline 03,smooth journey friendly service worth the fare,no,6.0,2.0,4.0,,4.0,4.0,3.0,3.0,1,Economy
Airline 19,poor value delay and unhelpful ground service,no,3.0,3.0,4.0,4.0,,4.0,3.0,1.0,0,Economy
Airline 48,poor value delay and unhelpful ground service,no,2.0,4.0,1.0,1.0,2.0,2.0,2.0,2.0,1,Premium Economy
Airline 03,disappointing experience uncomfortable and expensive,no,6.0,3.0,4.0,2.0,3.0,3.0,3.0,3.0,0,Economy
Airline 19,disappointing experience uncomfortable and expensive,yes,10.0,5.0,5.0,4.0,5.0,4.0,,4.0,1,Economy
Airline 06,efficient ground team and comfortable flight,yes,9.0,5.0,4.0,3.0,4.0,2.0,,5.0,0,Premium Economy
Airline 47,disappointing experience uncomfortable and expensive,no,4.0,5.0,3.0,,4.0,3.0,1.0,2.0,1,Economy
Airline 34,disappointing experience uncomfortable and expensive,no,5.0,3.0,3.0,2.0,3.0,,3.0,3.0,1,Economy
Airline 39,poor value delay and unhelpful ground service,no,6.0,5.0,4.0,5.0,2.0,4.0,3.0,5.0,1,Economy
Airline 36,efficient ground team and comfortable flight,yes,9.0,3.0,4.0,3.0,5.0,,,4.0,0,Economy
Airline 33,long delay weak communication would not recommend,no,5.0,3.0,3.0,,2.0,3.0,,3.0,1,Economy
Airline 39,disappointing experience uncomfortable and expensive,no,6.0,3.0,4.0,2.0,3.0,4.0,,2.0,0,Business
Airline 01,long delay weak communication would not recommend,no,6.0,1.0,2.0,2.0,2.0,4.0,2.0,2.0,0,Economy
Airline 44,disappointing experience uncomfortable and expensive,no,6.0,2.0,2.0,2.0,5.0,,3.0,3.0,1,Economy
Airline 37,disappointing experience uncomfortable and expensive,no,6.0,3.0,4.0,,2.0,,1.0,3.0,0,Premium Economy
Airline 37,smooth journey friendly service worth the fare,yes,6.0,3.0,2.0,2.0,4.0,3.0,,3.0,0,Business
Airline 20,disappointing experience uncomfortable and expensive,yes,9.0,3.0,4.0,3.0,4.0,4.0,,4.0,0,Economy
Airline 41,long delay weak communication would not recommend,yes,8.0,5.0,4.0,2.0,3.0,,,4.0,1,Economy
Airline 20,poor value delay and unhelpful ground service,no,5.0,2.0,3.0,2.0,4.0,3.0,2.0,2.0,0,Economy
Airline 03,good value and helpful cabin crew,yes,8.0,4.0,3.0,5.0,4.0,5.0,4.0,5.0,0,Economy
Airline 46,poor value delay and unhelpful ground service,no,4.0,2.0,2.0,4.0,3.0,,,3.0,1,Economy
Airline 12,good value and helpful cabin crew,yes,9.0,4.0,5.0,5.0,3.0,,,5.0,0,Economy
Airline 06,disappointing experience uncomfortable and expensive,no,5.0,4.0,4.0,,3.0,3.0,1.0,4.0,1,Economy
Airline 32,good value and helpful cabin crew,yes,10.0,5.0,5.0,3.0,5.0,,3.0,5.0,0,Economy
Airline 12,smooth journey friendly service worth the fare,no,3.0,3.0,2.0,4.0,1.0,,,2.0,0,Economy
Airline 43,smooth journey friendly service worth the fare,yes,3.0,3.0,3.0,2.0,2.0,,,2.0,1,Economy
Airline 23,efficient ground team and comfortable flight,yes,5.0,2.0,3.0,2.0,3.0,4.0,2.0,4.0,0,Premium Economy
Airline 01,good value and helpful cabin crew,no,6.0,4.0,2.0,4.0,3.0,,1.0,3.0,0,Premium Economy
Airline 48,disappointing experience uncomfortable and expensive,yes,8.0,3.0,5.0,4.0,5.0,3.0,,4.0,0,Business
Airline 26,disappointing experience uncomfortable and expensive,no,4.0,3.0,3.0,3.0,2.0,2.0,,1.0,0,Economy
Airline 14,good value and helpful cabin crew,yes,7.0,3.0,3.0,1.0,3.0,3.0,3.0,4.0,1,Premium Economy
Airline 34,long delay weak communication would not recommend,yes,9.0,4.0,5.0,3.0,5.0,3.0,,5.0,1,Business
Airline 27,good value and helpful cabin crew,yes,8.0,3.0,3.0,4.0,3.0,,,4.0,0,Economy
Airline 02,efficient ground team and comfortable flight,no,5.0,2.0,3.0,2.0,2.0,2.0,3.0,3.0,1,Economy
Airline 38,good value and helpful cabin crew,yes,9.0,5.0,5.0,5.0,,4.0,,5.0,1,Premium Economy
Airline 21,efficient ground team and comfortable flight,no,7.0,3.0,4.0,2.0,4.0,3.0,,5.0,0,Economy
Airline 35,smooth journey friendly service worth the fare,yes,9.0,3.0,3.0,3.0,4.0,4.0,,3.0,0,Economy
Airline 45,poor value delay and unhelpful ground service,no,6.0,2.0,3.0,5.0,4.0,,,3.0,0,Premium Economy
Airline 31,disappointing experience uncomfortable and expensive,no,4.0,4.0,5.0,2.0,4.0,,1.0,4.0,1,Economy
Airline 34,good value and helpful cabin crew,yes,6.0,2.0,3.0,3.0,4.0,3.0,,3.0,0,Economy
Airline 13,smooth journey friendly service worth the fare,yes,5.0,3.0,5.0,,4.0,4.0,,4.0,0,Premium Economy
Airline 12,smooth journey friendly service worth the fare,yes,5.0,2.0,3.0,,3.0,3.0,,3.0,0,Economy
Airline 21,poor value delay and unhelpful ground service,no,3.0,4.0,2.0,2.0,3.0,1.0,,2.0,1,Economy
Airline 43,poor value delay and unhelpful ground service,no,4.0,2.0,2.0,,3.0,3.0,,2.0,0,Economy
Airline 27,disappointing experience uncomfortable and expensive,no,5.0,3.0,3.0,3.0,1.0,2.0,,2.0,0,Economy
Airline 18,good value and helpful cabin crew,yes,6.0,4.0,2.0,3.0,5.0,,3.0,4.0,0,Premium Economy
Airline 39,disappointing experience uncomfortable and expensive,no,5.0,2.0,3.0,1.0,3.0,,4.0,1.0,0,Business
Airline 43,good value and helpful cabin crew,yes,7.0,3.0,3.0,4.0,3.0,,,3.0,1,Economy
Airline 46,poor value delay and unhelpful ground service,no,6.0,3.0,4.0,2.0,2.0,2.0,2.0,3.0,0,Economy
Airline 15,long delay weak communication would not recommend,no,4.0,1.0,4.0,,1.0,3.0,,1.0,0,Economy
Airline 36,disappointing experience uncomfortable and expensive,yes,9.0,2.0,4.0,3.0,5.0,,3.0,5.0,1,Economy
Airline 30,efficient ground team and comfortable flight,no,4.0,2.0,1.0,,5.0,2.0,,2.0,1,Premium Economy
Airline 23,efficient ground team and comfortable flight,no,4.0,2.0,2.0,2.0,2.0,,,2.0,1,Business
Airline 20,good value and helpful cabin crew,yes,7.0,3.0,4.0,2.0,4.0,,,5.0,1,Economy
Airline 06,disappointing experience uncomfortable and expensive,yes,3.0,2.0,2.0,2.0,2.0,,2.0,2.0,1,Economy
Airline 14,disappointing experience uncomfortable and expensive,no,2.0,3.0,4.0,4.0,3.0,3.0,,3.0,0,Economy
Airline 28,smooth journey friendly service worth the fare,yes,7.0,5.0,5.0,3.0,5.0,3.0,2.0,4.0,0,Economy
Airline 45,efficient ground team and comfortable flight,no,3.0,2.0,3.0,,3.0,,,1.0,1,Economy
Airline 44,efficient ground team and comfortable flight,yes,9.0,4.0,4.0,2.0,4.0,3.0,2.0,5.0,1,Economy
Airline 10,smooth journey friendly service worth the fare,yes,8.0,4.0,5.0,4.0,5.0,4.0,2.0,5.0,1,Economy
Airline 34,poor value delay and unhelpful ground service,no,5.0,3.0,2.0,1.0,3.0,2.0,1.0,2.0,1,Economy
Airline 05,disappointing experience uncomfortable and expensive,no,7.0,4.0,4.0,,,,1.0,2.0,0,Economy
Airline 34,long delay weak communication would not recommend,yes,8.0,5.0,4.0,,3.0,3.0,,5.0,1,Economy
Airline 18,long delay weak communication would not recommend,no,6.0,4.0,2.0,,2.0,4.0,,2.0,1,Economy
Airline 23,long delay weak communication would not recommend,no,9.0,4.0,4.0,5.0,5.0,4.0,,3.0,0,Premium Economy
Airline 36,poor value delay and unhelpful ground service,no,2.0,4.0,4.0,1.0,3.0,4.0,,3.0,1,Economy
Airline 22,good value and helpful cabin crew,no,3.0,3.0,2.0,3.0,2.0,,2.0,2.0,0,Economy
Airline 41,smooth journey friendly service worth the fare,yes,3.0,2.0,4.0,2.0,,4.0,1.0,2.0,1,Economy
Airline 27,poor value delay and unhelpful ground service,no,4.0,3.0,2.0,2.0,4.0,,2.0,4.0,1,Economy
Airline 50,smooth journey friendly service worth the fare,yes,10.0,4.0,3.0,,3.0,4.0,,4.0,1,Business
Airline 32,long delay weak communication would not recommend,no,3.0,2.0,3.0,5.0,2.0,,,3.0,1,Economy
Airline 15,good value and helpful cabin crew,no,2.0,2.0,2.0,3.0,3.0,2.0,1.0,1.0,1,Economy
Airline 39,disappointing experience uncomfortable and expensive,no,2.0,1.0,2.0,,2.0,4.0,1.0,2.0,0,Economy
Airline 21,smooth journey friendly service worth the fare,yes,4.0,4.0,4.0,3.0,2.0,3.0,3.0,3.0,0,Economy
Airline 27,smooth journey friendly service worth the fare,yes,10.0,4.0,4.0,4.0,5.0,4.0,,5.0,1,Economy
Airline 07,disappointing experience uncomfortable and expensive,no,6.0,2.0,3.0,,4.0,4.0,,3.0,1,Economy
Airline 06,long delay weak communication would not recommend,no,7.0,2.0,3.0,,1.0,,,4.0,1,Economy
Airline 29,good value and helpful cabin crew,no,9.0,5.0,3.0,5.0,4.0,,3.0,5.0,1,Economy
Airline 10,efficient ground team and comfortable flight,no,5.0,3.0,3.0,,2.0,,,2.0,0,Economy
Airline 50,good value and helpful cabin crew,no,2.0,3.0,2.0,,1.0,2.0,,1.0,0,Economy
Airline 43,long delay weak communication would not recommend,no,3.0,2.0,1.0,2.0,2.0,2.0,,3.0,0,Economy
Airline 36,poor value delay and unhelpful ground service,yes,10.0,4.0,5.0,5.0,4.0,5.0,,4.0,1,Economy
Airline 37,disappointing experience uncomfortable and expensive,no,1.0,1.0,3.0,,1.0,1.0,2.0,1.0,0,Economy
Airline 30,efficient ground team and comfortable flight,yes,7.0,3.0,5.0,,3.0,2.0,,3.0,0,Premium Economy
Airline 04,smooth journey friendly service worth the fare,no,4.0,2.0,3.0,,2.0,,,2.0,0,Business
Airline 20,good value and helpful cabin crew,no,6.0,2.0,2.0,4.0,1.0,3.0,1.0,3.0,1,Business
Airline 25,good value and helpful cabin crew,yes,9.0,3.0,4.0,5.0,4.0,4.0,4.0,5.0,0,Economy
Airline 46,poor value delay and unhelpful ground service,no,4.0,1.0,3.0,5.0,3.0,3.0,3.0,3.0,1,Economy
Airline 11,poor value delay and unhelpful ground service,no,5.0,2.0,1.0,1.0,,,,3.0,0,Economy
Airline 25,smooth journey friendly service worth the fare,yes,7.0,2.0,3.0,3.0,3.0,3.0,,3.0,0,Business
Airline 18,disappointing experience uncomfortable and expensive,yes,7.0,3.0,4.0,1.0,3.0,2.0,1.0,3.0,0,Premium Economy
Airline 07,long delay weak communication would not recommend,no,3.0,1.0,2.0,,2.0,2.0,,3.0,0,Economy
Airline 06,disappointing experience uncomfortable and expensive,no,1.0,3.0,2.0,3.0,2.0,1.0,,2.0,1,Premium Economy
Airline 19,disappointing experience uncomfortable and expensive,no,3.0,4.0,3.0,,3.0,2.0,3.0,3.0,0,Economy
Airline 05,efficient ground team and comfortable flight,yes,8.0,5.0,3.0,,4.0,4.0,4.0,4.0,0,Economy
Airline 04,disappointing experience uncomfortable and expensive,no,7.0,4.0,3.0,3.0,1.0,,,3.0,1,Business
Airline 18,efficient ground team and comfortable flight,yes,9.0,4.0,3.0,3.0,3.0,3.0,1.0,4.0,1,Business
Airline 11,long delay weak communication would not recommend,no,5.0,3.0,3.0,,2.0,2.0,1.0,2.0,0,Premium Economy
Airline 28,disappointing experience uncomfortable and expensive,no,5.0,3.0,3.0,,2.0,,2.0,1.0,0,Economy
Airline 01,efficient ground team and comfortable flight,yes,7.0,3.0,5.0,3.0,4.0,,,4.0,1,Economy
Airline 16,poor value delay and unhelpful ground service,no,5.0,4.0,3.0,3.0,3.0,3.0,2.0,3.0,1,Economy
Airline 23,efficient ground team and comfortable flight,yes,4.0,3.0,3.0,2.0,3.0,4.0,,3.0,0,Economy
Airline 49,efficient ground team and comfortable flight,yes,7.0,3.0,3.0,4.0,5.0,,3.0,5.0,0,Economy
Airline 32,efficient ground team and comfortable flight,no,5.0,3.0,3.0,2.0,1.0,2.0,1.0,1.0,0,Economy
Airline 45,efficient ground team and comfortable flight,no,4.0,2.0,2.0,,2.0,3.0,1.0,2.0,1,Economy
Airline 18,long delay weak communication would not recommend,no,3.0,2.0,4.0,3.0,,1.0,1.0,3.0,1,Business
Airline 23,efficient ground team and comfortable flight,yes,7.0,4.0,4.0,,3.0,4.0,2.0,4.0,1,Economy
Airline 22,smooth journey friendly service worth the fare,yes,7.0,4.0,4.0,5.0,2.0,3.0,,3.0,1,Economy
Airline 45,smooth journey friendly service worth the fare,yes,10.0,4.0,5.0,,5.0,,4.0,5.0,1,Economy
Airline 48,smooth journey friendly service worth the fare,yes,6.0,3.0,3.0,2.0,4.0,,,2.0,0,Premium Economy
Airline 49,poor value delay and unhelpful ground service,no,1.0,2.0,1.0,3.0,2.0,1.0,,1.0,0,Economy
Airline 38,disappointing experience uncomfortable and expensive,no,5.0,2.0,3.0,2.0,,3.0,,3.0,1,Economy
Airline 26,smooth journey friendly service worth the fare,no,7.0,2.0,2.0,3.0,2.0,,1.0,3.0,0,Economy
Airline 28,disappointing experience uncomfortable and expensive,no,5.0,2.0,2.0,,2.0,3.0,3.0,3.0,1,Economy
Airline 50,efficient ground team and comfortable flight,no,8.0,3.0,4.0,4.0,3.0,,3.0,4.0,0,Premium Economy
Airline 15,smooth journey friendly service worth the fare,yes,7.0,4.0,2.0,,4.0,3.0,,2.0,1,Economy
Airline 18,disappointing experience uncomfortable and expensive,no,6.0,3.0,2.0,4.0,3.0,5.0,,2.0,0,Economy
Airline 45,efficient ground team and comfortable flight,yes,10.0,3.0,4.0,3.0,3.0,,,5.0,0,Business
Airline 20,disappointing experience uncomfortable and expensive,no,6.0,2.0,2.0,3.0,2.0,,2.0,2.0,0,Economy
Airline 12,smooth journey friendly service worth the fare,yes,3.0,2.0,3.0,3.0,2.0,2.0,,2.0,0,Economy
Airline 29,good value and helpful cabin crew,yes,10.0,5.0,5.0,4.0,5.0,3.0,2.0,5.0,1,Business
Airline 17,long delay weak communication would not recommend,no,3.0,3.0,2.0,2.0,3.0,2.0,,2.0,1,Business
Airline 45,long delay weak communication would not recommend,no,6.0,3.0,4.0,5.0,3.0,3.0,,3.0,1,Economy
Airline 46,poor value delay and unhelpful ground service,no,1.0,1.0,3.0,3.0,2.0,,2.0,2.0,1,Economy
Airline 16,long delay weak communication would not recommend,no,4.0,2.0,2.0,5.0,3.0,1.0,,4.0,0,Economy
Airline 27,good value and helpful cabin crew,no,4.0,2.0,3.0,1.0,3.0,2.0,,3.0,0,Economy
Airline 50,poor value delay and unhelpful ground service,no,6.0,2.0,2.0,2.0,2.0,2.0,,2.0,0,Economy
Airline 38,smooth journey friendly service worth the fare,yes,10.0,4.0,3.0,,3.0,,,5.0,0,Premium Economy
Airline 11,smooth journey friendly service worth the fare,yes,7.0,3.0,5.0,4.0,4.0,2.0,1.0,3.0,1,Economy
Airline 30,poor value delay and unhelpful ground service,yes,7.0,4.0,4.0,3.0,4.0,3.0,,3.0,0,Premium Economy
Airline 31,disappointing experience uncomfortable and expensive,no,1.0,1.0,2.0,3.0,2.0,1.0,1.0,1.0,0,Economy
Airline 33,long delay weak communication would not recommend,yes,10.0,3.0,5.0,,5.0,3.0,,5.0,1,Economy
Airline 02,disappointing experience uncomfortable and expensive,no,2.0,2.0,3.0,,,1.0,,2.0,0,Economy
Airline 15,efficient ground team and comfortable flight,yes,9.0,3.0,4.0,4.0,5.0,,,5.0,0,Economy
Airline 43,efficient ground team and comfortable flight,yes,8.0,3.0,4.0,4.0,5.0,2.0,,5.0,0,Economy
Airline 13,good value and helpful cabin crew,no,6.0,3.0,4.0,3.0,,,4.0,4.0,0,Economy
Airline 15,disappointing experience uncomfortable and expensive,no,2.0,2.0,1.0,1.0,1.0,2.0,2.0,2.0,0,Premium Economy
Airline 17,disappointing experience uncomfortable and expensive,no,5.0,3.0,4.0,3.0,3.0,2.0,,3.0,0,Economy
Airline 09,good value and helpful cabin crew,no,3.0,3.0,2.0,3.0,4.0,,2.0,3.0,0,Economy
Airline 08,long delay weak communication would not recommend,no,5.0,3.0,3.0,2.0,2.0,2.0,,3.0,1,Economy
Airline 18,poor value delay and unhelpful ground service,no,6.0,3.0,2.0,4.0,2.0,1.0,,2.0,1,Economy
Airline 44,long delay weak communication would not recommend,no,1.0,1.0,1.0,3.0,2.0,1.0,1.0,1.0,1,Economy
Airline 01,smooth journey friendly service worth the fare,yes,7.0,3.0,5.0,,4.0,1.0,1.0,4.0,0,Business
Airline 15,good value and helpful cabin crew,yes,6.0,4.0,4.0,,3.0,4.0,4.0,4.0,0,Economy
Airline 04,poor value delay and unhelpful ground service,no,5.0,2.0,4.0,3.0,3.0,4.0,,1.0,0,Economy
Airline 29,disappointing experience uncomfortable and expensive,no,7.0,2.0,2.0,3.0,2.0,4.0,1.0,2.0,1,Economy
Airline 13,smooth journey friendly service worth the fare,no,7.0,3.0,3.0,2.0,2.0,,1.0,3.0,1,Economy
Airline 40,disappointing experience uncomfortable and expensive,no,1.0,2.0,3.0,2.0,1.0,,,1.0,1,Premium Economy
Airline 30,poor value delay and unhelpful ground service,no,2.0,1.0,2.0,2.0,1.0,2.0,1.0,1.0,1,Premium Economy
Airline 40,efficient ground team and comfortable flight,yes,7.0,5.0,3.0,4.0,4.0,2.0,1.0,5.0,1,Economy
Airline 32,smooth journey friendly service worth the fare,no,9.0,4.0,3.0,4.0,3.0,,,4.0,0,Premium Economy
Airline 22,smooth journey friendly service worth the fare,no,5.0,2.0,2.0,,2.0,,1.0,2.0,0,Economy
Airline 44,long delay weak communication would not recommend,no,4.0,1.0,4.0,1.0,2.0,2.0,2.0,1.0,0,Premium Economy
Airline 24,long delay weak communication would not recommend,no,5.0,3.0,3.0,2.0,4.0,,,2.0,1,Premium Economy
Airline 48,long delay weak communication would not recommend,no,3.0,1.0,2.0,4.0,1.0,2.0,,1.0,1,Economy
Airline 50,poor value delay and unhelpful ground service,no,2.0,4.0,2.0,,,2.0,,1.0,1,Economy
Airline 30,disappointing experience uncomfortable and expensive,no,2.0,3.0,3.0,2.0,1.0,4.0,,2.0,1,Premium Economy
Airline 34,disappointing experience uncomfortable and expensive,no,8.0,4.0,3.0,3.0,3.0,,1.0,2.0,1,Premium Economy
Airline 13,long delay weak communication would not recommend,no,5.0,3.0,4.0,5.0,3.0,2.0,1.0,3.0,1,Economy
Airline 41,disappointing experience uncomfortable and expensive,yes,3.0,4.0,2.0,,4.0,,2.0,3.0,1,Economy
Airline 34,efficient ground team and comfortable flight,yes,10.0,2.0,5.0,4.0,5.0,3.0,,5.0,1,Economy
Airline 46,disappointing experience uncomfortable and expensive,no,3.0,2.0,2.0,3.0,3.0,,,2.0,0,Economy
Airline 14,disappointing experience uncomfortable and expensive,no,5.0,4.0,3.0,,4.0,,,3.0,0,Premium Economy
Airline 40,disappointing experience uncomfortable and expensive,no,3.0,4.0,4.0,,3.0,,,2.0,0,Economy
Airline 24,efficient ground team and comfortable flight,no,6.0,2.0,3.0,2.0,2.0,1.0,2.0,2.0,1,Business
Airline 10,disappointing experience uncomfortable and expensive,no,1.0,1.0,2.0,,3.0,2.0,2.0,1.0,0,Economy
Airline 09,good value and helpful cabin crew,yes,8.0,4.0,3.0,5.0,4.0,3.0,,5.0,0,Business
Airline 29,good value and helpful cabin crew,yes,7.0,4.0,3.0,,4.0,,,4.0,0,Economy
Airline 16,poor value delay and unhelpful ground service,no,6.0,3.0,4.0,2.0,3.0,3.0,,3.0,0,Economy
Airline 06,smooth journey friendly service worth the fare,yes,6.0,3.0,3.0,,3.0,,,4.0,1,Economy
Airline 22,efficient ground team and comfortable flight,yes,8.0,2.0,5.0,2.0,5.0,,,4.0,0,Economy
Airline 33,poor value delay and unhelpful ground service,no,2.0,2.0,2.0,,1.0,,2.0,2.0,1,Economy
Airline 16,disappointing experience uncomfortable and expensive,no,5.0,2.0,3.0,4.0,3.0,4.0,2.0,2.0,1,Economy
Airline 48,good value and helpful cabin crew,no,2.0,2.0,3.0,2.0,2.0,4.0,1.0,1.0,0,Premium Economy
Airline 39,efficient ground team and comfortable flight,yes,9.0,2.0,5.0,4.0,5.0,,4.0,5.0,0,Business
Airline 26,efficient ground team and comfortable flight,yes,5.0,4.0,4.0,5.0,4.0,,2.0,5.0,0,Economy
Airline 47,poor value delay and unhelpful ground service,no,3.0,2.0,1.0,1.0,1.0,,3.0,1.0,0,Premium Economy
Airline 22,smooth journey friendly service worth the fare,no,1.0,1.0,3.0,2.0,2.0,2.0,1.0,2.0,0,Business
Airline 07,poor value delay and unhelpful ground service,no,7.0,3.0,3.0,1.0,3.0,3.0,,2.0,1,Economy
Airline 02,efficient ground team and comfortable flight,yes,5.0,2.0,2.0,,2.0,1.0,,3.0,0,Economy
Airline 47,disappointing experience uncomfortable and expensive,no,3.0,2.0,3.0,2.0,3.0,2.0,2.0,1.0,1,Economy
Airline 48,good value and helpful cabin crew,yes,10.0,5.0,5.0,3.0,5.0,4.0,,4.0,1,Business
Airline 37,poor value delay and unhelpful ground service,no,5.0,4.0,4.0,4.0,3.0,1.0,,3.0,0,Business
Airline 06,disappointing experience uncomfortable and expensive,yes,8.0,4.0,4.0,3.0,3.0,2.0,,5.0,1,Economy
Airline 15,smooth journey friendly service worth the fare,yes,4.0,4.0,3.0,,3.0,,,4.0,1,Economy
Airline 03,smooth journey friendly service worth the fare,no,8.0,3.0,4.0,,4.0,4.0,,3.0,0,Economy
Airline 03,disappointing experience uncomfortable and expensive,no,4.0,5.0,3.0,,1.0,,3.0,2.0,1,Business
Airline 13,smooth journey friendly service worth the fare,yes,3.0,4.0,5.0,1.0,,3.0,2.0,2.0,1,Economy
Airline 29,disappointing experience uncomfortable and expensive,no,9.0,3.0,3.0,3.0,4.0,,,4.0,0,Economy
Airline 04,disappointing experience uncomfortable and expensive,no,1.0,2.0,2.0,3.0,1.0,3.0,,1.0,0,Economy
Airline 50,disappointing experience uncomfortable and expensive,yes,9.0,2.0,4.0,4.0,5.0,,1.0,5.0,0,Business
Airline 23,poor value delay and unhelpful ground service,no,2.0,3.0,4.0,2.0,4.0,,3.0,4.0,1,Economy
Airline 14,efficient ground team and comfortable flight,yes,8.0,5.0,5.0,4.0,5.0,5.0,,4.0,1,Economy
Airline 26,long delay weak communication would not recommend,no,4.0,5.0,2.0,1.0,3.0,1.0,3.0,2.0,0,Economy
Airline 40,poor value delay and unhelpful ground service,no,4.0,2.0,3.0,,2.0,2.0,,1.0,1,Economy
Airline 16,poor value delay and unhelpful ground service,no,3.0,3.0,2.0,2.0,1.0,2.0,1.0,2.0,0,Premium Economy
Airline 03,poor value delay and unhelpful ground service,no,6.0,4.0,3.0,2.0,2.0,4.0,2.0,3.0,0,Economy
Airline 03,long delay weak communication would not recommend,no,7.0,5.0,4.0,3.0,4.0,,,3.0,1,Economy
Airline 43,efficient ground team and comfortable flight,no,3.0,2.0,3.0,1.0,3.0,,2.0,3.0,1,Economy
Airline 06,disappointing experience uncomfortable and expensive,no,3.0,5.0,2.0,1.0,3.0,,,2.0,0,Economy
Airline 32,disappointing experience uncomfortable and expensive,no,5.0,2.0,3.0,,1.0,3.0,,2.0,0,Economy
Airline 20,efficient ground team and comfortable flight,no,4.0,2.0,2.0,2.0,4.0,,,2.0,0,Economy
Airline 39,disappointing experience uncomfortable and expensive,no,4.0,2.0,3.0,4.0,1.0,2.0,3.0,2.0,0,Economy
Airline 04,poor value delay and unhelpful ground service,no,3.0,2.0,2.0,3.0,2.0,3.0,,2.0,0,Economy
Airline 45,poor value delay and unhelpful ground service,no,9.0,4.0,5.0,4.0,4.0,2.0,,4.0,1,Economy
Airline 35,long delay weak communication would not recommend,no,5.0,1.0,3.0,3.0,3.0,3.0,,3.0,0,Economy
Airline 23,smooth journey friendly service worth the fare,yes,7.0,4.0,5.0,,5.0,5.0,,4.0,1,Economy
Airline 11,poor value delay and unhelpful ground service,no,4.0,3.0,3.0,4.0,2.0,,2.0,3.0,0,Business
Airline 49,poor value delay and unhelpful ground service,yes,6.0,4.0,3.0,1.0,3.0,2.0,,3.0,1,Economy
Airline 16,disappointing experience uncomfortable and expensive,no,5.0,4.0,5.0,4.0,,2.0,4.0,4.0,0,Economy
Airline 25,disappointing experience uncomfortable and expensive,no,1.0,3.0,1.0,1.0,1.0,2.0,4.0,1.0,0,Business
Airline 20,poor value delay and unhelpful ground service,yes,8.0,3.0,3.0,,5.0,,1.0,4.0,0,Economy
Airline 12,good value and helpful cabin crew,yes,2.0,3.0,4.0,,3.0,2.0,,3.0,1,Economy
Airline 21,efficient ground team and comfortable flight,yes,8.0,1.0,2.0,4.0,5.0,,3.0,4.0,0,Premium Economy
Airline 08,long delay weak communication would not recommend,no,5.0,2.0,4.0,4.0,2.0,3.0,,3.0,0,Business
Airline 01,long delay weak communication would not recommend,no,3.0,3.0,3.0,1.0,3.0,2.0,3.0,3.0,0,Business
Airline 15,disappointing experience uncomfortable and expensive,no,5.0,3.0,1.0,3.0,3.0,3.0,,1.0,0,Economy
Airline 06,poor value delay and unhelpful ground service,yes,9.0,2.0,3.0,3.0,4.0,3.0,1.0,3.0,0,Economy
Airline 21,disappointing experience uncomfortable and expensive,no,5.0,3.0,2.0,2.0,3.0,3.0,4.0,3.0,0,Economy
Airline 44,smooth journey friendly service worth the fare,no,6.0,3.0,4.0,5.0,3.0,1.0,,2.0,1,Economy
Airline 09,smooth journey friendly service worth the fare,yes,8.0,3.0,3.0,4.0,4.0,4.0,,5.0,1,Economy
Airline 01,disappointing experience uncomfortable and expensive,no,9.0,4.0,5.0,,4.0,3.0,,5.0,0,Economy
Airline 06,disappointing experience uncomfortable and expensive,no,6.0,3.0,4.0,4.0,3.0,3.0,,3.0,0,Economy
Airline 26,smooth journey friendly service worth the fare,no,5.0,2.0,2.0,2.0,2.0,,2.0,1.0,0,Economy
Airline 14,poor value delay and unhelpful ground service,no,5.0,2.0,3.0,,3.0,,,3.0,0,Economy
Airline 25,disappointing experience uncomfortable and expensive,no,2.0,3.0,3.0,,2.0,3.0,1.0,1.0,0,Economy
Airline 02,efficient ground team and comfortable flight,no,9.0,4.0,5.0,,3.0,,,3.0,0,Economy
Airline 17,smooth journey friendly service worth the fare,yes,7.0,3.0,3.0,2.0,3.0,2.0,,3.0,0,Economy
Airline 21,long delay weak communication would not recommend,no,2.0,5.0,2.0,2.0,1.0,3.0,,2.0,1,Economy
Airline 22,good value and helpful cabin crew,no,6.0,2.0,3.0,4.0,3.0,,3.0,3.0,0,Business
Airline 28,efficient ground team and comfortable flight,no,3.0,3.0,2.0,2.0,3.0,3.0,3.0,2.0,0,Economy
Airline 40,efficient ground team and comfortable flight,no,4.0,2.0,3.0,5.0,2.0,3.0,1.0,4.0,1,Economy
Airline 24,disappointing experience uncomfortable and expensive,no,3.0,3.0,2.0,2.0,3.0,2.0,4.0,1.0,1,Economy
Airline 43,poor value delay and unhelpful ground service,no,6.0,4.0,3.0,4.0,3.0,,,4.0,0,Premium Economy
Airline 27,long delay weak communication would not recommend,no,7.0,2.0,4.0,4.0,4.0,2.0,,3.0,0,Economy
Airline 14,smooth journey friendly service worth the fare,yes,9.0,4.0,5.0,5.0,4.0,,3.0,4.0,1,Economy
Airline 12,poor value delay and unhelpful ground service,no,6.0,5.0,4.0,5.0,5.0,,3.0,3.0,0,Economy
Airline 17,good value and helpful cabin crew,no,5.0,2.0,3.0,1.0,3.0,3.0,3.0,2.0,0,Economy
Airline 30,efficient ground team and comfortable flight,yes,7.0,4.0,3.0,3.0,3.0,2.0,2.0,3.0,1,Economy
Airline 13,poor value delay and unhelpful ground service,no,3.0,2.0,2.0,,1.0,,,1.0,0,Economy
Airline 46,long delay weak communication would not recommend,no,4.0,2.0,2.0,2.0,,2.0,,2.0,0,Economy
Airline 24,poor value delay and unhelpful ground service,no,8.0,2.0,4.0,,4.0,,,4.0,0,Economy
Airline 44,disappointing experience uncomfortable and expensive,no,1.0,2.0,1.0,1.0,1.0,1.0,2.0,2.0,0,Economy
Airline 35,long delay weak communication would not recommend,no,4.0,3.0,3.0,2.0,3.0,,,2.0,0,Economy
Airline 17,long delay weak communication would not recommend,no,5.0,3.0,3.0,2.0,2.0,,,1.0,0,Economy
Airline 12,disappointing experience uncomfortable and expensive,no,6.0,3.0,5.0,4.0,2.0,2.0,,3.0,1,Economy
Airline 38,poor value delay and unhelpful ground service,no,3.0,2.0,3.0,2.0,,3.0,2.0,2.0,0,Economy
Airline 17,long delay weak communication would not recommend,no,7.0,4.0,4.0,3.0,4.0,2.0,,3.0,1,Economy
Airline 13,disappointing experience uncomfortable and expensive,no,5.0,2.0,3.0,2.0,,3.0,,3.0,0,Economy
Airline 47,smooth journey friendly service worth the fare,no,8.0,5.0,5.0,3.0,5.0,,,5.0,0,Economy
Airline 25,good value and helpful cabin crew,yes,9.0,3.0,3.0,3.0,3.0,1.0,,4.0,0,Economy
Airline 03,long delay weak communication would not recommend,no,3.0,2.0,1.0,,3.0,3.0,2.0,2.0,0,Economy
Airline 25,long delay weak communication would not recommend,no,3.0,4.0,3.0,4.0,3.0,2.0,,2.0,0,Economy
Airline 24,poor value delay and unhelpful ground service,no,4.0,2.0,2.0,1.0,,2.0,,2.0,0,Economy
Airline 44,smooth journey friendly service worth the fare,no,6.0,3.0,3.0,,3.0,,2.0,3.0,1,Economy
Airline 36,disappointing experience uncomfortable and expensive,yes,7.0,4.0,4.0,4.0,3.0,,,3.0,0,Premium Economy
Airline 10,long delay weak communication would not recommend,yes,10.0,5.0,5.0,3.0,4.0,4.0,3.0,5.0,0,Economy
Airline 08,long delay weak communication would not recommend,no,2.0,3.0,3.0,4.0,,4.0,2.0,3.0,1,Economy
Airline 31,long delay weak communication would not recommend,no,6.0,4.0,4.0,2.0,3.0,,,3.0,1,Economy
Airline 03,efficient ground team and comfortable flight,yes,4.0,2.0,2.0,3.0,2.0,2.0,,3.0,1,Economy
Airline 16,efficient ground team and comfortable flight,yes,8.0,3.0,5.0,3.0,3.0,,,4.0,1,Economy
Airline 07,efficient ground team and comfortable flight,yes,5.0,4.0,3.0,3.0,5.0,2.0,,4.0,1,Economy
Airline 02,long delay weak communication would not recommend,yes,7.0,4.0,4.0,,2.0,3.0,4.0,3.0,1,Economy
Airline 46,disappointing experience uncomfortable and expensive,yes,10.0,2.0,4.0,3.0,4.0,4.0,,5.0,0,Business
Airline 05,long delay weak communication would not recommend,no,4.0,3.0,1.0,,2.0,2.0,,3.0,1,Economy
Airline 01,good value and helpful cabin crew,yes,7.0,2.0,3.0,,3.0,,2.0,5.0,0,Business
Airline 47,poor value delay and unhelpful ground service,no,6.0,4.0,3.0,2.0,3.0,,,4.0,1,Economy
Airline 10,smooth journey friendly service worth the fare,no,7.0,3.0,4.0,3.0,2.0,3.0,,3.0,0,Economy
Airline 41,long delay weak communication would not recommend,no,5.0,4.0,2.0,2.0,3.0,3.0,,3.0,0,Economy
Airline 02,efficient ground team and comfortable flight,yes,10.0,3.0,4.0,3.0,5.0,,4.0,5.0,1,Economy
Airline 08,smooth journey friendly service worth the fare,no,4.0,3.0,3.0,3.0,3.0,1.0,,2.0,1,Business
Airline 06,smooth journey friendly service worth the fare,no,7.0,3.0,4.0,4.0,4.0,3.0,,4.0,0,Business
Airline 36,poor value delay and unhelpful ground service,no,5.0,5.0,3.0,,1.0,3.0,3.0,3.0,0,Premium Economy
Airline 32,efficient ground team and comfortable flight,yes,9.0,5.0,4.0,5.0,4.0,4.0,4.0,5.0,0,Economy
Airline 24,poor value delay and unhelpful ground service,no,9.0,5.0,3.0,,4.0,4.0,,4.0,0,Economy
Airline 13,good value and helpful cabin crew,no,4.0,4.0,3.0,2.0,,2.0,1.0,2.0,1,Economy
Airline 05,smooth journey friendly service worth the fare,yes,8.0,4.0,5.0,3.0,5.0,,,3.0,0,Economy
Airline 29,disappointing experience uncomfortable and expensive,no,5.0,3.0,3.0,4.0,4.0,4.0,1.0,2.0,1,Premium Economy
Airline 12,long delay weak communication would not recommend,no,5.0,2.0,2.0,3.0,3.0,,,4.0,1,Economy
Airline 30,disappointing experience uncomfortable and expensive,yes,8.0,4.0,3.0,3.0,5.0,,,3.0,1,Business
Airline 35,long delay weak communication would not recommend,no,7.0,1.0,4.0,2.0,3.0,4.0,,4.0,1,Economy
Airline 43,disappointing experience uncomfortable and expensive,no,7.0,3.0,3.0,2.0,3.0,,,3.0,1,Economy
Airline 25,smooth journey friendly service worth the fare,yes,5.0,3.0,4.0,3.0,3.0,3.0,1.0,3.0,0,Economy
Airline 01,long delay weak communication would not recommend,no,7.0,3.0,4.0,,3.0,,,3.0,0,Economy
Airline 15,disappointing experience uncomfortable and expensive,no,4.0,2.0,4.0,,3.0,2.0,,3.0,1,Economy
Airline 43,poor value delay and unhelpful ground service,no,6.0,3.0,2.0,4.0,2.0,2.0,1.0,2.0,1,Business
Airline 27,good value and helpful cabin crew,no,3.0,1.0,2.0,2.0,2.0,,,4.0,1,Business
Airline 31,smooth journey friendly service worth the fare,yes,9.0,5.0,4.0,4.0,4.0,3.0,,5.0,0,Premium Economy
Airline 23,good value and helpful cabin crew,no,5.0,2.0,2.0,4.0,3.0,1.0,,3.0,1,Economy
Airline 09,good value and helpful cabin crew,yes,8.0,1.0,4.0,2.0,4.0,1.0,,4.0,1,Business
Airline 45,poor value delay and unhelpful ground service,no,3.0,3.0,3.0,1.0,,,,2.0,0,Business
Airline 39,good value and helpful cabin crew,yes,10.0,5.0,3.0,,5.0,3.0,,5.0,0,Economy
Airline 50,disappointing experience uncomfortable and expensive,no,5.0,3.0,3.0,2.0,2.0,1.0,1.0,2.0,1,Economy
Airline 43,disappointing experience uncomfortable and expensive,no,4.0,2.0,3.0,,3.0,1.0,4.0,1.0,1,Economy
Airline 15,poor value delay and unhelpful ground service,no,5.0,2.0,3.0,3.0,1.0,,3.0,2.0,0,Economy
Airline 13,good value and helpful cabin crew,yes,6.0,3.0,4.0,3.0,,4.0,1.0,4.0,0,Economy
Airline 13,poor value delay and unhelpful ground service,no,2.0,2.0,1.0,2.0,3.0,2.0,,1.0,1,Economy
Airline 46,disappointing experience uncomfortable and expensive,no,4.0,2.0,4.0,4.0,3.0,,,2.0,1,Economy
Airline 28,poor value delay and unhelpful ground service,no,2.0,2.0,1.0,,1.0,,1.0,1.0,0,Business
Airline 23,efficient ground team and comfortable flight,yes,6.0,2.0,5.0,,3.0,2.0,,5.0,1,Economy
Airline 49,good value and helpful cabin crew,no,4.0,4.0,2.0,3.0,1.0,2.0,,1.0,0,Economy
Airline 31,good value and helpful cabin crew,no,2.0,3.0,3.0,,,,,2.0,0,Economy
Airline 46,good value and helpful cabin crew,yes,8.0,3.0,3.0,4.0,5.0,4.0,,4.0,1,Economy
Airline 50,long delay weak communication would not recommend,no,2.0,2.0,4.0,2.0,3.0,2.0,,1.0,0,Economy
Airline 04,poor value delay and unhelpful ground service,no,8.0,3.0,3.0,2.0,,2.0,3.0,4.0,1,Economy
Airline 19,efficient ground team and comfortable flight,no,5.0,3.0,3.0,2.0,4.0,,3.0,3.0,1,Economy
Airline 37,poor value delay and unhelpful ground service,no,10.0,4.0,4.0,,3.0,4.0,3.0,5.0,1,Business
Airline 41,efficient ground team and comfortable flight,yes,10.0,4.0,4.0,2.0,3.0,,5.0,4.0,1,Economy
Airline 08,disappointing experience uncomfortable and expensive,no,4.0,3.0,2.0,3.0,4.0,3.0,3.0,3.0,0,Economy
Airline 16,disappointing experience uncomfortable and expensive,no,6.0,4.0,2.0,3.0,3.0,3.0,,3.0,0,Economy
Airline 28,good value and helpful cabin crew,no,7.0,3.0,1.0,,3.0,,1.0,4.0,1,Economy
Airline 40,efficient ground team and comfortable flight,yes,5.0,2.0,5.0,2.0,3.0,,3.0,2.0,0,Economy
Airline 06,poor value delay and unhelpful ground service,no,5.0,1.0,3.0,3.0,2.0,2.0,,3.0,1,Economy
Airline 31,smooth journey friendly service worth the fare,yes,8.0,5.0,2.0,2.0,4.0,2.0,,5.0,0,Economy
Airline 15,poor value delay and unhelpful ground service,no,4.0,3.0,3.0,,2.0,4.0,1.0,2.0,1,Economy
Airline 11,disappointing experience uncomfortable and expensive,no,4.0,3.0,4.0,2.0,3.0,2.0,,2.0,0,Economy
Airline 26,disappointing experience uncomfortable and expensive,no,6.0,4.0,3.0,3.0,3.0,1.0,,3.0,0,Economy
Airline 21,good value and helpful cabin crew,yes,9.0,4.0,3.0,2.0,4.0,,,4.0,1,Premium Economy
Airline 32,good value and helpful cabin crew,yes,6.0,3.0,3.0,3.0,2.0,3.0,,3.0,1,Economy
Airline 16,efficient ground team and comfortable flight,no,7.0,2.0,4.0,4.0,2.0,,,2.0,0,Economy
Airline 42,long delay weak communication would not recommend,no,1.0,3.0,2.0,,2.0,2.0,,2.0,1,Economy
Airline 04,efficient ground team and comfortable flight,no,3.0,2.0,4.0,1.0,4.0,1.0,,2.0,0,Economy
Airline 44,efficient ground team and comfortable flight,yes,5.0,2.0,4.0,2.0,5.0,3.0,,4.0,1,Premium Economy
Airline 02,long delay weak communication would not recommend,yes,6.0,1.0,3.0,4.0,3.0,3.0,1.0,3.0,0,Economy
Airline 37,long delay weak communication would not recommend,no,5.0,3.0,2.0,,3.0,2.0,3.0,2.0,1,Premium Economy
Airline 18,efficient ground team and comfortable flight,yes,8.0,5.0,4.0,,4.0,,,4.0,1,Premium Economy
Airline 20,disappointing experience uncomfortable and expensive,no,3.0,2.0,3.0,2.0,2.0,3.0,1.0,2.0,0,Economy
Airline 01,long delay weak communication would not recommend,no,3.0,2.0,3.0,3.0,2.0,,,2.0,0,Economy
Airline 36,poor value delay and unhelpful ground service,yes,7.0,3.0,4.0,1.0,4.0,,,2.0,0,Economy
Airline 09,efficient ground team and comfortable flight,no,5.0,2.0,3.0,3.0,1.0,1.0,,2.0,1,Economy
Airline 33,good value and helpful cabin crew,yes,9.0,5.0,5.0,5.0,4.0,,,4.0,1,Business
Airline 37,poor value delay and unhelpful ground service,no,7.0,5.0,4.0,3.0,4.0,1.0,,5.0,1,Business
Airline 43,long delay weak communication would not recommend,no,6.0,2.0,4.0,,3.0,3.0,,3.0,0,Economy
Airline 36,efficient ground team and comfortable flight,yes,10.0,4.0,5.0,5.0,4.0,4.0,5.0,5.0,1,Economy
Airline 16,disappointing experience uncomfortable and expensive,no,2.0,1.0,1.0,2.0,2.0,2.0,,1.0,1,Economy
Airline 37,smooth journey friendly service worth the fare,yes,5.0,2.0,4.0,4.0,4.0,3.0,,3.0,0,Economy
Airline 42,poor value delay and unhelpful ground service,no,5.0,3.0,5.0,2.0,2.0,3.0,4.0,4.0,0,Economy
Airline 16,smooth journey friendly service worth the fare,no,1.0,3.0,2.0,,,2.0,1.0,1.0,1,Business
Airline 07,long delay weak communication would not recommend,no,7.0,3.0,4.0,3.0,3.0,4.0,,3.0,0,Economy
Airline 45,disappointing experience uncomfortable and expensive,no,3.0,2.0,3.0,3.0,1.0,3.0,,2.0,1,Business
Airline 08,poor value delay and unhelpful ground service,no,6.0,1.0,3.0,2.0,2.0,,2.0,3.0,1,Business
Airline 30,efficient ground team and comfortable flight,yes,10.0,3.0,5.0,3.0,3.0,2.0,2.0,4.0,0,Economy
Airline 12,disappointing experience uncomfortable and expensive,no,7.0,4.0,3.0,1.0,4.0,3.0,,2.0,1,Premium Economy
Airline 07,long delay weak communication would not recommend,no,1.0,1.0,2.0,1.0,1.0,4.0,,1.0,1,Economy
Airline 39,disappointing experience uncomfortable and expensive,no,5.0,4.0,2.0,,2.0,2.0,,2.0,0,Premium Economy
Airline 08,poor value delay and unhelpful ground service,no,7.0,3.0,5.0,4.0,3.0,4.0,,3.0,1,Economy
Airline 34,long delay weak communication would not recommend,no,6.0,3.0,3.0,1.0,4.0,1.0,,2.0,0,Premium Economy
Airline 35,poor value delay and unhelpful ground service,no,1.0,1.0,1.0,3.0,2.0,1.0,2.0,1.0,1,Business
Airline 04,poor value delay and unhelpful ground service,no,9.0,3.0,4.0,3.0,,3.0,4.0,5.0,1,Economy
Airline 09,long delay weak communication would not recommend,no,7.0,3.0,3.0,,,,2.0,2.0,1,Economy
Airline 40,long delay weak communication would not recommend,no,3.0,2.0,2.0,3.0,3.0,2.0,3.0,1.0,1,Economy
Airline 26,poor value delay and unhelpful ground service,no,5.0,3.0,4.0,4.0,4.0,4.0,,3.0,0,Economy
Airline 07,poor value delay and unhelpful ground service,no,5.0,1.0,3.0,4.0,,,,3.0,1,Economy
Airline 50,long delay weak communication would not recommend,no,5.0,4.0,3.0,2.0,3.0,,,2.0,0,Premium Economy
Airline 14,good value and helpful cabin crew,no,7.0,3.0,4.0,,5.0,,,4.0,1,Business
Airline 01,smooth journey friendly service worth the fare,yes,9.0,5.0,5.0,3.0,5.0,5.0,1.0,5.0,1,Economy
Airline 47,good value and helpful cabin crew,yes,10.0,5.0,4.0,,5.0,2.0,,4.0,0,Economy
Airline 01,good value and helpful cabin crew,yes,5.0,4.0,3.0,4.0,3.0,,,4.0,1,Economy
Airline 28,good value and helpful cabin crew,yes,6.0,3.0,4.0,4.0,4.0,2.0,,3.0,1,Economy
Airline 50,good value and helpful cabin crew,yes,6.0,2.0,4.0,3.0,3.0,,4.0,4.0,0,Economy
Airline 29,poor value delay and unhelpful ground service,no,4.0,3.0,2.0,1.0,2.0,,,1.0,0,Business
Airline 30,smooth journey friendly service worth the fare,yes,7.0,4.0,4.0,3.0,,5.0,,3.0,1,Economy
Airline 20,disappointing experience uncomfortable and expensive,no,4.0,2.0,3.0,2.0,1.0,2.0,2.0,3.0,1,Business
Airline 07,long delay weak communication would not recommend,no,7.0,4.0,4.0,2.0,3.0,,2.0,3.0,1,Premium Economy
Airline 29,disappointing experience uncomfortable and expensive,no,5.0,3.0,3.0,3.0,3.0,,,3.0,1,Premium Economy
Airline 45,disappointing experience uncomfortable and expensive,yes,8.0,4.0,3.0,4.0,3.0,,,2.0,0,Economy
Airline 05,long delay weak communication would not recommend,no,8.0,2.0,3.0,4.0,3.0,,,3.0,0,Economy
Airline 45,poor value delay and unhelpful ground service,no,1.0,2.0,1.0,1.0,1.0,2.0,1.0,1.0,1,Economy
Airline 21,efficient ground team and comfortable flight,no,4.0,3.0,3.0,4.0,3.0,3.0,,4.0,0,Economy
Airline 27,good value and helpful cabin crew,yes,7.0,4.0,3.0,,,,,3.0,0,Business
Airline 09,smooth journey friendly service worth the fare,yes,7.0,4.0,4.0,3.0,3.0,,,4.0,0,Economy
Airline 32,efficient ground team and comfortable flight,yes,7.0,4.0,2.0,2.0,5.0,3.0,,4.0,0,Economy
Airline 10,smooth journey friendly service worth the fare,yes,8.0,4.0,5.0,2.0,4.0,3.0,2.0,4.0,1,Economy
Airline 14,smooth journey friendly service worth the fare,no,5.0,4.0,4.0,1.0,4.0,1.0,,3.0,0,Economy
Airline 37,long delay weak communication would not recommend,no,7.0,4.0,4.0,3.0,3.0,2.0,,4.0,0,Economy
Airline 03,disappointing experience uncomfortable and expensive,no,8.0,4.0,2.0,,5.0,,3.0,3.0,0,Economy
Airline 23,long delay weak communication would not recommend,no,6.0,3.0,4.0,1.0,4.0,3.0,,3.0,1,Economy
Airline 30,efficient ground team and comfortable flight,yes,3.0,3.0,4.0,2.0,3.0,,,3.0,0,Economy
Airline 07,long delay weak communication would not recommend,no,1.0,1.0,2.0,,1.0,1.0,,1.0,0,Economy
Airline 15,poor value delay and unhelpful ground service,no,5.0,4.0,1.0,3.0,2.0,2.0,2.0,2.0,0,Economy
Airline 18,good value and helpful cabin crew,yes,7.0,2.0,5.0,3.0,5.0,2.0,3.0,4.0,1,Economy
Airline 34,poor value delay and unhelpful ground service,no,5.0,3.0,2.0,3.0,,3.0,,3.0,1,Economy
Airline 49,poor value delay and unhelpful ground service,no,7.0,3.0,3.0,3.0,4.0,3.0,,4.0,0,Economy
Airline 42,good value and helpful cabin crew,yes,6.0,3.0,4.0,,2.0,,2.0,3.0,1,Economy
Airline 10,smooth journey friendly service worth the fare,yes,8.0,4.0,5.0,3.0,5.0,,3.0,5.0,0,Premium Economy
Airline 01,efficient ground team and comfortable flight,no,5.0,2.0,3.0,3.0,,4.0,2.0,4.0,1,Economy
Airline 03,disappointing experience uncomfortable and expensive,no,5.0,5.0,3.0,,3.0,2.0,2.0,4.0,0,Economy
Airline 30,good value and helpful cabin crew,yes,8.0,2.0,5.0,4.0,3.0,2.0,2.0,3.0,1,Economy
Airline 08,poor value delay and unhelpful ground service,yes,9.0,3.0,4.0,3.0,4.0,3.0,,4.0,1,Economy
Airline 12,poor value delay and unhelpful ground service,no,1.0,1.0,1.0,2.0,2.0,2.0,4.0,1.0,1,Premium Economy
Airline 43,efficient ground team and comfortable flight,yes,3.0,3.0,4.0,2.0,3.0,,,3.0,1,Business
Airline 44,smooth journey friendly service worth the fare,yes,9.0,4.0,4.0,1.0,3.0,,,3.0,1,Economy
Airline 42,efficient ground team and comfortable flight,yes,9.0,4.0,5.0,,4.0,,2.0,5.0,1,Economy
Airline 13,poor value delay and unhelpful ground service,no,6.0,4.0,4.0,2.0,2.0,,2.0,4.0,1,Economy
Airline 31,poor value delay and unhelpful ground service,no,5.0,2.0,5.0,4.0,3.0,,,3.0,0,Economy
Airline 31,efficient ground team and comfortable flight,yes,8.0,4.0,4.0,3.0,4.0,,1.0,3.0,0,Economy
Airline 10,long delay weak communication would not recommend,no,9.0,3.0,4.0,,4.0,,,3.0,0,Economy
Airline 28,disappointing experience uncomfortable and expensive,no,5.0,3.0,3.0,3.0,,,2.0,3.0,0,Premium Economy
Airline 27,smooth journey friendly service worth the fare,no,7.0,4.0,3.0,4.0,5.0,3.0,,3.0,1,Economy
Airline 20,good value and helpful cabin crew,no,7.0,2.0,5.0,3.0,4.0,1.0,,5.0,0,Economy
Airline 38,efficient ground team and comfortable flight,yes,8.0,5.0,2.0,2.0,4.0,4.0,,5.0,0,Economy
Airline 34,smooth journey friendly service worth the fare,yes,8.0,3.0,4.0,,4.0,3.0,1.0,5.0,1,Economy
Airline 27,long delay weak communication would not recommend,no,6.0,2.0,3.0,1.0,2.0,3.0,3.0,2.0,0,Business
Airline 37,good value and helpful cabin crew,no,7.0,2.0,3.0,2.0,3.0,2.0,3.0,3.0,1,Economy
Airline 39,disappointing experience uncomfortable and expensive,no,9.0,3.0,3.0,2.0,,3.0,3.0,3.0,0,Economy
Airline 29,efficient ground team and comfortable flight,yes,4.0,2.0,4.0,2.0,2.0,2.0,2.0,3.0,0,Economy
Airline 14,poor value delay and unhelpful ground service,no,5.0,1.0,3.0,,3.0,,,4.0,1,Economy
Airline 38,disappointing experience uncomfortable and expensive,no,4.0,2.0,3.0,3.0,3.0,,1.0,3.0,0,Economy
Airline 36,smooth journey friendly service worth the fare,yes,8.0,3.0,4.0,3.0,5.0,3.0,,5.0,0,Economy
Airline 50,disappointing experience uncomfortable and expensive,no,5.0,3.0,3.0,3.0,3.0,3.0,1.0,2.0,1,Economy
Airline 08,disappointing experience uncomfortable and expensive,no,4.0,2.0,4.0,2.0,3.0,3.0,2.0,2.0,0,Economy
Airline 21,good value and helpful cabin crew,yes,8.0,5.0,3.0,5.0,3.0,3.0,3.0,3.0,1,Premium Economy
Airline 47,efficient ground team and comfortable flight,yes,10.0,5.0,5.0,4.0,3.0,2.0,5.0,4.0,0,Economy
Airline 26,long delay weak communication would not recommend,no,7.0,3.0,3.0,2.0,3.0,4.0,1.0,3.0,0,Economy
Airline 48,smooth journey friendly service worth the fare,no,1.0,3.0,2.0,3.0,1.0,,2.0,2.0,0,Business
Airline 01,efficient ground team and comfortable flight,yes,5.0,1.0,3.0,,1.0,3.0,4.0,3.0,0,Economy
Airline 02,smooth journey friendly service worth the fare,yes,9.0,4.0,4.0,3.0,,,,5.0,1,Economy
Airline 40,disappointing experience uncomfortable and expensive,no,1.0,3.0,1.0,1.0,,,,1.0,0,Economy
Airline 18,long delay weak communication would not recommend,no,3.0,2.0,2.0,,2.0,3.0,2.0,1.0,0,Economy
Airline 27,good value and helpful cabin crew,yes,10.0,5.0,5.0,,5.0,2.0,,5.0,1,Economy
Airline 22,disappointing experience uncomfortable and expensive,no,6.0,3.0,3.0,,4.0,,,4.0,1,Premium Economy
Airline 21,long delay weak communication would not recommend,no,4.0,4.0,1.0,1.0,2.0,,,1.0,1,Economy
Airline 47,efficient ground team and comfortable flight,yes,5.0,3.0,3.0,2.0,4.0,5.0,5.0,3.0,1,Premium Economy
Airline 05,disappointing experience uncomfortable and expensive,yes,6.0,2.0,3.0,3.0,4.0,,,4.0,0,Economy
Airline 39,smooth journey friendly service worth the fare,yes,7.0,5.0,5.0,4.0,4.0,,,5.0,1,Economy
Airline 45,long delay weak communication would not recommend,no,10.0,3.0,5.0,4.0,4.0,,2.0,4.0,0,Economy
Airline 33,good value and helpful cabin crew,yes,7.0,3.0,3.0,3.0,3.0,3.0,,5.0,0,Business
Airline 20,long delay weak communication would not recommend,no,5.0,2.0,3.0,4.0,1.0,4.0,,3.0,1,Economy
Airline 09,efficient ground team and comfortable flight,yes,8.0,3.0,4.0,,4.0,3.0,,4.0,1,Business
Airline 35,long delay weak communication would not recommend,no,4.0,2.0,2.0,3.0,2.0,1.0,3.0,1.0,1,Premium Economy
Airline 24,smooth journey friendly service worth the fare,yes,1.0,2.0,2.0,1.0,2.0,,2.0,3.0,0,Premium Economy
Airline 08,disappointing experience uncomfortable and expensive,no,3.0,3.0,2.0,1.0,2.0,3.0,,1.0,0,Economy
Airline 18,poor value delay and unhelpful ground service,no,4.0,1.0,3.0,1.0,1.0,1.0,2.0,1.0,0,Economy
Airline 49,long delay weak communication would not recommend,no,5.0,4.0,2.0,3.0,1.0,3.0,2.0,2.0,1,Economy
Airline 14,long delay weak communication would not recommend,yes,4.0,3.0,3.0,3.0,2.0,2.0,,4.0,1,Economy
Airline 09,smooth journey friendly service worth the fare,no,6.0,4.0,1.0,4.0,3.0,3.0,,3.0,0,Economy
Airline 35,disappointing experience uncomfortable and expensive,no,3.0,2.0,3.0,2.0,2.0,2.0,4.0,1.0,1,Business
Airline 10,smooth journey friendly service worth the fare,no,1.0,1.0,2.0,2.0,1.0,1.0,,1.0,1,Economy
Airline 46,poor value delay and unhelpful ground service,no,3.0,4.0,2.0,3.0,1.0,,,3.0,1,Economy
Airline 43,good value and helpful cabin crew,yes,3.0,1.0,2.0,2.0,1.0,1.0,1.0,3.0,1,Economy
Airline 50,good value and helpful cabin crew,no,7.0,3.0,3.0,2.0,2.0,,2.0,3.0,1,Economy
Airline 46,good value and helpful cabin crew,yes,7.0,3.0,4.0,4.0,4.0,,,5.0,0,Premium Economy
Airline 13,long delay weak communication would not recommend,no,2.0,3.0,3.0,2.0,2.0,,4.0,3.0,1,Business
Airline 11,disappointing experience uncomfortable and expensive,no,8.0,3.0,4.0,3.0,4.0,,3.0,3.0,0,Economy
Airline 18,disappointing experience uncomfortable and expensive,no,6.0,4.0,5.0,3.0,3.0,,2.0,3.0,0,Economy
Airline 24,poor value delay and unhelpful ground service,no,6.0,2.0,3.0,3.0,4.0,1.0,,3.0,0,Economy
Airline 44,poor value delay and unhelpful ground service,no,5.0,1.0,5.0,2.0,2.0,1.0,,3.0,1,Business
Airline 37,efficient ground team and comfortable flight,no,5.0,3.0,4.0,2.0,2.0,1.0,3.0,3.0,0,Economy
Airline 33,poor value delay and unhelpful ground service,yes,4.0,4.0,3.0,,3.0,,2.0,2.0,0,Economy
Airline 44,efficient ground team and comfortable flight,no,5.0,4.0,3.0,3.0,,,2.0,3.0,1,Economy
Airline 33,good value and helpful cabin crew,yes,5.0,3.0,4.0,2.0,2.0,,1.0,2.0,0,Economy
Airline 19,long delay weak communication would not recommend,no,4.0,3.0,3.0,1.0,2.0,1.0,4.0,1.0,1,Economy
Airline 21,long delay weak communication would not recommend,yes,9.0,3.0,2.0,5.0,5.0,3.0,,5.0,1,Economy
Airline 26,long delay weak communication would not recommend,no,5.0,4.0,2.0,,5.0,4.0,,3.0,0,Economy
Airline 05,efficient ground team and comfortable flight,no,3.0,2.0,3.0,3.0,3.0,3.0,,2.0,0,Economy
Airline 38,disappointing experience uncomfortable and expensive,no,7.0,3.0,3.0,3.0,4.0,2.0,2.0,4.0,1,Economy
Airline 33,smooth journey friendly service worth the fare,no,5.0,3.0,3.0,4.0,2.0,2.0,,4.0,1,Economy
Airline 37,poor value delay and unhelpful ground service,no,2.0,2.0,3.0,3.0,,3.0,2.0,2.0,1,Economy
Airline 27,good value and helpful cabin crew,yes,3.0,3.0,3.0,3.0,3.0,5.0,,4.0,1,Economy
Airline 40,good value and helpful cabin crew,no,6.0,2.0,2.0,3.0,3.0,3.0,,3.0,1,Economy
Airline 48,poor value delay and unhelpful ground service,no,4.0,2.0,2.0,2.0,3.0,3.0,,2.0,0,Economy
Airline 29,smooth journey friendly service worth the fare,no,3.0,2.0,2.0,1.0,2.0,4.0,,1.0,0,Economy
Airline 23,disappointing experience uncomfortable and expensive,no,5.0,3.0,2.0,3.0,2.0,,,2.0,1,Economy
Airline 06,smooth journey friendly service worth the fare,yes,7.0,2.0,3.0,3.0,2.0,,,4.0,1,Economy
Airline 39,disappointing experience uncomfortable and expensive,no,4.0,3.0,1.0,,4.0,3.0,,1.0,0,Business
Airline 46,poor value delay and unhelpful ground service,yes,10.0,4.0,5.0,5.0,5.0,4.0,1.0,5.0,0,Economy
Airline 35,long delay weak communication would not recommend,no,6.0,4.0,4.0,2.0,4.0,2.0,,4.0,1,Economy
Airline 44,smooth journey friendly service worth the fare,yes,6.0,3.0,5.0,3.0,4.0,2.0,,4.0,1,Economy
Airline 44,smooth journey friendly service worth the fare,yes,10.0,4.0,3.0,5.0,4.0,3.0,,4.0,1,Economy
Airline 40,efficient ground team and comfortable flight,yes,9.0,5.0,5.0,3.0,4.0,,3.0,5.0,0,Economy
Airline 26,long delay weak communication would not recommend,no,3.0,2.0,2.0,2.0,3.0,3.0,1.0,3.0,1,Economy
Airline 05,disappointing experience uncomfortable and expensive,no,1.0,2.0,2.0,1.0,1.0,3.0,,1.0,0,Premium Economy
Airline 01,smooth journey friendly service worth the fare,no,6.0,4.0,3.0,3.0,2.0,3.0,,2.0,1,Premium Economy
Airline 11,smooth journey friendly service worth the fare,yes,7.0,2.0,1.0,4.0,3.0,3.0,2.0,3.0,0,Premium Economy
Airline 22,long delay weak communication would not recommend,no,5.0,2.0,4.0,3.0,1.0,,3.0,4.0,0,Economy
Airline 38,long delay weak communication would not recommend,no,6.0,4.0,3.0,2.0,3.0,3.0,,3.0,0,Economy
Airline 23,long delay weak communication would not recommend,no,9.0,3.0,4.0,3.0,3.0,3.0,3.0,3.0,1,Economy
Airline 02,long delay weak communication would not recommend,no,6.0,3.0,4.0,3.0,3.0,,3.0,3.0,1,Economy
Airline 11,efficient ground team and comfortable flight,yes,8.0,3.0,3.0,3.0,4.0,3.0,3.0,4.0,0,Business
Airline 49,good value and helpful cabin crew,no,6.0,3.0,3.0,,4.0,2.0,2.0,3.0,0,Economy
Airline 50,long delay weak communication would not recommend,no,3.0,2.0,3.0,2.0,2.0,3.0,2.0,2.0,0,Economy
Airline 19,disappointing experience uncomfortable and expensive,no,9.0,4.0,5.0,3.0,5.0,5.0,,5.0,1,Business
Airline 41,good value and helpful cabin crew,yes,5.0,2.0,3.0,1.0,3.0,3.0,3.0,5.0,0,Economy
Airline 36,disappointing experience uncomfortable and expensive,no,4.0,4.0,3.0,3.0,3.0,5.0,,2.0,0,Economy
Airline 47,poor value delay and unhelpful ground service,no,2.0,2.0,2.0,3.0,3.0,3.0,,3.0,1,Economy
Airline 45,poor value delay and unhelpful ground service,no,5.0,1.0,2.0,3.0,3.0,3.0,2.0,2.0,1,Economy
Airline 32,good value and helpful cabin crew,yes,2.0,1.0,3.0,2.0,3.0,2.0,3.0,3.0,0,Economy
Airline 20,poor value delay and unhelpful ground service,no,2.0,3.0,2.0,3.0,1.0,1.0,1.0,1.0,1,Economy
Airline 32,disappointing experience uncomfortable and expensive,no,2.0,3.0,2.0,3.0,3.0,,,1.0,0,Economy
Airline 16,long delay weak communication would not recommend,no,7.0,4.0,4.0,,,4.0,,2.0,1,Economy
Airline 18,poor value delay and unhelpful ground service,no,3.0,2.0,3.0,3.0,3.0,2.0,2.0,2.0,1,Economy
Airline 31,poor value delay and unhelpful ground service,no,8.0,3.0,4.0,,3.0,3.0,,5.0,1,Business
Airline 29,disappointing experience uncomfortable and expensive,no,6.0,5.0,4.0,2.0,4.0,3.0,,3.0,1,Business
Airline 30,good value and helpful cabin crew,yes,5.0,3.0,4.0,3.0,3.0,2.0,1.0,4.0,0,Economy
Airline 20,disappointing experience uncomfortable and expensive,no,4.0,2.0,3.0,1.0,3.0,4.0,,3.0,1,Premium Economy
Airline 21,long delay weak communication would not recommend,no,3.0,3.0,2.0,2.0,2.0,5.0,,3.0,0,Premium Economy
Airline 01,good value and helpful cabin crew,yes,6.0,4.0,4.0,5.0,5.0,3.0,3.0,4.0,1,Business
Airline 31,poor value delay and unhelpful ground service,no,8.0,4.0,4.0,2.0,2.0,,,4.0,0,Economy
Airline 29,smooth journey friendly service worth the fare,yes,6.0,2.0,4.0,1.0,3.0,,2.0,3.0,0,Economy
Airline 47,efficient ground team and comfortable flight,yes,7.0,3.0,4.0,,2.0,3.0,4.0,5.0,0,Economy
Airline 26,poor value delay and unhelpful ground service,no,4.0,3.0,2.0,,3.0,2.0,,4.0,0,Premium Economy
Airline 24,poor value delay and unhelpful ground service,no,7.0,3.0,2.0,,3.0,3.0,,3.0,0,Economy
Airline 04,efficient ground team and comfortable flight,no,3.0,2.0,2.0,1.0,3.0,3.0,2.0,2.0,0,Economy
Airline 10,poor value delay and unhelpful ground service,no,1.0,4.0,2.0,1.0,1.0,,1.0,1.0,1,Economy
Airline 17,good value and helpful cabin crew,yes,6.0,3.0,4.0,4.0,4.0,1.0,2.0,4.0,0,Business
Airline 19,long delay weak communication would not recommend,yes,6.0,3.0,4.0,2.0,3.0,3.0,1.0,5.0,1,Premium Economy
Airline 19,poor value delay and unhelpful ground service,no,7.0,3.0,3.0,3.0,3.0,2.0,2.0,3.0,1,Business
Airline 20,long delay weak communication would not recommend,no,7.0,3.0,3.0,3.0,3.0,,,2.0,1,Economy
Airline 39,long delay weak communication would not recommend,yes,4.0,3.0,4.0,2.0,3.0,2.0,,2.0,0,Economy
Airline 07,poor value delay and unhelpful ground service,no,5.0,2.0,2.0,3.0,3.0,2.0,,2.0,0,Economy
Airline 17,efficient ground team and comfortable flight,yes,8.0,4.0,5.0,3.0,4.0,2.0,,4.0,0,Premium Economy
Airline 09,efficient ground team and comfortable flight,yes,9.0,4.0,5.0,,4.0,,,4.0,1,Economy
Airline 16,efficient ground team and comfortable flight,no,5.0,2.0,4.0,,3.0,3.0,3.0,2.0,1,Economy
Airline 35,smooth journey friendly service worth the fare,yes,10.0,3.0,4.0,5.0,3.0,,,5.0,1,Economy
Airline 03,poor value delay and unhelpful ground service,no,5.0,3.0,2.0,,3.0,3.0,,2.0,1,Economy
Airline 17,poor value delay and unhelpful ground service,no,5.0,3.0,3.0,2.0,4.0,4.0,2.0,3.0,0,Economy
Airline 02,smooth journey friendly service worth the fare,yes,7.0,3.0,5.0,4.0,3.0,2.0,,5.0,1,Economy
Airline 48,poor value delay and unhelpful ground service,no,8.0,4.0,3.0,3.0,4.0,4.0,,4.0,0,Economy
Airline 37,long delay weak communication would not recommend,no,5.0,2.0,2.0,1.0,3.0,2.0,2.0,3.0,1,Economy
Airline 13,poor value delay and unhelpful ground service,no,8.0,4.0,3.0,3.0,4.0,,,3.0,1,Premium Economy
Airline 10,long delay weak communication would not recommend,no,7.0,1.0,3.0,4.0,,2.0,,3.0,0,Economy
Airline 05,long delay weak communication would not recommend,no,1.0,1.0,2.0,1.0,1.0,2.0,2.0,1.0,0,Business
Airline 24,poor value delay and unhelpful ground service,no,3.0,4.0,2.0,1.0,3.0,4.0,3.0,3.0,1,Economy
Airline 38,poor value delay and unhelpful ground service,no,6.0,3.0,3.0,2.0,2.0,1.0,3.0,3.0,0,Economy
Airline 30,long delay weak communication would not recommend,no,2.0,3.0,4.0,3.0,2.0,3.0,1.0,2.0,1,Economy
Airline 45,efficient ground team and comfortable flight,yes,7.0,2.0,4.0,5.0,2.0,,1.0,3.0,1,Economy
Airline 18,good value and helpful cabin crew,yes,9.0,4.0,4.0,3.0,5.0,5.0,1.0,4.0,0,Economy
Airline 14,good value and helpful cabin crew,yes,6.0,3.0,3.0,3.0,3.0,,4.0,3.0,0,Economy
Airline 24,disappointing experience uncomfortable and expensive,no,3.0,3.0,2.0,2.0,1.0,4.0,,2.0,0,Economy
Airline 11,poor value delay and unhelpful ground service,no,4.0,5.0,4.0,3.0,4.0,4.0,,3.0,0,Economy
Airline 49,poor value delay and unhelpful ground service,no,4.0,4.0,4.0,3.0,4.0,,1.0,2.0,0,Economy
Airline 10,poor value delay and unhelpful ground service,no,5.0,4.0,2.0,2.0,4.0,,,1.0,0,Business
Airline 24,disappointing experience uncomfortable and expensive,no,5.0,4.0,4.0,5.0,2.0,,,1.0,1,Economy
Airline 27,efficient ground team and comfortable flight,yes,8.0,4.0,4.0,5.0,3.0,4.0,3.0,5.0,1,Business
Airline 03,poor value delay and unhelpful ground service,no,1.0,1.0,2.0,,,1.0,3.0,2.0,0,Economy
Airline 24,good value and helpful cabin crew,no,3.0,1.0,3.0,4.0,2.0,3.0,,4.0,1,Business
Airline 23,disappointing experience uncomfortable and expensive,no,7.0,2.0,3.0,3.0,3.0,,3.0,2.0,0,Economy
Airline 13,poor value delay and unhelpful ground service,no,1.0,2.0,2.0,2.0,3.0,,2.0,2.0,1,Economy
Airline 07,smooth journey friendly service worth the fare,yes,9.0,4.0,3.0,3.0,5.0,3.0,3.0,3.0,0,Economy
Airline 03,good value and helpful cabin crew,no,7.0,2.0,4.0,,5.0,4.0,,3.0,1,Economy
Airline 01,efficient ground team and comfortable flight,no,3.0,3.0,3.0,2.0,4.0,,2.0,2.0,0,Economy
Airline 25,good value and helpful cabin crew,no,7.0,3.0,2.0,1.0,4.0,1.0,4.0,3.0,1,Economy
Airline 05,efficient ground team and comfortable flight,no,7.0,2.0,2.0,,4.0,2.0,,3.0,0,Economy
Airline 48,good value and helpful cabin crew,no,7.0,4.0,2.0,3.0,4.0,,4.0,3.0,1,Economy
Airline 13,smooth journey friendly service worth the fare,no,5.0,2.0,3.0,4.0,3.0,2.0,,3.0,0,Economy
Airline 33,disappointing experience uncomfortable and expensive,no,4.0,4.0,3.0,2.0,2.0,,1.0,3.0,0,Economy
Airline 34,good value and helpful cabin crew,yes,6.0,1.0,3.0,2.0,5.0,3.0,,3.0,1,Economy
Airline 25,poor value delay and unhelpful ground service,no,8.0,3.0,5.0,4.0,4.0,4.0,,3.0,1,Economy
Airline 45,smooth journey friendly service worth the fare,no,2.0,1.0,2.0,,3.0,,,1.0,0,Economy
Airline 06,disappointing experience uncomfortable and expensive,no,2.0,2.0,2.0,,2.0,,,1.0,0,Economy
Airline 12,poor value delay and unhelpful ground service,no,2.0,4.0,2.0,2.0,2.0,2.0,1.0,2.0,0,Economy
Airline 13,efficient ground team and comfortable flight,yes,8.0,3.0,5.0,5.0,2.0,2.0,,4.0,1,Economy
Airline 07,disappointing experience uncomfortable and expensive,no,7.0,2.0,2.0,4.0,3.0,,,2.0,1,Economy
Airline 15,good value and helpful cabin crew,no,8.0,4.0,5.0,3.0,3.0,2.0,3.0,4.0,0,Business
Airline 16,poor value delay and unhelpful ground service,no,4.0,2.0,3.0,3.0,2.0,,,1.0,0,Economy
Airline 39,long delay weak communication would not recommend,yes,8.0,4.0,5.0,3.0,5.0,3.0,,5.0,0,Premium Economy
Airline 16,disappointing experience uncomfortable and expensive,no,4.0,2.0,4.0,,2.0,3.0,,2.0,0,Economy
Airline 44,efficient ground team and comfortable flight,yes,6.0,2.0,3.0,,4.0,3.0,,4.0,0,Premium Economy
Airline 39,good value and helpful cabin crew,no,8.0,3.0,4.0,,5.0,,,5.0,1,Economy
Airline 46,long delay weak communication would not recommend,no,4.0,3.0,2.0,1.0,4.0,3.0,2.0,1.0,1,Economy
Airline 06,long delay weak communication would not recommend,no,4.0,2.0,4.0,3.0,3.0,4.0,3.0,2.0,0,Economy
Airline 50,disappointing experience uncomfortable and expensive,no,5.0,2.0,3.0,,3.0,2.0,,4.0,1,Economy
Airline 31,good value and helpful cabin crew,yes,10.0,5.0,5.0,4.0,5.0,3.0,5.0,5.0,1,Economy
Airline 50,smooth journey friendly service worth the fare,yes,7.0,3.0,4.0,,5.0,3.0,1.0,4.0,1,Economy
Airline 18,smooth journey friendly service worth the fare,yes,9.0,4.0,5.0,4.0,5.0,3.0,4.0,4.0,1,Business
Airline 48,efficient ground team and comfortable flight,yes,7.0,3.0,4.0,,4.0,,2.0,5.0,0,Business
Airline 30,long delay weak communication would not recommend,no,9.0,3.0,4.0,4.0,2.0,4.0,5.0,3.0,1,Economy
Airline 04,long delay weak communication would not recommend,no,4.0,3.0,2.0,3.0,1.0,,,2.0,1,Economy
Airline 21,long delay weak communication would not recommend,yes,8.0,3.0,2.0,3.0,4.0,2.0,,5.0,1,Economy
Airline 07,poor value delay and unhelpful ground service,no,3.0,3.0,1.0,3.0,2.0,2.0,,2.0,0,Economy
Airline 48,long delay weak communication would not recommend,yes,9.0,4.0,5.0,3.0,3.0,3.0,3.0,5.0,1,Economy
Airline 16,long delay weak communication would not recommend,no,4.0,2.0,3.0,,4.0,,,4.0,0,Economy
Airline 12,good value and helpful cabin crew,no,1.0,1.0,1.0,1.0,1.0,,,1.0,0,Economy
Airline 28,smooth journey friendly service worth the fare,yes,3.0,3.0,3.0,4.0,4.0,,,4.0,0,Economy
Airline 22,disappointing experience uncomfortable and expensive,no,7.0,3.0,4.0,,,,2.0,4.0,0,Economy
Airline 05,poor value delay and unhelpful ground service,no,3.0,4.0,4.0,1.0,2.0,3.0,3.0,3.0,0,Business
Airline 41,smooth journey friendly service worth the fare,yes,4.0,3.0,2.0,4.0,4.0,3.0,,4.0,0,Business
Airline 43,disappointing experience uncomfortable and expensive,no,4.0,3.0,2.0,2.0,3.0,4.0,,2.0,0,Economy
Airline 38,long delay weak communication would not recommend,no,1.0,1.0,2.0,,3.0,1.0,1.0,1.0,0,Economy
Airline 31,poor value delay and unhelpful ground service,no,6.0,3.0,2.0,,3.0,,,3.0,0,Premium Economy
Airline 21,poor value delay and unhelpful ground service,no,6.0,4.0,2.0,2.0,3.0,,,3.0,0,Business
Airline 28,poor value delay and unhelpful ground service,yes,5.0,3.0,3.0,5.0,2.0,,,2.0,0,Economy
Airline 27,disappointing experience uncomfortable and expensive,yes,7.0,3.0,4.0,5.0,4.0,4.0,,5.0,1,Business
Airline 09,good value and helpful cabin crew,no,4.0,2.0,3.0,3.0,4.0,1.0,,3.0,0,Economy
Airline 05,long delay weak communication would not recommend,no,5.0,3.0,3.0,,3.0,,,2.0,0,Economy
Airline 13,efficient ground team and comfortable flight,yes,7.0,4.0,3.0,4.0,4.0,2.0,2.0,4.0,0,Economy
Airline 23,disappointing experience uncomfortable and expensive,no,2.0,1.0,2.0,2.0,1.0,4.0,,1.0,0,Economy
Airline 09,long delay weak communication would not recommend,no,2.0,2.0,2.0,3.0,1.0,3.0,2.0,1.0,1,Economy
Airline 06,good value and helpful cabin crew,yes,6.0,1.0,4.0,3.0,3.0,3.0,2.0,4.0,0,Business
Airline 43,poor value delay and unhelpful ground service,yes,9.0,4.0,3.0,4.0,5.0,4.0,,5.0,0,Business
Airline 19,long delay weak communication would not recommend,no,5.0,4.0,4.0,4.0,3.0,,,4.0,1,Economy
Airline 30,long delay weak communication would not recommend,no,1.0,1.0,2.0,2.0,1.0,4.0,2.0,2.0,1,Premium Economy
Airline 27,poor value delay and unhelpful ground service,no,1.0,1.0,1.0,1.0,1.0,,,1.0,1,Economy
Airline 37,smooth journey friendly service worth the fare,yes,7.0,4.0,5.0,2.0,4.0,,,4.0,1,Economy
Airline 37,poor value delay and unhelpful ground service,no,6.0,3.0,3.0,2.0,2.0,3.0,,3.0,1,Economy
Airline 15,smooth journey friendly service worth the fare,no,8.0,4.0,5.0,1.0,3.0,3.0,2.0,5.0,1,Economy
Airline 43,poor value delay and unhelpful ground service,no,6.0,2.0,1.0,3.0,2.0,,,1.0,1,Economy
Airline 19,long delay weak communication would not recommend,no,4.0,3.0,4.0,4.0,4.0,,3.0,3.0,1,Economy
Airline 42,long delay weak communication would not recommend,no,7.0,3.0,4.0,4.0,4.0,3.0,,3.0,1,Economy
Airline 21,disappointing experience uncomfortable and expensive,yes,5.0,3.0,3.0,1.0,2.0,2.0,1.0,2.0,0,Economy
Airline 06,poor value delay and unhelpful ground service,no,5.0,1.0,2.0,3.0,3.0,3.0,,3.0,0,Economy
Airline 39,efficient ground team and comfortable flight,yes,7.0,3.0,4.0,3.0,4.0,3.0,,3.0,1,Economy
Airline 02,good value and helpful cabin crew,yes,8.0,3.0,5.0,4.0,3.0,,3.0,3.0,0,Economy
Airline 39,efficient ground team and comfortable flight,no,5.0,4.0,2.0,2.0,3.0,4.0,3.0,3.0,0,Economy
Airline 03,poor value delay and unhelpful ground service,no,6.0,4.0,4.0,,5.0,4.0,,4.0,1,Economy
Airline 11,disappointing experience uncomfortable and expensive,no,8.0,3.0,4.0,1.0,2.0,,,2.0,0,Economy
Airline 31,long delay weak communication would not recommend,no,3.0,3.0,2.0,1.0,3.0,,1.0,1.0,0,Premium Economy
Airline 48,disappointing experience uncomfortable and expensive,yes,10.0,5.0,5.0,,5.0,4.0,,5.0,1,Business
Airline 21,poor value delay and unhelpful ground service,no,6.0,2.0,2.0,3.0,,,,2.0,0,Business
Airline 07,poor value delay and unhelpful ground service,no,4.0,1.0,3.0,1.0,2.0,,1.0,2.0,1,Economy
Airline 12,efficient ground team and comfortable flight,no,7.0,2.0,2.0,,4.0,3.0,,3.0,0,Business
Airline 45,efficient ground team and comfortable flight,no,5.0,4.0,3.0,,,4.0,1.0,3.0,0,Economy
Airline 37,poor value delay and unhelpful ground service,no,7.0,3.0,3.0,,1.0,,,2.0,1,Economy
Airline 06,efficient ground team and comfortable flight,yes,6.0,3.0,4.0,2.0,3.0,,,3.0,0,Premium Economy
Airline 20,poor value delay and unhelpful ground service,no,5.0,2.0,3.0,,3.0,,,4.0,0,Economy
Airline 14,good value and helpful cabin crew,yes,8.0,3.0,3.0,2.0,4.0,3.0,,5.0,0,Economy
Airline 09,poor value delay and unhelpful ground service,no,1.0,2.0,2.0,1.0,,2.0,,1.0,0,Business
Airline 43,good value and helpful cabin crew,yes,9.0,5.0,5.0,,4.0,2.0,4.0,4.0,0,Economy
Airline 31,disappointing experience uncomfortable and expensive,yes,4.0,2.0,4.0,2.0,4.0,,,2.0,1,Economy
Airline 09,poor value delay and unhelpful ground service,no,8.0,2.0,5.0,3.0,3.0,5.0,,4.0,1,Economy
Airline 33,disappointing experience uncomfortable and expensive,no,4.0,1.0,3.0,3.0,1.0,1.0,1.0,1.0,0,Economy
Airline 21,long delay weak communication would not recommend,no,5.0,2.0,3.0,2.0,4.0,2.0,3.0,3.0,0,Economy
Airline 04,long delay weak communication would not recommend,no,4.0,1.0,3.0,,2.0,,,4.0,0,Economy
Airline 23,smooth journey friendly service worth the fare,yes,10.0,5.0,5.0,4.0,5.0,5.0,,5.0,1,Economy
Airline 10,smooth journey friendly service worth the fare,yes,5.0,1.0,4.0,3.0,1.0,,,3.0,0,Economy
Airline 13,efficient ground team and comfortable flight,yes,6.0,4.0,3.0,3.0,4.0,3.0,2.0,4.0,1,Premium Economy
Airline 44,long delay weak communication would not recommend,no,3.0,3.0,3.0,,,2.0,3.0,2.0,0,Business
Airline 36,poor value delay and unhelpful ground service,no,5.0,4.0,3.0,,3.0,1.0,1.0,3.0,0,Economy
Airline 07,poor value delay and unhelpful ground service,no,6.0,3.0,3.0,2.0,2.0,,1.0,2.0,0,Economy
Airline 43,good value and helpful cabin crew,yes,10.0,5.0,3.0,,2.0,4.0,,5.0,0,Premium Economy
Airline 29,poor value delay and unhelpful ground service,no,2.0,3.0,1.0,2.0,3.0,3.0,1.0,1.0,1,Economy
Airline 44,disappointing experience uncomfortable and expensive,no,4.0,2.0,2.0,3.0,2.0,2.0,4.0,1.0,0,Business
Airline 38,long delay weak communication would not recommend,no,2.0,2.0,1.0,3.0,2.0,,1.0,1.0,0,Economy
Airline 17,long delay weak communication would not recommend,no,4.0,3.0,2.0,3.0,3.0,1.0,2.0,1.0,1,Economy
Airline 27,smooth journey friendly service worth the fare,no,5.0,2.0,3.0,,3.0,,,2.0,1,Economy
Airline 27,disappointing experience uncomfortable and expensive,no,2.0,2.0,1.0,2.0,1.0,1.0,1.0,1.0,0,Economy
Airline 36,poor value delay and unhelpful ground service,no,4.0,2.0,3.0,3.0,3.0,,,2.0,1,Economy
Airline 13,long delay weak communication would not recommend,no,2.0,2.0,1.0,2.0,2.0,1.0,,1.0,0,Economy
Airline 17,long delay weak communication would not recommend,no,3.0,1.0,3.0,2.0,2.0,2.0,2.0,2.0,1,Premium Economy
Airline 13,efficient ground team and comfortable flight,yes,10.0,5.0,5.0,,5.0,4.0,,5.0,0,Premium Economy
Airline 15,disappointing experience uncomfortable and expensive,no,7.0,4.0,2.0,2.0,,4.0,3.0,3.0,0,Economy
Airline 09,poor value delay and unhelpful ground service,no,4.0,4.0,3.0,3.0,2.0,4.0,2.0,3.0,0,Premium Economy
Airline 02,long delay weak communication would not recommend,no,2.0,1.0,1.0,1.0,,2.0,1.0,2.0,0,Economy
Airline 48,good value and helpful cabin crew,no,2.0,1.0,2.0,,1.0,2.0,2.0,2.0,0,Economy
Airline 04,poor value delay and unhelpful ground service,no,4.0,4.0,2.0,2.0,,3.0,1.0,1.0,0,Premium Economy
Airline 45,poor value delay and unhelpful ground service,no,5.0,3.0,3.0,1.0,4.0,5.0,1.0,2.0,1,Premium Economy
Airline 01,good value and helpful cabin crew,yes,8.0,2.0,4.0,3.0,5.0,4.0,1.0,3.0,0,Business
Airline 39,disappointing experience uncomfortable and expensive,yes,6.0,4.0,4.0,3.0,5.0,,2.0,3.0,0,Economy
Airline 17,efficient ground team and comfortable flight,yes,7.0,4.0,4.0,3.0,3.0,,,4.0,0,Economy
Airline 26,disappointing experience uncomfortable and expensive,no,4.0,3.0,2.0,,1.0,,3.0,2.0,1,Economy
Airline 15,efficient ground team and comfortable flight,yes,4.0,3.0,3.0,,4.0,2.0,,4.0,0,Premium Economy
Airline 25,smooth journey friendly service worth the fare,yes,5.0,4.0,3.0,1.0,2.0,3.0,2.0,3.0,0,Economy
Airline 23,good value and helpful cabin crew,yes,7.0,2.0,3.0,1.0,4.0,3.0,1.0,4.0,1,Premium Economy
Airline 27,smooth journey friendly service worth the fare,yes,10.0,5.0,5.0,,5.0,5.0,,5.0,1,Premium Economy
Airline 20,good value and helpful cabin crew,no,2.0,2.0,1.0,2.0,1.0,1.0,1.0,1.0,0,Economy
Airline 27,efficient ground team and comfortable flight,no,5.0,3.0,3.0,4.0,3.0,,5.0,2.0,0,Business
Airline 42,good value and helpful cabin crew,yes,8.0,3.0,5.0,,4.0,3.0,3.0,5.0,1,Economy
Airline 22,disappointing experience uncomfortable and expensive,no,2.0,2.0,3.0,4.0,2.0,2.0,,1.0,1,Business
Airline 19,disappointing experience uncomfortable and expensive,no,4.0,3.0,2.0,2.0,4.0,1.0,3.0,3.0,0,Economy
Airline 07,good value and helpful cabin crew,no,3.0,2.0,4.0,3.0,4.0,2.0,5.0,2.0,0,Economy
Airline 18,poor value delay and unhelpful ground service,no,6.0,4.0,3.0,3.0,3.0,,,3.0,0,Economy
Airline 07,poor value delay and unhelpful ground service,no,1.0,2.0,4.0,,1.0,3.0,,1.0,1,Business
Airline 10,smooth journey friendly service worth the fare,no,7.0,5.0,4.0,1.0,5.0,3.0,5.0,4.0,0,Economy
Airline 48,poor value delay and unhelpful ground service,no,8.0,3.0,3.0,3.0,2.0,,1.0,3.0,0,Economy
Airline 05,long delay weak communication would not recommend,yes,7.0,4.0,3.0,2.0,4.0,4.0,4.0,4.0,1,Economy
Airline 25,long delay weak communication would not recommend,no,3.0,3.0,4.0,2.0,3.0,2.0,2.0,3.0,1,Economy
Airline 42,poor value delay and unhelpful ground service,no,6.0,3.0,3.0,,2.0,3.0,,2.0,1,Economy
Airline 48,long delay weak communication would not recommend,no,3.0,3.0,2.0,3.0,3.0,,1.0,3.0,0,Economy
Airline 08,disappointing experience uncomfortable and expensive,no,4.0,2.0,4.0,4.0,3.0,,,1.0,1,Economy
Airline 09,good value and helpful cabin crew,yes,10.0,4.0,5.0,,5.0,5.0,2.0,5.0,1,Economy
Airline 19,efficient ground team and comfortable flight,yes,5.0,3.0,3.0,,4.0,3.0,,2.0,0,Premium Economy
Airline 28,disappointing experience uncomfortable and expensive,no,4.0,2.0,1.0,1.0,1.0,,2.0,1.0,0,Economy
Airline 48,efficient ground team and comfortable flight,yes,8.0,4.0,5.0,3.0,4.0,3.0,2.0,2.0,0,Economy
Airline 11,long delay weak communication would not recommend,no,3.0,2.0,1.0,2.0,1.0,,,1.0,1,Economy
Airline 09,poor value delay and unhelpful ground service,no,2.0,2.0,2.0,2.0,2.0,,,2.0,1,Business
Airline 13,poor value delay and unhelpful ground service,no,3.0,1.0,3.0,3.0,2.0,2.0,2.0,1.0,0,Economy
Airline 44,efficient ground team and comfortable flight,no,3.0,3.0,3.0,1.0,2.0,2.0,1.0,2.0,0,Economy
Airline 02,smooth journey friendly service worth the fare,yes,8.0,4.0,3.0,3.0,4.0,3.0,2.0,4.0,1,Economy
Airline 20,efficient ground team and comfortable flight,yes,7.0,4.0,3.0,3.0,3.0,,1.0,5.0,1,Economy
Airline 06,smooth journey friendly service worth the fare,no,6.0,4.0,4.0,2.0,4.0,3.0,,4.0,1,Economy
Airline 08,efficient ground team and comfortable flight,no,5.0,3.0,2.0,3.0,2.0,2.0,1.0,1.0,0,Economy
Airline 46,good value and helpful cabin crew,no,4.0,3.0,1.0,3.0,3.0,,2.0,2.0,1,Economy
Airline 01,smooth journey friendly service worth the fare,yes,4.0,4.0,4.0,4.0,3.0,4.0,,4.0,0,Economy
Airline 17,poor value delay and unhelpful ground service,no,6.0,3.0,2.0,3.0,2.0,2.0,,3.0,1,Economy
Airline 46,long delay weak communication would not recommend,no,4.0,1.0,3.0,3.0,3.0,2.0,1.0,2.0,0,Economy
Airline 31,disappointing experience uncomfortable and expensive,yes,7.0,2.0,3.0,3.0,4.0,,3.0,3.0,0,Premium Economy
Airline 04,disappointing experience uncomfortable and expensive,no,6.0,2.0,3.0,3.0,,,,2.0,1,Business
Airline 24,poor value delay and unhelpful ground service,no,6.0,4.0,3.0,3.0,4.0,4.0,2.0,3.0,0,Economy
Airline 49,efficient ground team and comfortable flight,yes,10.0,3.0,4.0,,,2.0,,4.0,1,Business
Airline 21,long delay weak communication would not recommend,yes,5.0,2.0,2.0,3.0,3.0,,,2.0,0,Economy
Airline 27,efficient ground team and comfortable flight,yes,8.0,4.0,4.0,,3.0,,,5.0,1,Economy
Airline 27,disappointing experience uncomfortable and expensive,no,4.0,2.0,3.0,3.0,4.0,,2.0,3.0,1,Economy
Airline 34,long delay weak communication would not recommend,no,1.0,2.0,3.0,,1.0,2.0,,1.0,0,Economy
Airline 10,disappointing experience uncomfortable and expensive,no,7.0,1.0,2.0,4.0,1.0,2.0,3.0,2.0,0,Economy
Airline 42,smooth journey friendly service worth the fare,yes,5.0,1.0,1.0,,,3.0,,4.0,1,Economy
Airline 50,good value and helpful cabin crew,yes,5.0,3.0,2.0,3.0,3.0,2.0,,2.0,0,Economy
Airline 08,poor value delay and unhelpful ground service,no,8.0,2.0,3.0,2.0,4.0,,3.0,4.0,0,Economy
Airline 41,long delay weak communication would not recommend,no,6.0,5.0,3.0,,4.0,3.0,,3.0,0,Economy
Airline 41,poor value delay and unhelpful ground service,no,8.0,4.0,5.0,,4.0,,,4.0,1,Economy
Airline 38,smooth journey friendly service worth the fare,no,4.0,4.0,4.0,,3.0,2.0,2.0,3.0,0,Economy
Airline 19,poor value delay and unhelpful ground service,no,4.0,3.0,5.0,4.0,3.0,,,2.0,1,Economy
Airline 24,disappointing experience uncomfortable and expensive,no,1.0,2.0,2.0,2.0,2.0,2.0,,1.0,1,Premium Economy
Airline 42,disappointing experience uncomfortable and expensive,no,5.0,2.0,2.0,4.0,3.0,4.0,2.0,4.0,0,Economy
Airline 08,disappointing experience uncomfortable and expensive,no,7.0,4.0,3.0,2.0,5.0,3.0,1.0,2.0,1,Economy
Airline 42,efficient ground team and comfortable flight,yes,7.0,4.0,3.0,3.0,3.0,,3.0,3.0,1,Economy
Airline 47,smooth journey friendly service worth the fare,yes,10.0,5.0,5.0,3.0,4.0,5.0,,5.0,0,Economy
Airline 35,efficient ground team and comfortable flight,yes,7.0,4.0,3.0,3.0,3.0,3.0,2.0,4.0,1,Economy
Airline 18,efficient ground team and comfortable flight,yes,7.0,3.0,3.0,,2.0,3.0,,5.0,0,Economy
Airline 28,poor value delay and unhelpful ground service,no,4.0,3.0,1.0,3.0,2.0,,,2.0,1,Business
Airline 03,long delay weak communication would not recommend,no,7.0,3.0,2.0,2.0,2.0,3.0,1.0,2.0,1,Economy
Airline 47,efficient ground team and comfortable flight,yes,5.0,4.0,3.0,5.0,,,1.0,1.0,0,Economy
Airline 18,poor value delay and unhelpful ground service,no,4.0,4.0,2.0,,2.0,,,2.0,0,Premium Economy
Airline 03,poor value delay and unhelpful ground service,no,8.0,3.0,3.0,,4.0,3.0,,4.0,1,Economy
Airline 40,efficient ground team and comfortable flight,yes,6.0,2.0,4.0,3.0,,3.0,3.0,5.0,1,Economy
Airline 33,long delay weak communication would not recommend,no,4.0,1.0,3.0,3.0,2.0,2.0,1.0,2.0,1,Economy
Airline 32,efficient ground team and comfortable flight,yes,9.0,3.0,3.0,,4.0,3.0,2.0,5.0,1,Economy
Airline 03,efficient ground team and comfortable flight,no,5.0,3.0,3.0,3.0,4.0,3.0,,2.0,1,Economy
Airline 38,poor value delay and unhelpful ground service,no,1.0,3.0,1.0,1.0,1.0,1.0,1.0,1.0,0,Premium Economy
Airline 32,long delay weak communication would not recommend,no,5.0,4.0,4.0,5.0,3.0,,,4.0,0,Economy
Airline 40,poor value delay and unhelpful ground service,yes,6.0,4.0,5.0,2.0,,5.0,3.0,3.0,1,Economy
Airline 42,disappointing experience uncomfortable and expensive,yes,6.0,5.0,4.0,3.0,5.0,2.0,5.0,5.0,0,Economy
Airline 11,smooth journey friendly service worth the fare,no,6.0,2.0,2.0,2.0,3.0,,3.0,3.0,0,Economy
Airline 11,good value and helpful cabin crew,yes,8.0,2.0,3.0,2.0,,3.0,,4.0,1,Economy
Airline 47,long delay weak communication would not recommend,no,5.0,2.0,3.0,,3.0,,,3.0,1,Economy
Airline 27,poor value delay and unhelpful ground service,no,2.0,1.0,2.0,,3.0,,,1.0,0,Economy
Airline 22,poor value delay and unhelpful ground service,no,3.0,1.0,3.0,1.0,2.0,,,3.0,0,Economy
Airline 15,efficient ground team and comfortable flight,yes,10.0,3.0,5.0,3.0,5.0,4.0,,5.0,1,Economy
Airline 32,smooth journey friendly service worth the fare,yes,9.0,4.0,5.0,2.0,4.0,3.0,,5.0,1,Economy
Airline 38,smooth journey friendly service worth the fare,yes,8.0,3.0,4.0,3.0,3.0,2.0,,3.0,1,Economy
Airline 01,smooth journey friendly service worth the fare,yes,8.0,3.0,3.0,4.0,4.0,,,5.0,0,Economy
Airline 28,good value and helpful cabin crew,yes,8.0,4.0,3.0,3.0,4.0,1.0,,4.0,0,Economy
Airline 50,poor value delay and unhelpful ground service,yes,7.0,3.0,4.0,,3.0,,,4.0,0,Premium Economy
Airline 15,disappointing experience uncomfortable and expensive,no,3.0,2.0,2.0,,2.0,2.0,,3.0,1,Economy
Airline 15,efficient ground team and comfortable flight,yes,9.0,3.0,5.0,,5.0,,3.0,4.0,1,Economy
Airline 44,poor value delay and unhelpful ground service,yes,6.0,4.0,4.0,3.0,4.0,,3.0,3.0,0,Economy
Airline 04,disappointing experience uncomfortable and expensive,no,4.0,3.0,3.0,,3.0,4.0,,3.0,1,Economy
Airline 20,good value and helpful cabin crew,no,4.0,3.0,3.0,1.0,3.0,3.0,,1.0,0,Economy
Airline 23,long delay weak communication would not recommend,yes,6.0,2.0,2.0,5.0,3.0,4.0,,3.0,0,Economy
Airline 40,disappointing experience uncomfortable and expensive,no,2.0,2.0,3.0,,3.0,3.0,,1.0,0,Premium Economy
Airline 07,good value and helpful cabin crew,no,4.0,4.0,3.0,3.0,4.0,,,4.0,1,Premium Economy
Airline 22,long delay weak communication would not recommend,no,2.0,1.0,2.0,3.0,4.0,4.0,,3.0,1,Economy
Airline 08,smooth journey friendly service worth the fare,no,8.0,4.0,4.0,5.0,3.0,,,2.0,1,Business
Airline 40,long delay weak communication would not recommend,no,4.0,2.0,3.0,4.0,3.0,2.0,,4.0,0,Economy
Airline 32,efficient ground team and comfortable flight,no,6.0,3.0,2.0,3.0,2.0,2.0,,3.0,1,Economy
Airline 25,poor value delay and unhelpful ground service,no,4.0,4.0,2.0,,,2.0,,2.0,1,Economy
Airline 20,poor value delay and unhelpful ground service,no,5.0,4.0,3.0,2.0,2.0,3.0,,2.0,1,Economy
Airline 08,efficient ground team and comfortable flight,yes,8.0,3.0,5.0,2.0,5.0,,,5.0,1,Economy
Airline 47,good value and helpful cabin crew,yes,8.0,4.0,3.0,3.0,,,,5.0,0,Business
Airline 33,poor value delay and unhelpful ground service,no,9.0,4.0,4.0,4.0,4.0,2.0,,3.0,1,Business
Airline 16,disappointing experience uncomfortable and expensive,no,5.0,2.0,2.0,3.0,3.0,,2.0,2.0,0,Economy
Airline 21,efficient ground team and comfortable flight,yes,9.0,3.0,4.0,4.0,3.0,2.0,,4.0,1,Economy
Airline 37,good value and helpful cabin crew,yes,7.0,3.0,3.0,3.0,4.0,5.0,,5.0,1,Economy
Airline 36,disappointing experience uncomfortable and expensive,no,3.0,3.0,3.0,3.0,,,,2.0,0,Economy
Airline 24,long delay weak communication would not recommend,yes,5.0,2.0,3.0,4.0,3.0,5.0,2.0,4.0,1,Economy
Airline 16,efficient ground team and comfortable flight,no,1.0,2.0,3.0,1.0,1.0,2.0,2.0,2.0,0,Economy
Airline 33,good value and helpful cabin crew,yes,7.0,3.0,4.0,,5.0,1.0,,4.0,0,Premium Economy
Airline 33,smooth journey friendly service worth the fare,yes,10.0,4.0,4.0,5.0,4.0,5.0,2.0,5.0,0,Premium Economy
Airline 30,disappointing experience uncomfortable and expensive,no,4.0,3.0,4.0,3.0,4.0,,,3.0,1,Economy
Airline 04,long delay weak communication would not recommend,no,1.0,2.0,3.0,1.0,2.0,1.0,,1.0,0,Premium Economy
Airline 24,long delay weak communication would not recommend,no,7.0,3.0,4.0,2.0,4.0,,,4.0,0,Economy
Airline 31,poor value delay and unhelpful ground service,no,4.0,4.0,2.0,,4.0,,,2.0,0,Economy
Airline 48,good value and helpful cabin crew,no,4.0,3.0,2.0,2.0,2.0,3.0,,1.0,1,Economy
Airline 27,good value and helpful cabin crew,yes,8.0,3.0,3.0,2.0,4.0,4.0,,4.0,0,Economy
Airline 18,disappointing experience uncomfortable and expensive,no,7.0,4.0,4.0,,4.0,3.0,1.0,2.0,1,Economy
Airline 28,poor value delay and unhelpful ground service,no,5.0,3.0,2.0,3.0,2.0,3.0,,4.0,0,Premium Economy
Airline 09,disappointing experience uncomfortable and expensive,no,7.0,3.0,3.0,3.0,2.0,2.0,2.0,3.0,1,Business
Airline 05,smooth journey friendly service worth the fare,yes,6.0,4.0,4.0,,3.0,4.0,,4.0,1,Economy
Airline 34,poor value delay and unhelpful ground service,no,4.0,2.0,3.0,2.0,3.0,2.0,2.0,2.0,0,Economy
Airline 50,long delay weak communication would not recommend,no,5.0,1.0,1.0,2.0,1.0,,4.0,1.0,1,Economy
Airline 43,poor value delay and unhelpful ground service,yes,5.0,3.0,5.0,5.0,3.0,2.0,,2.0,0,Economy
Airline 30,long delay weak communication would not recommend,yes,8.0,3.0,5.0,4.0,2.0,3.0,,5.0,0,Business
Airline 03,efficient ground team and comfortable flight,no,3.0,5.0,3.0,3.0,4.0,4.0,,2.0,0,Premium Economy
Airline 50,poor value delay and unhelpful ground service,no,2.0,1.0,3.0,1.0,,1.0,1.0,1.0,1,Economy
Airline 23,efficient ground team and comfortable flight,yes,7.0,4.0,4.0,,5.0,,,5.0,1,Economy
Airline 15,poor value delay and unhelpful ground service,no,1.0,2.0,2.0,1.0,1.0,1.0,,1.0,1,Economy
Airline 45,long delay weak communication would not recommend,no,5.0,4.0,3.0,,2.0,,,4.0,0,Business
Airline 38,long delay weak communication would not recommend,no,4.0,2.0,2.0,,2.0,1.0,3.0,3.0,0,Economy
Airline 38,good value and helpful cabin crew,yes,3.0,2.0,5.0,4.0,3.0,,,4.0,1,Premium Economy
Airline 14,smooth journey friendly service worth the fare,yes,6.0,5.0,3.0,4.0,3.0,,,4.0,0,Economy
Airline 50,long delay weak communication would not recommend,yes,10.0,4.0,4.0,2.0,5.0,,,3.0,0,Economy
Airline 23,long delay weak communication would not recommend,no,5.0,3.0,3.0,4.0,2.0,1.0,,2.0,0,Economy
Airline 27,disappointing experience uncomfortable and expensive,no,6.0,4.0,4.0,3.0,5.0,,1.0,4.0,0,Economy
Airline 38,poor value delay and unhelpful ground service,no,5.0,4.0,3.0,2.0,4.0,2.0,2.0,3.0,0,Economy
Airline 33,poor value delay and unhelpful ground service,no,3.0,2.0,2.0,,1.0,,1.0,1.0,1,Economy
Airline 09,long delay weak communication would not recommend,no,7.0,4.0,5.0,3.0,5.0,,4.0,4.0,1,Economy
Airline 16,poor value delay and unhelpful ground service,no,3.0,1.0,2.0,,1.0,,1.0,1.0,1,Economy
Airline 19,smooth journey friendly service worth the fare,yes,4.0,2.0,4.0,3.0,4.0,,2.0,5.0,0,Economy
Airline 48,disappointing experience uncomfortable and expensive,no,8.0,3.0,3.0,2.0,2.0,,,5.0,0,Economy
Airline 36,disappointing experience uncomfortable and expensive,no,7.0,3.0,2.0,2.0,5.0,5.0,4.0,3.0,1,Economy
Airline 19,poor value delay and unhelpful ground service,no,2.0,2.0,4.0,3.0,1.0,3.0,,3.0,1,Economy
Airline 37,poor value delay and unhelpful ground service,no,7.0,4.0,4.0,4.0,3.0,,,3.0,1,Economy
Airline 37,smooth journey friendly service worth the fare,no,3.0,3.0,2.0,2.0,1.0,,,2.0,0,Economy
Airline 20,efficient ground team and comfortable flight,yes,3.0,3.0,3.0,2.0,4.0,4.0,,4.0,1,Business
Airline 21,poor value delay and unhelpful ground service,no,4.0,2.0,2.0,3.0,3.0,4.0,,1.0,1,Economy
Airline 45,disappointing experience uncomfortable and expensive,no,5.0,4.0,3.0,,2.0,1.0,,3.0,1,Economy
Airline 29,long delay weak communication would not recommend,no,4.0,3.0,3.0,2.0,4.0,2.0,1.0,4.0,1,Economy
Airline 08,smooth journey friendly service worth the fare,yes,9.0,5.0,5.0,5.0,,,1.0,5.0,1,Economy
Airline 36,efficient ground team and comfortable flight,no,5.0,3.0,2.0,4.0,3.0,3.0,,4.0,0,Economy
Airline 30,smooth journey friendly service worth the fare,yes,8.0,4.0,5.0,3.0,5.0,3.0,2.0,5.0,1,Economy
Airline 26,efficient ground team and comfortable flight,yes,5.0,4.0,4.0,1.0,3.0,5.0,3.0,3.0,1,Business
Airline 37,good value and helpful cabin crew,no,2.0,1.0,2.0,1.0,2.0,1.0,,2.0,1,Economy
Airline 46,disappointing experience uncomfortable and expensive,no,4.0,2.0,3.0,2.0,3.0,3.0,,3.0,1,Economy
Airline 17,disappointing experience uncomfortable and expensive,no,4.0,3.0,4.0,3.0,,3.0,1.0,2.0,0,Business
Airline 21,long delay weak communication would not recommend,no,4.0,2.0,2.0,3.0,2.0,,,2.0,1,Premium Economy
Airline 10,poor value delay and unhelpful ground service,yes,8.0,5.0,5.0,3.0,4.0,2.0,,4.0,1,Economy
Airline 33,good value and helpful cabin crew,no,6.0,2.0,4.0,3.0,3.0,,,3.0,1,Economy
Airline 21,long delay weak communication would not recommend,no,1.0,1.0,1.0,1.0,2.0,2.0,,1.0,1,Economy
Airline 18,disappointing experience uncomfortable and expensive,no,1.0,1.0,1.0,3.0,,,2.0,1.0,0,Economy
Airline 35,poor value delay and unhelpful ground service,no,5.0,3.0,4.0,3.0,4.0,2.0,2.0,3.0,1,Business
Airline 21,long delay weak communication would not recommend,no,4.0,3.0,3.0,3.0,4.0,2.0,,2.0,0,Premium Economy
Airline 24,efficient ground team and comfortable flight,yes,7.0,3.0,4.0,2.0,4.0,4.0,,4.0,1,Economy
Airline 23,efficient ground team and comfortable flight,yes,8.0,3.0,4.0,4.0,3.0,,2.0,4.0,0,Economy
Airline 13,disappointing experience uncomfortable and expensive,no,2.0,4.0,1.0,4.0,2.0,2.0,3.0,2.0,1,Business
Airline 07,long delay weak communication would not recommend,no,2.0,2.0,2.0,1.0,3.0,1.0,1.0,1.0,0,Economy
Airline 42,good value and helpful cabin crew,yes,8.0,4.0,4.0,3.0,5.0,,,4.0,1,Economy
Airline 05,efficient ground team and comfortable flight,yes,6.0,5.0,3.0,2.0,4.0,,4.0,4.0,0,Premium Economy
Airline 17,smooth journey friendly service worth the fare,no,4.0,2.0,5.0,2.0,1.0,,2.0,2.0,0,Economy
Airline 34,good value and helpful cabin crew,no,5.0,2.0,3.0,,1.0,1.0,,2.0,0,Business
Airline 07,good value and helpful cabin crew,no,4.0,2.0,4.0,,4.0,3.0,3.0,2.0,0,Economy
Airline 33,disappointing experience uncomfortable and expensive,no,3.0,2.0,4.0,,2.0,2.0,,2.0,1,Economy
Airline 37,smooth journey friendly service worth the fare,yes,6.0,2.0,4.0,5.0,,4.0,,5.0,1,Economy
Airline 34,long delay weak communication would not recommend,no,3.0,3.0,3.0,2.0,3.0,,,3.0,0,Business
Airline 16,poor value delay and unhelpful ground service,no,6.0,4.0,4.0,3.0,5.0,,3.0,4.0,1,Economy
Airline 01,disappointing experience uncomfortable and expensive,no,3.0,3.0,3.0,,,,,2.0,1,Economy
Airline 45,disappointing experience uncomfortable and expensive,no,6.0,3.0,1.0,,3.0,,,3.0,1,Economy
Airline 17,poor value delay and unhelpful ground service,no,5.0,3.0,3.0,,,3.0,,3.0,0,Economy
Airline 41,poor value delay and unhelpful ground service,no,1.0,1.0,1.0,2.0,1.0,1.0,1.0,1.0,1,Economy
Airline 10,poor value delay and unhelpful ground service,no,4.0,3.0,4.0,3.0,1.0,2.0,,4.0,1,Economy
Airline 09,efficient ground team and comfortable flight,yes,7.0,3.0,3.0,,3.0,5.0,,2.0,0,Business
Airline 39,disappointing experience uncomfortable and expensive,yes,6.0,2.0,4.0,,5.0,3.0,1.0,5.0,0,Economy
Airline 47,disappointing experience uncomfortable and expensive,no,1.0,3.0,2.0,1.0,2.0,3.0,,2.0,0,Economy
Airline 44,good value and helpful cabin crew,yes,9.0,3.0,5.0,,5.0,,,4.0,1,Economy
Airline 38,good value and helpful cabin crew,yes,6.0,2.0,5.0,3.0,4.0,1.0,1.0,4.0,0,Economy
Airline 13,efficient ground team and comfortable flight,yes,7.0,4.0,4.0,5.0,4.0,3.0,,5.0,0,Premium Economy
Airline 46,efficient ground team and comfortable flight,no,4.0,3.0,2.0,4.0,2.0,4.0,,5.0,1,Economy
Airline 34,long delay weak communication would not recommend,no,8.0,4.0,5.0,3.0,4.0,4.0,,4.0,0,Business
Airline 09,efficient ground team and comfortable flight,yes,2.0,3.0,1.0,1.0,1.0,2.0,3.0,2.0,1,Economy
Airline 07,smooth journey friendly service worth the fare,yes,6.0,3.0,3.0,,5.0,3.0,,4.0,1,Economy
Airline 44,efficient ground team and comfortable flight,no,4.0,3.0,3.0,2.0,1.0,2.0,3.0,1.0,0,Business
Airline 14,long delay weak communication would not recommend,no,1.0,2.0,3.0,2.0,,3.0,,1.0,0,Economy
Airline 39,long delay weak communication would not recommend,no,1.0,2.0,2.0,3.0,1.0,2.0,,2.0,0,Economy
Airline 07,smooth journey friendly service worth the fare,no,4.0,3.0,4.0,2.0,3.0,2.0,1.0,2.0,0,Economy
Airline 15,good value and helpful cabin crew,no,4.0,2.0,2.0,,2.0,3.0,,2.0,1,Economy
Airline 15,good value and helpful cabin crew,no,5.0,3.0,4.0,2.0,3.0,,,4.0,0,Economy
Airline 15,poor value delay and unhelpful ground service,no,2.0,1.0,3.0,1.0,1.0,3.0,1.0,1.0,0,Economy
Airline 34,smooth journey friendly service worth the fare,no,2.0,2.0,1.0,1.0,,2.0,,1.0,0,Economy
Airline 46,smooth journey friendly service worth the fare,yes,8.0,4.0,3.0,2.0,,,5.0,4.0,1,Economy
Airline 46,smooth journey friendly service worth the fare,yes,10.0,1.0,3.0,4.0,4.0,2.0,4.0,4.0,0,Economy
Airline 38,disappointing experience uncomfortable and expensive,no,4.0,3.0,3.0,3.0,4.0,,,2.0,0,Premium Economy
Airline 11,disappointing experience uncomfortable and expensive,no,5.0,3.0,2.0,2.0,,5.0,,4.0,0,Business
Airline 49,long delay weak communication would not recommend,yes,6.0,3.0,4.0,4.0,4.0,3.0,,4.0,1,Economy
Airline 28,poor value delay and unhelpful ground service,no,6.0,2.0,4.0,3.0,3.0,4.0,4.0,2.0,0,Business
Airline 28,disappointing experience uncomfortable and expensive,no,6.0,2.0,3.0,3.0,3.0,1.0,,3.0,1,Economy
Airline 36,smooth journey friendly service worth the fare,yes,9.0,3.0,4.0,2.0,4.0,,,4.0,0,Economy
Airline 39,good value and helpful cabin crew,no,3.0,2.0,3.0,3.0,4.0,2.0,,3.0,0,Economy
Airline 48,efficient ground team and comfortable flight,yes,6.0,5.0,3.0,5.0,3.0,4.0,2.0,4.0,1,Economy
Airline 30,smooth journey friendly service worth the fare,yes,6.0,3.0,2.0,3.0,3.0,1.0,1.0,4.0,0,Premium Economy
Airline 31,long delay weak communication would not recommend,yes,6.0,5.0,3.0,4.0,2.0,,1.0,3.0,1,Economy
Airline 38,poor value delay and unhelpful ground service,no,6.0,3.0,4.0,,1.0,,1.0,3.0,1,Economy
Airline 13,efficient ground team and comfortable flight,yes,6.0,4.0,5.0,4.0,2.0,4.0,,2.0,1,Business
Airline 16,good value and helpful cabin crew,yes,6.0,2.0,3.0,,5.0,3.0,,3.0,1,Business
Airline 32,disappointing experience uncomfortable and expensive,no,5.0,2.0,2.0,,,,,1.0,0,Economy
Airline 04,good value and helpful cabin crew,yes,8.0,3.0,5.0,2.0,5.0,2.0,1.0,4.0,0,Economy
Airline 17,long delay weak communication would not recommend,no,4.0,3.0,1.0,2.0,2.0,,2.0,4.0,1,Economy
Airline 36,poor value delay and unhelpful ground service,no,6.0,3.0,3.0,4.0,1.0,1.0,,3.0,0,Economy
Airline 49,disappointing experience uncomfortable and expensive,no,7.0,3.0,3.0,2.0,2.0,2.0,4.0,2.0,1,Economy
Airline 26,smooth journey friendly service worth the fare,yes,6.0,3.0,5.0,3.0,4.0,3.0,3.0,4.0,1,Economy
Airline 20,disappointing experience uncomfortable and expensive,no,2.0,1.0,3.0,,1.0,,1.0,1.0,1,Business
Airline 23,disappointing experience uncomfortable and expensive,yes,7.0,3.0,3.0,,4.0,3.0,2.0,3.0,1,Business
Airline 35,disappointing experience uncomfortable and expensive,no,6.0,2.0,3.0,4.0,2.0,2.0,,4.0,1,Economy
Airline 28,long delay weak communication would not recommend,yes,9.0,5.0,4.0,3.0,5.0,,2.0,5.0,1,Business
Airline 02,long delay weak communication would not recommend,no,4.0,2.0,3.0,1.0,2.0,,,3.0,0,Economy
Airline 27,efficient ground team and comfortable flight,yes,5.0,3.0,4.0,,3.0,,,3.0,1,Economy
Airline 21,long delay weak communication would not recommend,yes,9.0,4.0,4.0,4.0,5.0,5.0,,5.0,1,Economy
Airline 36,disappointing experience uncomfortable and expensive,no,5.0,4.0,3.0,,2.0,3.0,,4.0,1,Economy
Airline 44,smooth journey friendly service worth the fare,yes,8.0,2.0,5.0,3.0,3.0,2.0,,5.0,0,Economy
Airline 49,disappointing experience uncomfortable and expensive,no,5.0,3.0,4.0,3.0,,4.0,2.0,1.0,0,Premium Economy
Airline 31,smooth journey friendly service worth the fare,yes,4.0,2.0,4.0,2.0,5.0,,,5.0,0,Economy
Airline 19,poor value delay and unhelpful ground service,no,8.0,3.0,3.0,4.0,,4.0,4.0,3.0,0,Economy
Airline 23,disappointing experience uncomfortable and expensive,no,8.0,3.0,3.0,3.0,5.0,,2.0,4.0,0,Economy
Airline 09,poor value delay and unhelpful ground service,no,4.0,1.0,4.0,,2.0,1.0,3.0,3.0,0,Business
Airline 47,long delay weak communication would not recommend,no,3.0,3.0,3.0,,1.0,1.0,,2.0,0,Economy
Airline 43,disappointing experience uncomfortable and expensive,no,5.0,3.0,3.0,2.0,3.0,2.0,,3.0,0,Business
Airline 43,efficient ground team and comfortable flight,yes,6.0,3.0,3.0,3.0,4.0,4.0,1.0,3.0,1,Premium Economy
Airline 17,disappointing experience uncomfortable and expensive,yes,5.0,3.0,3.0,4.0,3.0,,1.0,2.0,0,Economy
Airline 17,disappointing experience uncomfortable and expensive,no,7.0,4.0,4.0,4.0,3.0,3.0,,4.0,1,Economy
Airline 43,smooth journey friendly service worth the fare,yes,10.0,5.0,5.0,4.0,3.0,,,5.0,1,Economy
Airline 28,efficient ground team and comfortable flight,no,4.0,2.0,4.0,,,1.0,,1.0,1,Economy
Airline 36,poor value delay and unhelpful ground service,no,4.0,3.0,3.0,,3.0,3.0,3.0,2.0,1,Economy
Airline 25,good value and helpful cabin crew,no,2.0,2.0,3.0,1.0,1.0,3.0,1.0,2.0,1,Economy
Airline 23,smooth journey friendly service worth the fare,yes,9.0,5.0,5.0,4.0,4.0,4.0,4.0,5.0,0,Premium Economy
Airline 32,poor value delay and unhelpful ground service,no,7.0,3.0,3.0,2.0,4.0,2.0,,3.0,0,Economy
Airline 41,disappointing experience uncomfortable and expensive,no,5.0,3.0,2.0,4.0,3.0,,,3.0,1,Business
Airline 17,efficient ground team and comfortable flight,no,3.0,1.0,2.0,2.0,3.0,,1.0,1.0,1,Premium Economy
Airline 41,disappointing experience uncomfortable and expensive,no,6.0,3.0,4.0,,3.0,2.0,2.0,2.0,1,Economy
Airline 13,poor value delay and unhelpful ground service,no,7.0,3.0,3.0,3.0,3.0,,,3.0,0,Economy
Airline 21,disappointing experience uncomfortable and expensive,no,5.0,4.0,3.0,,3.0,3.0,,3.0,0,Economy
Airline 46,disappointing experience uncomfortable and expensive,no,6.0,3.0,4.0,4.0,4.0,,,4.0,0,Economy
Airline 48,poor value delay and unhelpful ground service,yes,10.0,4.0,5.0,4.0,5.0,4.0,1.0,5.0,1,Economy
Airline 47,long delay weak communication would not recommend,no,2.0,3.0,2.0,3.0,3.0,2.0,,3.0,0,Economy
Airline 16,disappointing experience uncomfortable and expensive,no,4.0,3.0,2.0,2.0,,1.0,,3.0,1,Economy
Airline 43,poor value delay and unhelpful ground service,no,4.0,3.0,3.0,,2.0,3.0,1.0,3.0,1,Economy
Airline 47,good value and helpful cabin crew,yes,10.0,5.0,4.0,,4.0,2.0,3.0,5.0,0,Premium Economy
Airline 49,disappointing experience uncomfortable and expensive,no,7.0,4.0,3.0,,4.0,4.0,,4.0,0,Business
Airline 02,efficient ground team and comfortable flight,no,4.0,3.0,5.0,2.0,3.0,2.0,2.0,3.0,1,Economy
Airline 38,poor value delay and unhelpful ground service,yes,6.0,5.0,4.0,4.0,4.0,2.0,,3.0,1,Business
Airline 50,disappointing experience uncomfortable and expensive,no,4.0,4.0,4.0,1.0,3.0,,,3.0,0,Economy
Airline 39,efficient ground team and comfortable flight,yes,5.0,4.0,5.0,,4.0,4.0,2.0,4.0,0,Economy
Airline 12,disappointing experience uncomfortable and expensive,no,5.0,4.0,3.0,2.0,2.0,1.0,,2.0,0,Economy
Airline 39,poor value delay and unhelpful ground service,no,7.0,4.0,3.0,3.0,4.0,5.0,,3.0,0,Economy
Airline 06,efficient ground team and comfortable flight,yes,7.0,2.0,4.0,,4.0,2.0,,5.0,1,Economy
Airline 25,long delay weak communication would not recommend,no,4.0,3.0,3.0,4.0,3.0,3.0,,3.0,1,Economy
Airline 32,poor value delay and unhelpful ground service,no,6.0,4.0,3.0,5.0,4.0,,2.0,3.0,1,Economy
Airline 23,long delay weak communication would not recommend,no,7.0,4.0,2.0,1.0,3.0,3.0,,2.0,1,Economy
Airline 35,efficient ground team and comfortable flight,yes,5.0,3.0,4.0,3.0,3.0,4.0,3.0,3.0,1,Economy
Airline 13,efficient ground team and comfortable flight,no,9.0,5.0,5.0,1.0,4.0,4.0,2.0,4.0,1,Premium Economy
Airline 31,smooth journey friendly service worth the fare,yes,8.0,4.0,3.0,4.0,2.0,5.0,,4.0,1,Economy
Airline 33,long delay weak communication would not recommend,no,5.0,4.0,3.0,3.0,4.0,4.0,3.0,4.0,0,Premium Economy
Airline 32,long delay weak communication would not recommend,no,5.0,3.0,4.0,,2.0,,,2.0,0,Economy
Airline 15,good value and helpful cabin crew,no,4.0,3.0,2.0,4.0,2.0,,4.0,2.0,0,Business
Airline 16,long delay weak communication would not recommend,no,6.0,4.0,4.0,2.0,3.0,2.0,1.0,4.0,1,Economy
Airline 13,good value and helpful cabin crew,yes,8.0,4.0,4.0,,3.0,4.0,1.0,3.0,0,Business
Airline 24,disappointing experience uncomfortable and expensive,no,4.0,3.0,2.0,1.0,1.0,4.0,,2.0,0,Economy
Airline 30,good value and helpful cabin crew,no,4.0,2.0,2.0,4.0,,4.0,,2.0,0,Economy
Airline 19,disappointing experience uncomfortable and expensive,no,4.0,3.0,4.0,,3.0,1.0,,2.0,0,Economy
Airline 21,efficient ground team and comfortable flight,no,6.0,4.0,3.0,2.0,,,,2.0,1,Business
Airline 15,smooth journey friendly service worth the fare,yes,10.0,4.0,4.0,,5.0,3.0,4.0,5.0,0,Premium Economy
Airline 11,long delay weak communication would not recommend,no,6.0,2.0,4.0,4.0,3.0,3.0,1.0,3.0,1,Economy
Airline 33,disappointing experience uncomfortable and expensive,no,9.0,3.0,5.0,5.0,,3.0,,4.0,1,Economy
Airline 41,disappointing experience uncomfortable and expensive,no,7.0,2.0,3.0,3.0,4.0,,2.0,4.0,0,Premium Economy
Airline 15,smooth journey friendly service worth the fare,no,5.0,3.0,2.0,2.0,3.0,4.0,,3.0,1,Business
Airline 44,poor value delay and unhelpful ground service,no,3.0,2.0,3.0,4.0,2.0,,,1.0,1,Economy
Airline 29,efficient ground team and comfortable flight,yes,6.0,4.0,4.0,2.0,3.0,,,2.0,1,Economy
Airline 09,disappointing experience uncomfortable and expensive,no,3.0,3.0,1.0,2.0,3.0,1.0,1.0,3.0,0,Business
Airline 19,long delay weak communication would not recommend,no,2.0,3.0,3.0,,1.0,2.0,,1.0,0,Economy
Airline 01,smooth journey friendly service worth the fare,no,3.0,2.0,4.0,2.0,,3.0,,2.0,0,Economy
Airline 02,poor value delay and unhelpful ground service,no,5.0,2.0,2.0,1.0,3.0,1.0,4.0,4.0,1,Business
Airline 17,long delay weak communication would not recommend,no,5.0,3.0,3.0,4.0,2.0,4.0,3.0,2.0,0,Premium Economy
Airline 23,smooth journey friendly service worth the fare,no,7.0,4.0,3.0,2.0,5.0,,3.0,3.0,0,Economy
Airline 40,disappointing experience uncomfortable and expensive,no,5.0,4.0,4.0,3.0,4.0,1.0,,4.0,1,Economy
Airline 07,good value and helpful cabin crew,yes,6.0,3.0,4.0,3.0,4.0,2.0,,4.0,1,Economy
Airline 42,poor value delay and unhelpful ground service,no,6.0,4.0,2.0,,3.0,4.0,,3.0,1,Economy
Airline 12,disappointing experience uncomfortable and expensive,no,1.0,1.0,1.0,2.0,1.0,3.0,1.0,1.0,0,Economy
Airline 07,smooth journey friendly service worth the fare,no,4.0,3.0,5.0,,2.0,,3.0,3.0,1,Economy
Airline 35,efficient ground team and comfortable flight,yes,8.0,2.0,4.0,3.0,,,2.0,5.0,0,Economy
Airline 39,long delay weak communication would not recommend,no,1.0,2.0,2.0,1.0,1.0,3.0,1.0,1.0,0,Economy
Airline 31,disappointing experience uncomfortable and expensive,no,5.0,4.0,4.0,3.0,,,,3.0,0,Economy
Airline 06,good value and helpful cabin crew,yes,10.0,5.0,4.0,2.0,4.0,,,4.0,1,Economy
Airline 06,disappointing experience uncomfortable and expensive,no,4.0,1.0,4.0,,3.0,3.0,3.0,2.0,0,Premium Economy
Airline 20,poor value delay and unhelpful ground service,no,5.0,3.0,3.0,3.0,,4.0,1.0,2.0,0,Economy
Airline 23,disappointing experience uncomfortable and expensive,no,3.0,3.0,1.0,,4.0,,1.0,1.0,0,Business
Airline 50,efficient ground team and comfortable flight,yes,9.0,5.0,4.0,4.0,4.0,4.0,,4.0,1,Economy
Airline 15,long delay weak communication would not recommend,no,5.0,3.0,4.0,2.0,4.0,5.0,3.0,4.0,0,Business
Airline 10,poor value delay and unhelpful ground service,no,5.0,1.0,3.0,3.0,4.0,3.0,,3.0,1,Economy
Airline 48,disappointing experience uncomfortable and expensive,yes,9.0,5.0,5.0,2.0,5.0,3.0,,5.0,1,Business
Airline 08,efficient ground team and comfortable flight,yes,5.0,5.0,4.0,4.0,4.0,3.0,,3.0,0,Premium Economy
Airline 02,poor value delay and unhelpful ground service,no,4.0,3.0,2.0,2.0,2.0,1.0,,2.0,0,Economy
Airline 22,poor value delay and unhelpful ground service,no,3.0,3.0,2.0,3.0,1.0,1.0,,1.0,0,Economy
Airline 21,disappointing experience uncomfortable and expensive,no,4.0,4.0,4.0,5.0,4.0,2.0,3.0,3.0,0,Premium Economy
Airline 31,long delay weak communication would not recommend,no,4.0,4.0,3.0,2.0,2.0,1.0,1.0,4.0,0,Economy
Airline 44,long delay weak communication would not recommend,no,1.0,2.0,1.0,2.0,2.0,1.0,1.0,1.0,1,Economy
Airline 47,disappointing experience uncomfortable and expensive,no,4.0,3.0,3.0,1.0,3.0,1.0,,3.0,0,Economy
Airline 15,long delay weak communication would not recommend,no,6.0,2.0,2.0,3.0,3.0,1.0,,4.0,1,Economy
Airline 50,efficient ground team and comfortable flight,yes,10.0,4.0,5.0,4.0,5.0,4.0,,4.0,0,Economy
Airline 32,long delay weak communication would not recommend,no,7.0,3.0,4.0,,1.0,2.0,,4.0,1,Business
Airline 04,long delay weak communication would not recommend,no,4.0,1.0,2.0,2.0,3.0,,,1.0,0,Economy
Airline 47,disappointing experience uncomfortable and expensive,no,3.0,3.0,3.0,2.0,2.0,3.0,,2.0,0,Economy
Airline 07,disappointing experience uncomfortable and expensive,no,1.0,3.0,1.0,4.0,2.0,4.0,,1.0,0,Economy
Airline 30,poor value delay and unhelpful ground service,no,3.0,3.0,3.0,2.0,2.0,,,2.0,1,Premium Economy
Airline 40,disappointing experience uncomfortable and expensive,no,5.0,4.0,4.0,4.0,4.0,3.0,2.0,4.0,0,Economy
Airline 13,smooth journey friendly service worth the fare,yes,10.0,4.0,5.0,,,,4.0,5.0,0,Premium Economy
Airline 14,efficient ground team and comfortable flight,yes,7.0,4.0,4.0,4.0,3.0,3.0,1.0,5.0,1,Economy
Airline 24,disappointing experience uncomfortable and expensive,no,4.0,4.0,3.0,,3.0,3.0,,3.0,1,Premium Economy
Airline 45,good value and helpful cabin crew,yes,5.0,4.0,2.0,3.0,1.0,,,3.0,1,Business
Airline 12,long delay weak communication would not recommend,no,2.0,4.0,2.0,3.0,2.0,2.0,5.0,3.0,1,Business
Airline 34,efficient ground team and comfortable flight,yes,9.0,4.0,4.0,4.0,4.0,3.0,1.0,4.0,1,Economy
Airline 23,long delay weak communication would not recommend,no,7.0,2.0,4.0,2.0,2.0,2.0,4.0,2.0,0,Economy
Airline 06,poor value delay and unhelpful ground service,yes,9.0,4.0,5.0,2.0,5.0,1.0,3.0,5.0,1,Business
Airline 36,smooth journey friendly service worth the fare,yes,8.0,3.0,5.0,3.0,,,2.0,5.0,0,Premium Economy
Airline 42,long delay weak communication would not recommend,no,2.0,1.0,2.0,1.0,1.0,3.0,2.0,2.0,0,Business
Airline 29,poor value delay and unhelpful ground service,no,4.0,3.0,2.0,1.0,2.0,,1.0,2.0,0,Economy
Airline 09,poor value delay and unhelpful ground service,no,3.0,3.0,2.0,,2.0,,3.0,2.0,0,Business
Airline 08,disappointing experience uncomfortable and expensive,yes,8.0,3.0,3.0,,3.0,2.0,,2.0,0,Economy
Airline 22,disappointing experience uncomfortable and expensive,no,4.0,3.0,2.0,1.0,2.0,2.0,,3.0,0,Economy
Airline 26,disappointing experience uncomfortable and expensive,no,10.0,3.0,5.0,4.0,5.0,5.0,3.0,5.0,0,Premium Economy
Airline 28,long delay weak communication would not recommend,no,4.0,2.0,4.0,1.0,1.0,1.0,4.0,2.0,1,Premium Economy
Airline 13,disappointing experience uncomfortable and expensive,no,4.0,3.0,2.0,3.0,4.0,3.0,,3.0,1,Economy
Airline 26,smooth journey friendly service worth the fare,yes,8.0,3.0,4.0,2.0,3.0,5.0,,4.0,1,Premium Economy
Airline 15,smooth journey friendly service worth the fare,no,5.0,2.0,3.0,2.0,3.0,3.0,,3.0,1,Economy
Airline 35,disappointing experience uncomfortable and expensive,no,6.0,2.0,3.0,4.0,4.0,2.0,2.0,3.0,1,Economy
Airline 40,disappointing experience uncomfortable and expensive,no,4.0,2.0,2.0,3.0,2.0,3.0,,2.0,0,Economy
Airline 33,poor value delay and unhelpful ground service,no,5.0,4.0,4.0,4.0,4.0,,3.0,1.0,0,Premium Economy
Airline 01,long delay weak communication would not recommend,no,8.0,4.0,4.0,3.0,2.0,3.0,1.0,3.0,0,Economy
Airline 50,disappointing experience uncomfortable and expensive,no,7.0,4.0,4.0,,3.0,,,3.0,0,Economy
Airline 02,good value and helpful cabin crew,yes,7.0,3.0,3.0,4.0,4.0,1.0,,4.0,1,Premium Economy
Airline 50,good value and helpful cabin crew,yes,7.0,4.0,3.0,4.0,5.0,,5.0,4.0,0,Business
Airline 02,poor value delay and unhelpful ground service,yes,7.0,4.0,4.0,4.0,5.0,2.0,3.0,4.0,0,Economy
Airline 26,good value and helpful cabin crew,yes,6.0,3.0,2.0,2.0,4.0,,1.0,3.0,0,Business
Airline 06,poor value delay and unhelpful ground service,no,5.0,2.0,3.0,1.0,2.0,,1.0,1.0,1,Economy
Airline 05,disappointing experience uncomfortable and expensive,no,3.0,1.0,1.0,3.0,2.0,2.0,4.0,2.0,0,Economy
Airline 35,long delay weak communication would not recommend,no,4.0,2.0,3.0,2.0,2.0,,1.0,3.0,1,Economy
Airline 37,disappointing experience uncomfortable and expensive,no,7.0,4.0,3.0,3.0,3.0,,,3.0,1,Economy
Airline 06,long delay weak communication would not recommend,no,3.0,4.0,3.0,,2.0,3.0,1.0,2.0,1,Economy
Airline 49,disappointing experience uncomfortable and expensive,no,3.0,2.0,3.0,,2.0,2.0,3.0,1.0,1,Economy
Airline 17,smooth journey friendly service worth the fare,no,5.0,1.0,3.0,,1.0,2.0,,1.0,0,Economy
Airline 16,long delay weak communication would not recommend,no,2.0,3.0,2.0,,2.0,2.0,2.0,1.0,0,Economy
Airline 15,long delay weak communication would not recommend,yes,6.0,3.0,4.0,2.0,4.0,3.0,,3.0,1,Economy
Airline 24,poor value delay and unhelpful ground service,no,3.0,1.0,2.0,3.0,2.0,,1.0,1.0,1,Premium Economy
Airline 09,long delay weak communication would not recommend,yes,4.0,1.0,4.0,4.0,2.0,4.0,1.0,2.0,1,Business
Airline 22,disappointing experience uncomfortable and expensive,no,5.0,2.0,4.0,2.0,3.0,,1.0,3.0,0,Premium Economy
Airline 11,smooth journey friendly service worth the fare,yes,4.0,2.0,2.0,2.0,2.0,,,2.0,0,Economy
Airline 03,smooth journey friendly service worth the fare,yes,5.0,2.0,3.0,3.0,3.0,3.0,,4.0,0,Business
Airline 19,smooth journey friendly service worth the fare,yes,9.0,4.0,4.0,2.0,4.0,3.0,4.0,4.0,1,Economy
Airline 34,disappointing experience uncomfortable and expensive,no,4.0,2.0,3.0,,2.0,,,4.0,1,Business
Airline 39,poor value delay and unhelpful ground service,no,6.0,3.0,2.0,1.0,3.0,3.0,1.0,2.0,0,Economy
Airline 18,disappointing experience uncomfortable and expensive,no,7.0,5.0,3.0,4.0,4.0,3.0,2.0,3.0,1,Economy
Airline 17,poor value delay and unhelpful ground service,no,3.0,3.0,1.0,3.0,2.0,3.0,3.0,1.0,1,Economy
Airline 40,poor value delay and unhelpful ground service,no,4.0,2.0,2.0,,2.0,3.0,,3.0,1,Economy
Airline 35,efficient ground team and comfortable flight,yes,8.0,4.0,5.0,2.0,,,1.0,5.0,0,Business
Airline 42,disappointing experience uncomfortable and expensive,no,5.0,4.0,4.0,2.0,4.0,4.0,,3.0,0,Economy
Airline 46,good value and helpful cabin crew,yes,7.0,4.0,4.0,4.0,3.0,,3.0,3.0,1,Economy
Airline 42,efficient ground team and comfortable flight,no,6.0,3.0,4.0,,3.0,1.0,2.0,4.0,0,Economy
Airline 47,poor value delay and unhelpful ground service,no,2.0,1.0,1.0,1.0,2.0,3.0,,2.0,1,Economy
Airline 21,efficient ground team and comfortable flight,yes,8.0,3.0,4.0,4.0,5.0,,4.0,4.0,1,Economy
Airline 20,disappointing experience uncomfortable and expensive,no,7.0,3.0,4.0,2.0,,,1.0,2.0,0,Economy
Airline 17,efficient ground team and comfortable flight,yes,7.0,5.0,4.0,3.0,5.0,4.0,,5.0,0,Economy
Airline 12,smooth journey friendly service worth the fare,no,5.0,4.0,4.0,3.0,3.0,3.0,,4.0,1,Economy
Airline 38,long delay weak communication would not recommend,no,4.0,3.0,4.0,3.0,3.0,2.0,,3.0,1,Economy
Airline 36,poor value delay and unhelpful ground service,no,7.0,4.0,4.0,3.0,4.0,3.0,4.0,3.0,1,Economy
Airline 41,smooth journey friendly service worth the fare,yes,10.0,3.0,3.0,2.0,5.0,,2.0,4.0,0,Economy
Airline 09,disappointing experience uncomfortable and expensive,no,7.0,1.0,3.0,2.0,4.0,2.0,2.0,2.0,0,Economy
Airline 25,good value and helpful cabin crew,no,5.0,5.0,5.0,4.0,4.0,,3.0,3.0,0,Business
Airline 12,long delay weak communication would not recommend,no,1.0,2.0,2.0,4.0,1.0,,1.0,1.0,1,Economy
Airline 45,efficient ground team and comfortable flight,no,3.0,1.0,3.0,1.0,1.0,,,1.0,1,Premium Economy
Airline 14,good value and helpful cabin crew,yes,10.0,3.0,4.0,4.0,5.0,3.0,,5.0,1,Economy
Airline 08,efficient ground team and comfortable flight,no,7.0,4.0,3.0,2.0,4.0,,,2.0,0,Economy
Airline 29,long delay weak communication would not recommend,no,6.0,1.0,4.0,3.0,2.0,2.0,,3.0,1,Economy
Airline 44,good value and helpful cabin crew,no,4.0,4.0,3.0,,2.0,4.0,1.0,2.0,1,Economy
Airline 46,poor value delay and unhelpful ground service,no,5.0,3.0,3.0,4.0,3.0,3.0,,3.0,1,Economy
Airline 05,efficient ground team and comfortable flight,no,4.0,3.0,2.0,3.0,2.0,3.0,4.0,1.0,0,Economy
Airline 17,good value and helpful cabin crew,yes,5.0,3.0,4.0,5.0,4.0,,5.0,3.0,0,Economy
Airline 08,efficient ground team and comfortable flight,yes,8.0,4.0,4.0,2.0,4.0,5.0,,4.0,1,Economy
Airline 16,long delay weak communication would not recommend,no,3.0,3.0,3.0,1.0,2.0,2.0,,1.0,0,Business
Airline 27,smooth journey friendly service worth the fare,yes,8.0,3.0,4.0,5.0,5.0,2.0,,4.0,1,Economy
Airline 15,good value and helpful cabin crew,yes,8.0,3.0,3.0,3.0,3.0,3.0,1.0,4.0,1,Premium Economy
Airline 04,disappointing experience uncomfortable and expensive,yes,8.0,4.0,4.0,3.0,4.0,2.0,,4.0,1,Business
Airline 26,good value and helpful cabin crew,yes,5.0,1.0,4.0,,2.0,,,2.0,0,Business
Airline 03,efficient ground team and comfortable flight,yes,10.0,5.0,5.0,3.0,5.0,2.0,3.0,5.0,1,Economy
Airline 12,poor value delay and unhelpful ground service,yes,8.0,4.0,5.0,4.0,,4.0,,3.0,1,Economy
Airline 01,good value and helpful cabin crew,yes,5.0,4.0,4.0,3.0,4.0,4.0,,3.0,0,Business
Airline 05,disappointing experience uncomfortable and expensive,no,5.0,1.0,3.0,3.0,2.0,2.0,,1.0,0,Business
Airline 22,poor value delay and unhelpful ground service,no,7.0,2.0,3.0,4.0,3.0,1.0,,3.0,1,Premium Economy
Airline 43,smooth journey friendly service worth the fare,yes,9.0,3.0,5.0,4.0,,,2.0,5.0,1,Economy
Airline 39,good value and helpful cabin crew,no,9.0,5.0,3.0,4.0,4.0,,,5.0,1,Economy
Airline 05,smooth journey friendly service worth the fare,yes,10.0,3.0,4.0,5.0,5.0,,4.0,5.0,0,Economy
Airline 02,disappointing experience uncomfortable and expensive,no,7.0,5.0,4.0,,4.0,2.0,,4.0,1,Economy
Airline 17,disappointing experience uncomfortable and expensive,no,4.0,2.0,2.0,2.0,2.0,3.0,,2.0,1,Economy
Airline 33,long delay weak communication would not recommend,no,7.0,2.0,4.0,,3.0,,2.0,2.0,0,Economy
Airline 38,disappointing experience uncomfortable and expensive,no,4.0,2.0,2.0,1.0,2.0,2.0,,1.0,1,Economy
Airline 42,smooth journey friendly service worth the fare,no,4.0,1.0,2.0,3.0,3.0,3.0,,1.0,1,Economy
Airline 18,smooth journey friendly service worth the fare,yes,8.0,2.0,2.0,,4.0,3.0,2.0,4.0,1,Economy
Airline 09,good value and helpful cabin crew,yes,6.0,4.0,3.0,,5.0,3.0,,3.0,0,Economy
Airline 02,disappointing experience uncomfortable and expensive,yes,9.0,4.0,4.0,2.0,4.0,4.0,3.0,4.0,1,Economy
Airline 08,long delay weak communication would not recommend,yes,5.0,4.0,4.0,2.0,5.0,,4.0,4.0,1,Economy
Airline 04,smooth journey friendly service worth the fare,yes,6.0,4.0,3.0,2.0,3.0,3.0,,4.0,1,Economy
Airline 44,long delay weak communication would not recommend,no,4.0,3.0,3.0,2.0,2.0,4.0,,2.0,1,Economy
Airline 14,poor value delay and unhelpful ground service,no,7.0,2.0,2.0,4.0,4.0,3.0,,3.0,0,Economy
Airline 42,good value and helpful cabin crew,no,1.0,3.0,2.0,,2.0,,,1.0,1,Business
Airline 28,smooth journey friendly service worth the fare,no,1.0,1.0,1.0,1.0,1.0,,,1.0,0,Premium Economy
Airline 27,disappointing experience uncomfortable and expensive,no,7.0,3.0,4.0,,3.0,3.0,,2.0,0,Premium Economy
Airline 23,good value and helpful cabin crew,no,4.0,3.0,3.0,,2.0,2.0,2.0,3.0,0,Economy
Airline 41,smooth journey friendly service worth the fare,yes,6.0,3.0,4.0,,3.0,4.0,4.0,4.0,0,Business
Airline 03,disappointing experience uncomfortable and expensive,yes,8.0,2.0,5.0,5.0,5.0,4.0,,5.0,0,Economy
Airline 05,smooth journey friendly service worth the fare,no,3.0,2.0,3.0,3.0,3.0,1.0,,2.0,0,Economy
Airline 22,long delay weak communication would not recommend,no,8.0,3.0,3.0,3.0,3.0,4.0,,3.0,1,Economy
Airline 20,long delay weak communication would not recommend,no,6.0,2.0,3.0,4.0,2.0,4.0,,2.0,1,Economy
Airline 28,disappointing experience uncomfortable and expensive,no,1.0,3.0,3.0,3.0,1.0,,,2.0,0,Business
Airline 37,long delay weak communication would not recommend,no,4.0,4.0,4.0,,3.0,2.0,,4.0,0,Economy
Airline 30,good value and helpful cabin crew,no,4.0,2.0,4.0,3.0,2.0,1.0,,3.0,1,Economy
Airline 13,poor value delay and unhelpful ground service,no,4.0,3.0,2.0,1.0,3.0,5.0,3.0,3.0,0,Economy
Airline 17,poor value delay and unhelpful ground service,yes,9.0,5.0,5.0,4.0,4.0,,2.0,5.0,0,Economy
Airline 38,poor value delay and unhelpful ground service,no,2.0,2.0,2.0,4.0,3.0,1.0,,1.0,0,Economy
Airline 11,efficient ground team and comfortable flight,no,5.0,3.0,3.0,4.0,3.0,3.0,2.0,3.0,1,Economy
Airline 26,long delay weak communication would not recommend,no,5.0,3.0,2.0,1.0,1.0,3.0,2.0,2.0,1,Economy
Airline 27,good value and helpful cabin crew,yes,7.0,3.0,4.0,3.0,5.0,4.0,,3.0,1,Business
Airline 38,smooth journey friendly service worth the fare,yes,7.0,4.0,3.0,4.0,4.0,,,3.0,0,Economy
Airline 36,efficient ground team and comfortable flight,yes,5.0,3.0,4.0,3.0,3.0,3.0,1.0,3.0,1,Business
Airline 24,long delay weak communication would not recommend,no,4.0,2.0,2.0,,2.0,2.0,,3.0,0,Business
Airline 16,efficient ground team and comfortable flight,no,4.0,3.0,3.0,3.0,3.0,,,3.0,0,Premium Economy
Airline 19,long delay weak communication would not recommend,yes,8.0,4.0,4.0,3.0,4.0,,,5.0,0,Economy
Airline 21,efficient ground team and comfortable flight,yes,9.0,4.0,5.0,3.0,4.0,4.0,,4.0,0,Economy
Airline 11,good value and helpful cabin crew,yes,6.0,2.0,4.0,2.0,1.0,4.0,3.0,5.0,1,Premium Economy
Airline 32,smooth journey friendly service worth the fare,no,3.0,2.0,3.0,,2.0,,,1.0,1,Economy
Airline 11,poor value delay and unhelpful ground service,no,5.0,4.0,3.0,3.0,5.0,3.0,,3.0,0,Economy
Airline 33,smooth journey friendly service worth the fare,yes,10.0,4.0,3.0,5.0,5.0,,3.0,5.0,0,Premium Economy
Airline 38,efficient ground team and comfortable flight,yes,8.0,4.0,4.0,,3.0,,,4.0,0,Economy
Airline 49,smooth journey friendly service worth the fare,yes,9.0,4.0,4.0,5.0,4.0,,2.0,5.0,1,Premium Economy
Airline 06,disappointing experience uncomfortable and expensive,no,5.0,2.0,3.0,3.0,3.0,3.0,2.0,2.0,1,Economy
Airline 38,good value and helpful cabin crew,no,7.0,4.0,3.0,,3.0,2.0,2.0,2.0,0,Economy
Airline 05,efficient ground team and comfortable flight,yes,6.0,3.0,5.0,3.0,4.0,5.0,,3.0,0,Economy
Airline 17,good value and helpful cabin crew,no,4.0,3.0,5.0,2.0,1.0,,2.0,4.0,1,Economy
Airline 09,disappointing experience uncomfortable and expensive,no,4.0,2.0,2.0,,5.0,3.0,,3.0,0,Premium Economy
Airline 09,poor value delay and unhelpful ground service,no,5.0,3.0,1.0,3.0,3.0,2.0,,3.0,0,Economy
Airline 09,efficient ground team and comfortable flight,yes,10.0,4.0,4.0,4.0,4.0,2.0,3.0,4.0,1,Economy
Airline 03,smooth journey friendly service worth the fare,yes,7.0,2.0,4.0,5.0,,,1.0,2.0,0,Economy
Airline 42,smooth journey friendly service worth the fare,no,10.0,5.0,3.0,3.0,5.0,,,4.0,0,Premium Economy
Airline 04,smooth journey friendly service worth the fare,yes,10.0,4.0,5.0,4.0,5.0,,3.0,5.0,1,Premium Economy
Airline 20,poor value delay and unhelpful ground service,yes,5.0,4.0,4.0,3.0,3.0,,3.0,3.0,0,Economy
Airline 35,disappointing experience uncomfortable and expensive,no,4.0,5.0,2.0,4.0,3.0,4.0,2.0,2.0,1,Economy
Airline 50,poor value delay and unhelpful ground service,no,8.0,3.0,3.0,4.0,,,,4.0,0,Economy
Airline 43,efficient ground team and comfortable flight,yes,8.0,2.0,3.0,4.0,4.0,2.0,,4.0,1,Economy
Airline 07,long delay weak communication would not recommend,no,5.0,3.0,2.0,2.0,3.0,4.0,1.0,2.0,1,Economy
Airline 50,disappointing experience uncomfortable and expensive,no,1.0,3.0,3.0,2.0,2.0,3.0,,2.0,1,Economy
Airline 33,long delay weak communication would not recommend,yes,7.0,4.0,3.0,2.0,4.0,2.0,3.0,3.0,0,Economy
Airline 09,efficient ground team and comfortable flight,no,4.0,2.0,3.0,1.0,4.0,3.0,,3.0,1,Economy
Airline 23,good value and helpful cabin crew,yes,5.0,2.0,5.0,3.0,2.0,2.0,,2.0,1,Economy
Airline 46,efficient ground team and comfortable flight,yes,8.0,2.0,3.0,3.0,3.0,3.0,,4.0,1,Economy
Airline 20,smooth journey friendly service worth the fare,yes,9.0,2.0,3.0,3.0,4.0,,,2.0,0,Premium Economy
Airline 10,smooth journey friendly service worth the fare,yes,7.0,3.0,5.0,,4.0,3.0,4.0,3.0,0,Economy
Airline 44,disappointing experience uncomfortable and expensive,no,1.0,2.0,2.0,2.0,1.0,3.0,,1.0,1,Economy
Airline 48,poor value delay and unhelpful ground service,no,4.0,5.0,4.0,3.0,4.0,2.0,5.0,5.0,1,Economy
Airline 49,poor value delay and unhelpful ground service,no,7.0,2.0,5.0,,4.0,4.0,1.0,3.0,0,Premium Economy
Airline 48,efficient ground team and comfortable flight,no,1.0,2.0,2.0,2.0,1.0,2.0,,1.0,1,Economy
Airline 44,poor value delay and unhelpful ground service,no,6.0,2.0,1.0,2.0,2.0,4.0,,2.0,0,Business
Airline 23,long delay weak communication would not recommend,no,4.0,3.0,3.0,3.0,2.0,,1.0,3.0,0,Economy
Airline 10,smooth journey friendly service worth the fare,yes,5.0,3.0,3.0,3.0,3.0,4.0,,3.0,0,Economy
Airline 31,good value and helpful cabin crew,yes,9.0,5.0,5.0,,5.0,4.0,2.0,5.0,0,Economy
Airline 12,good value and helpful cabin crew,yes,10.0,5.0,5.0,3.0,5.0,,,5.0,1,Economy
Airline 24,long delay weak communication would not recommend,no,5.0,2.0,1.0,3.0,2.0,,,2.0,0,Economy
Airline 33,disappointing experience uncomfortable and expensive,yes,5.0,5.0,5.0,5.0,3.0,,4.0,4.0,0,Business
Airline 48,poor value delay and unhelpful ground service,no,6.0,4.0,4.0,2.0,3.0,2.0,,3.0,1,Economy
Airline 15,smooth journey friendly service worth the fare,yes,6.0,4.0,3.0,3.0,3.0,,,4.0,0,Business
Airline 13,smooth journey friendly service worth the fare,yes,7.0,3.0,3.0,3.0,3.0,2.0,2.0,2.0,0,Business
Airline 37,long delay weak communication would not recommend,yes,8.0,4.0,5.0,3.0,,2.0,3.0,4.0,1,Economy
Airline 01,disappointing experience uncomfortable and expensive,no,7.0,3.0,3.0,4.0,5.0,2.0,2.0,5.0,1,Business
Airline 29,good value and helpful cabin crew,no,9.0,3.0,4.0,,5.0,,,4.0,0,Premium Economy
Airline 38,poor value delay and unhelpful ground service,no,4.0,4.0,3.0,3.0,2.0,3.0,2.0,1.0,0,Premium Economy
Airline 28,smooth journey friendly service worth the fare,yes,7.0,3.0,4.0,4.0,5.0,,,3.0,1,Economy
Airline 20,poor value delay and unhelpful ground service,yes,8.0,3.0,4.0,4.0,4.0,3.0,1.0,5.0,0,Economy
Airline 42,smooth journey friendly service worth the fare,yes,6.0,1.0,4.0,2.0,3.0,,,3.0,0,Economy
Airline 19,long delay weak communication would not recommend,no,6.0,3.0,3.0,3.0,5.0,2.0,3.0,4.0,1,Economy
Airline 36,disappointing experience uncomfortable and expensive,no,2.0,2.0,3.0,2.0,3.0,3.0,3.0,3.0,0,Economy
Airline 24,disappointing experience uncomfortable and expensive,no,4.0,3.0,4.0,1.0,1.0,4.0,3.0,3.0,1,Business
Airline 02,efficient ground team and comfortable flight,no,5.0,3.0,3.0,2.0,3.0,3.0,2.0,2.0,1,Business
Airline 27,long delay weak communication would not recommend,no,1.0,2.0,1.0,,2.0,2.0,,1.0,1,Economy
Airline 03,long delay weak communication would not recommend,no,6.0,2.0,3.0,3.0,3.0,3.0,,3.0,0,Economy
Airline 47,poor value delay and unhelpful ground service,no,4.0,2.0,2.0,1.0,2.0,3.0,,2.0,0,Economy
Airline 31,good value and helpful cabin crew,no,1.0,3.0,1.0,1.0,1.0,,,1.0,0,Economy
Airline 19,smooth journey friendly service worth the fare,no,8.0,5.0,4.0,3.0,3.0,,,4.0,0,Economy
Airline 25,efficient ground team and comfortable flight,yes,6.0,4.0,4.0,,5.0,3.0,,4.0,1,Economy
Airline 31,long delay weak communication would not recommend,no,8.0,2.0,3.0,5.0,3.0,3.0,,3.0,1,Economy
Airline 14,long delay weak communication would not recommend,no,5.0,4.0,2.0,3.0,2.0,2.0,2.0,2.0,1,Economy
Airline 15,good value and helpful cabin crew,no,4.0,5.0,4.0,2.0,3.0,,,5.0,0,Economy
Airline 21,poor value delay and unhelpful ground service,no,7.0,2.0,5.0,3.0,5.0,3.0,,3.0,0,Economy
Airline 13,good value and helpful cabin crew,no,5.0,3.0,4.0,,3.0,,1.0,3.0,0,Economy
Airline 38,good value and helpful cabin crew,yes,6.0,3.0,4.0,1.0,2.0,3.0,,2.0,1,Economy
Airline 06,efficient ground team and comfortable flight,yes,5.0,3.0,3.0,4.0,5.0,,,4.0,1,Economy
Airline 42,disappointing experience uncomfortable and expensive,no,2.0,2.0,2.0,2.0,1.0,2.0,1.0,1.0,0,Business
Airline 18,efficient ground team and comfortable flight,yes,6.0,3.0,3.0,,,,1.0,3.0,1,Economy
Airline 29,long delay weak communication would not recommend,no,4.0,4.0,2.0,,2.0,,3.0,2.0,0,Economy
Airline 08,efficient ground team and comfortable flight,no,4.0,4.0,3.0,,2.0,,1.0,1.0,1,Premium Economy
Airline 20,efficient ground team and comfortable flight,no,6.0,1.0,4.0,,1.0,,,2.0,1,Economy
Airline 38,disappointing experience uncomfortable and expensive,no,4.0,2.0,4.0,3.0,4.0,,,4.0,1,Business
Airline 14,smooth journey friendly service worth the fare,yes,8.0,4.0,4.0,,5.0,2.0,,4.0,1,Economy
Airline 07,long delay weak communication would not recommend,no,4.0,4.0,3.0,1.0,3.0,,,3.0,0,Business
Airline 27,poor value delay and unhelpful ground service,no,6.0,1.0,4.0,3.0,,,,2.0,0,Economy
Airline 09,good value and helpful cabin crew,yes,8.0,4.0,3.0,,5.0,,5.0,5.0,1,Business
Airline 16,long delay weak communication would not recommend,no,4.0,1.0,1.0,2.0,1.0,3.0,1.0,2.0,1,Economy
Airline 23,disappointing experience uncomfortable and expensive,yes,9.0,3.0,5.0,4.0,4.0,4.0,,5.0,1,Business
Airline 29,poor value delay and unhelpful ground service,no,6.0,4.0,3.0,4.0,3.0,5.0,,3.0,1,Economy
Airline 32,efficient ground team and comfortable flight,yes,9.0,4.0,3.0,4.0,4.0,3.0,4.0,4.0,1,Economy
Airline 34,good value and helpful cabin crew,yes,7.0,1.0,4.0,2.0,,3.0,2.0,3.0,0,Economy
Airline 43,long delay weak communication would not recommend,no,5.0,3.0,4.0,,2.0,2.0,2.0,3.0,0,Economy
Airline 04,smooth journey friendly service worth the fare,no,7.0,5.0,3.0,2.0,3.0,3.0,3.0,2.0,0,Economy
Airline 19,smooth journey friendly service worth the fare,yes,5.0,1.0,3.0,1.0,4.0,2.0,,3.0,0,Economy
Airline 01,long delay weak communication would not recommend,no,6.0,4.0,4.0,3.0,4.0,,3.0,3.0,1,Economy
Airline 01,long delay weak communication would not recommend,no,6.0,5.0,4.0,,2.0,3.0,,2.0,1,Premium Economy
Airline 11,long delay weak communication would not recommend,no,5.0,3.0,2.0,3.0,4.0,,3.0,3.0,0,Economy
Airline 30,disappointing experience uncomfortable and expensive,no,5.0,5.0,2.0,1.0,4.0,,,3.0,0,Premium Economy
Airline 45,long delay weak communication would not recommend,no,4.0,2.0,3.0,,5.0,1.0,1.0,2.0,0,Economy
Airline 39,good value and helpful cabin crew,yes,6.0,5.0,3.0,4.0,4.0,,2.0,5.0,1,Economy
Airline 33,smooth journey friendly service worth the fare,yes,8.0,5.0,5.0,3.0,3.0,1.0,,4.0,1,Economy
Airline 39,smooth journey friendly service worth the fare,yes,3.0,3.0,3.0,1.0,3.0,2.0,3.0,3.0,0,Economy
Airline 09,poor value delay and unhelpful ground service,no,4.0,1.0,2.0,2.0,4.0,2.0,,3.0,0,Economy
Airline 42,good value and helpful cabin crew,yes,7.0,2.0,3.0,3.0,3.0,3.0,3.0,4.0,1,Economy
Airline 45,good value and helpful cabin crew,yes,9.0,2.0,5.0,3.0,5.0,3.0,,4.0,1,Economy
Airline 05,good value and helpful cabin crew,yes,7.0,4.0,4.0,3.0,3.0,,,4.0,0,Economy
Airline 24,poor value delay and unhelpful ground service,no,3.0,3.0,3.0,2.0,,,1.0,2.0,1,Economy
Airline 42,poor value delay and unhelpful ground service,no,4.0,3.0,4.0,3.0,1.0,2.0,,2.0,0,Economy
Airline 24,poor value delay and unhelpful ground service,no,5.0,2.0,3.0,1.0,1.0,5.0,,3.0,0,Economy
Airline 43,smooth journey friendly service worth the fare,no,6.0,4.0,3.0,3.0,3.0,,3.0,2.0,1,Economy
Airline 47,efficient ground team and comfortable flight,yes,8.0,4.0,5.0,3.0,4.0,2.0,,5.0,1,Business
Airline 24,poor value delay and unhelpful ground service,no,2.0,2.0,2.0,4.0,1.0,1.0,,1.0,1,Business
Airline 03,good value and helpful cabin crew,no,1.0,2.0,4.0,2.0,1.0,3.0,1.0,1.0,1,Business
Airline 18,smooth journey friendly service worth the fare,no,7.0,4.0,3.0,3.0,3.0,1.0,,1.0,0,Economy
Airline 11,long delay weak communication would not recommend,no,3.0,4.0,4.0,3.0,3.0,,,3.0,0,Economy
Airline 24,poor value delay and unhelpful ground service,no,5.0,3.0,3.0,3.0,4.0,,,4.0,0,Business
Airline 30,good value and helpful cabin crew,yes,8.0,3.0,4.0,2.0,,3.0,1.0,4.0,1,Economy
Airline 24,smooth journey friendly service worth the fare,yes,9.0,4.0,5.0,4.0,4.0,5.0,4.0,4.0,0,Business
Airline 10,good value and helpful cabin crew,yes,2.0,2.0,1.0,2.0,3.0,1.0,3.0,1.0,0,Economy
Airline 16,smooth journey friendly service worth the fare,yes,6.0,3.0,3.0,5.0,3.0,,4.0,4.0,0,Premium Economy
Airline 34,efficient ground team and comfortable flight,no,5.0,3.0,3.0,3.0,4.0,1.0,,2.0,1,Premium Economy
Airline 02,good value and helpful cabin crew,yes,6.0,5.0,5.0,4.0,5.0,2.0,,5.0,1,Economy
Airline 11,long delay weak communication would not recommend,no,3.0,3.0,1.0,3.0,,3.0,,1.0,0,Economy
Airline 45,efficient ground team and comfortable flight,no,6.0,3.0,3.0,2.0,3.0,,1.0,3.0,0,Premium Economy
Airline 05,good value and helpful cabin crew,yes,7.0,4.0,4.0,2.0,3.0,4.0,1.0,4.0,0,Economy
Airline 21,good value and helpful cabin crew,no,7.0,4.0,3.0,2.0,5.0,1.0,,4.0,0,Premium Economy
Airline 11,disappointing experience uncomfortable and expensive,no,4.0,2.0,3.0,3.0,2.0,1.0,2.0,1.0,0,Economy
Airline 06,poor value delay and unhelpful ground service,no,7.0,3.0,2.0,,,3.0,,2.0,0,Economy
Airline 22,disappointing experience uncomfortable and expensive,no,2.0,1.0,2.0,3.0,2.0,,1.0,3.0,0,Economy
Airline 27,long delay weak communication would not recommend,no,6.0,1.0,3.0,3.0,2.0,3.0,,4.0,1,Economy
Airline 09,smooth journey friendly service worth the fare,no,6.0,4.0,5.0,5.0,4.0,,3.0,3.0,1,Business
Airline 04,poor value delay and unhelpful ground service,yes,8.0,3.0,4.0,3.0,5.0,2.0,2.0,5.0,0,Premium Economy
Airline 07,disappointing experience uncomfortable and expensive,no,5.0,1.0,1.0,1.0,1.0,2.0,5.0,2.0,1,Economy
Airline 33,poor value delay and unhelpful ground service,no,5.0,3.0,3.0,4.0,3.0,5.0,,3.0,0,Economy
Airline 44,good value and helpful cabin crew,yes,6.0,5.0,5.0,5.0,4.0,2.0,,4.0,1,Economy
Airline 10,poor value delay and unhelpful ground service,no,1.0,2.0,1.0,1.0,3.0,,,2.0,1,Economy
Airline 17,efficient ground team and comfortable flight,yes,8.0,4.0,5.0,1.0,4.0,,,2.0,0,Economy
Airline 18,good value and helpful cabin crew,yes,8.0,4.0,4.0,3.0,2.0,2.0,,3.0,0,Economy
Airline 19,efficient ground team and comfortable flight,no,7.0,2.0,3.0,3.0,1.0,4.0,2.0,3.0,1,Premium Economy
Airline 13,poor value delay and unhelpful ground service,no,3.0,3.0,2.0,1.0,2.0,5.0,,3.0,0,Business
Airline 03,long delay weak communication would not recommend,no,6.0,4.0,3.0,4.0,3.0,3.0,,4.0,0,Economy
Airline 27,poor value delay and unhelpful ground service,no,1.0,2.0,2.0,1.0,2.0,,,1.0,1,Economy
Airline 18,efficient ground team and comfortable flight,yes,4.0,3.0,2.0,3.0,3.0,1.0,,4.0,1,Economy
Airline 18,smooth journey friendly service worth the fare,yes,5.0,4.0,4.0,1.0,3.0,,2.0,2.0,1,Premium Economy
Airline 14,efficient ground team and comfortable flight,no,4.0,3.0,3.0,2.0,5.0,1.0,3.0,4.0,0,Business
Airline 47,efficient ground team and comfortable flight,yes,3.0,4.0,3.0,3.0,3.0,,,3.0,1,Economy
Airline 31,poor value delay and unhelpful ground service,no,3.0,3.0,2.0,,3.0,3.0,1.0,2.0,1,Economy
Airline 21,smooth journey friendly service worth the fare,yes,6.0,3.0,3.0,3.0,4.0,3.0,,4.0,0,Premium Economy
Airline 11,efficient ground team and comfortable flight,yes,8.0,5.0,4.0,5.0,4.0,2.0,,4.0,1,Economy
Airline 41,smooth journey friendly service worth the fare,yes,10.0,3.0,5.0,,5.0,3.0,3.0,5.0,0,Economy
Airline 45,long delay weak communication would not recommend,no,1.0,2.0,2.0,1.0,1.0,1.0,,1.0,1,Business
Airline 02,disappointing experience uncomfortable and expensive,no,5.0,3.0,3.0,,4.0,,,4.0,1,Economy
Airline 47,disappointing experience uncomfortable and expensive,no,4.0,3.0,2.0,2.0,2.0,1.0,3.0,2.0,0,Business
Airline 35,efficient ground team and comfortable flight,yes,7.0,5.0,3.0,4.0,5.0,2.0,3.0,5.0,1,Economy
Airline 05,poor value delay and unhelpful ground service,no,5.0,2.0,2.0,2.0,2.0,3.0,,2.0,0,Economy
Airline 38,smooth journey friendly service worth the fare,yes,4.0,5.0,4.0,,3.0,,,3.0,0,Business
Airline 06,disappointing experience uncomfortable and expensive,no,4.0,2.0,3.0,3.0,2.0,,1.0,3.0,0,Economy
Airline 03,poor value delay and unhelpful ground service,no,6.0,3.0,4.0,4.0,3.0,3.0,,3.0,0,Economy
Airline 06,poor value delay and unhelpful ground service,no,6.0,3.0,3.0,2.0,5.0,4.0,,4.0,1,Economy
Airline 23,poor value delay and unhelpful ground service,no,6.0,3.0,3.0,3.0,3.0,3.0,,4.0,1,Economy
Airline 31,efficient ground team and comfortable flight,no,5.0,2.0,3.0,3.0,3.0,2.0,,3.0,1,Economy
Airline 21,long delay weak communication would not recommend,no,3.0,3.0,2.0,2.0,1.0,,,1.0,1,Economy
Airline 07,disappointing experience uncomfortable and expensive,no,8.0,3.0,4.0,3.0,4.0,3.0,1.0,3.0,1,Economy
Airline 10,long delay weak communication would not recommend,no,5.0,1.0,4.0,1.0,3.0,,,4.0,1,Economy
Airline 43,good value and helpful cabin crew,no,9.0,3.0,5.0,,3.0,4.0,1.0,3.0,0,Economy
Airline 49,disappointing experience uncomfortable and expensive,no,6.0,4.0,3.0,3.0,,3.0,1.0,3.0,0,Economy
Airline 38,long delay weak communication would not recommend,no,1.0,3.0,3.0,,2.0,2.0,,2.0,1,Economy
Airline 06,good value and helpful cabin crew,yes,7.0,1.0,3.0,2.0,4.0,,3.0,2.0,1,Economy
Airline 41,good value and helpful cabin crew,no,8.0,5.0,4.0,2.0,4.0,,,3.0,0,Business
Airline 35,disappointing experience uncomfortable and expensive,no,6.0,1.0,4.0,3.0,3.0,,,3.0,0,Economy
Airline 27,smooth journey friendly service worth the fare,no,5.0,3.0,2.0,3.0,3.0,2.0,,4.0,0,Economy
Airline 08,poor value delay and unhelpful ground service,no,5.0,1.0,1.0,4.0,2.0,2.0,1.0,1.0,1,Economy
Airline 50,good value and helpful cabin crew,yes,10.0,5.0,4.0,2.0,4.0,4.0,3.0,4.0,0,Economy
Airline 23,long delay weak communication would not recommend,no,3.0,3.0,3.0,2.0,1.0,3.0,2.0,1.0,1,Economy
Airline 03,poor value delay and unhelpful ground service,no,3.0,3.0,4.0,1.0,2.0,3.0,,3.0,1,Economy
Airline 11,long delay weak communication would not recommend,no,5.0,3.0,3.0,4.0,4.0,,3.0,3.0,1,Economy
Airline 21,efficient ground team and comfortable flight,no,1.0,2.0,3.0,3.0,1.0,2.0,,1.0,0,Business
Airline 04,efficient ground team and comfortable flight,yes,10.0,2.0,4.0,5.0,4.0,,5.0,5.0,1,Economy
Airline 17,efficient ground team and comfortable flight,yes,8.0,2.0,4.0,4.0,3.0,1.0,,4.0,1,Economy
Airline 24,disappointing experience uncomfortable and expensive,no,7.0,4.0,3.0,,5.0,2.0,3.0,3.0,1,Economy
Airline 48,long delay weak communication would not recommend,no,5.0,4.0,5.0,,,,3.0,3.0,1,Economy
Airline 05,poor value delay and unhelpful ground service,yes,6.0,3.0,3.0,3.0,3.0,4.0,2.0,4.0,1,Economy
Airline 29,good value and helpful cabin crew,no,4.0,3.0,1.0,2.0,2.0,2.0,,2.0,1,Economy
Airline 46,smooth journey friendly service worth the fare,yes,3.0,2.0,5.0,,3.0,2.0,,2.0,0,Premium Economy
Airline 41,long delay weak communication would not recommend,no,7.0,3.0,3.0,4.0,2.0,,,1.0,1,Economy
Airline 47,poor value delay and unhelpful ground service,no,7.0,2.0,4.0,3.0,3.0,2.0,,3.0,1,Economy
Airline 09,smooth journey friendly service worth the fare,yes,9.0,5.0,5.0,3.0,4.0,4.0,,3.0,1,Economy
Airline 41,efficient ground team and comfortable flight,yes,9.0,4.0,5.0,4.0,4.0,5.0,,3.0,0,Economy
Airline 49,good value and helpful cabin crew,yes,5.0,4.0,4.0,3.0,5.0,3.0,2.0,3.0,1,Premium Economy
Airline 17,good value and helpful cabin crew,yes,8.0,3.0,4.0,4.0,4.0,,,3.0,0,Economy
Airline 25,long delay weak communication would not recommend,no,3.0,5.0,4.0,2.0,1.0,,1.0,2.0,0,Economy
Airline 27,poor value delay and unhelpful ground service,no,4.0,5.0,3.0,,3.0,1.0,2.0,4.0,1,Economy
Airline 25,efficient ground team and comfortable flight,no,5.0,4.0,4.0,,4.0,,,3.0,0,Economy
Airline 15,good value and helpful cabin crew,no,4.0,4.0,3.0,5.0,3.0,,1.0,2.0,0,Economy
Airline 49,good value and helpful cabin crew,yes,6.0,3.0,3.0,3.0,,3.0,,4.0,0,Economy
Airline 48,long delay weak communication would not recommend,no,4.0,1.0,3.0,3.0,1.0,3.0,,2.0,1,Economy
Airline 20,disappointing experience uncomfortable and expensive,no,2.0,3.0,3.0,3.0,1.0,3.0,1.0,2.0,0,Premium Economy
Airline 41,smooth journey friendly service worth the fare,yes,6.0,3.0,4.0,3.0,5.0,3.0,,4.0,0,Premium Economy
Airline 20,efficient ground team and comfortable flight,yes,5.0,5.0,4.0,4.0,3.0,3.0,,4.0,0,Economy
Airline 40,poor value delay and unhelpful ground service,no,4.0,3.0,4.0,1.0,3.0,3.0,,4.0,1,Economy
Airline 30,smooth journey friendly service worth the fare,no,7.0,4.0,5.0,4.0,2.0,4.0,,4.0,1,Economy
Airline 24,disappointing experience uncomfortable and expensive,no,3.0,3.0,3.0,,2.0,4.0,,2.0,1,Economy
Airline 07,long delay weak communication would not recommend,no,7.0,4.0,4.0,4.0,4.0,2.0,2.0,3.0,1,Business
Airline 33,poor value delay and unhelpful ground service,yes,9.0,4.0,5.0,,,1.0,1.0,4.0,1,Economy
Airline 17,smooth journey friendly service worth the fare,no,7.0,3.0,3.0,,,1.0,,4.0,1,Business
Airline 11,efficient ground team and comfortable flight,no,7.0,2.0,5.0,,4.0,,,3.0,1,Economy
Airline 10,long delay weak communication would not recommend,yes,9.0,5.0,4.0,3.0,5.0,2.0,1.0,4.0,0,Economy
Airline 50,efficient ground team and comfortable flight,no,3.0,3.0,3.0,2.0,2.0,1.0,3.0,2.0,1,Economy
Airline 06,disappointing experience uncomfortable and expensive,no,5.0,5.0,2.0,1.0,1.0,,,3.0,0,Economy
Airline 40,poor value delay and unhelpful ground service,yes,4.0,2.0,3.0,3.0,3.0,3.0,1.0,3.0,0,Economy
Airline 44,disappointing experience uncomfortable and expensive,no,4.0,3.0,2.0,4.0,4.0,,4.0,3.0,1,Economy
Airline 02,disappointing experience uncomfortable and expensive,no,2.0,2.0,2.0,2.0,,1.0,,1.0,1,Premium Economy
Airline 30,poor value delay and unhelpful ground service,no,5.0,3.0,2.0,,2.0,2.0,,3.0,1,Economy
Airline 29,long delay weak communication would not recommend,no,3.0,2.0,2.0,3.0,2.0,4.0,,2.0,0,Premium Economy
Airline 18,smooth journey friendly service worth the fare,yes,10.0,3.0,5.0,4.0,4.0,4.0,,4.0,1,Economy
Airline 34,efficient ground team and comfortable flight,yes,5.0,4.0,5.0,1.0,3.0,,,4.0,0,Business
Airline 21,poor value delay and unhelpful ground service,no,3.0,2.0,2.0,3.0,3.0,3.0,3.0,2.0,0,Economy
Airline 22,smooth journey friendly service worth the fare,yes,7.0,4.0,4.0,3.0,3.0,,,4.0,1,Economy
Airline 22,good value and helpful cabin crew,yes,7.0,4.0,4.0,,4.0,5.0,2.0,5.0,0,Economy
Airline 41,efficient ground team and comfortable flight,no,3.0,3.0,3.0,3.0,4.0,2.0,,2.0,1,Economy
Airline 32,smooth journey friendly service worth the fare,no,2.0,4.0,4.0,,2.0,,,3.0,0,Economy
Airline 19,good value and helpful cabin crew,no,1.0,1.0,1.0,1.0,,1.0,,1.0,1,Economy
Airline 47,disappointing experience uncomfortable and expensive,no,2.0,1.0,3.0,2.0,3.0,2.0,,2.0,1,Economy
Airline 41,efficient ground team and comfortable flight,no,4.0,2.0,2.0,1.0,3.0,2.0,2.0,2.0,1,Economy
Airline 47,poor value delay and unhelpful ground service,no,5.0,2.0,2.0,2.0,2.0,3.0,,3.0,0,Economy
Airline 37,disappointing experience uncomfortable and expensive,no,2.0,1.0,3.0,1.0,2.0,2.0,1.0,2.0,0,Economy
Airline 20,efficient ground team and comfortable flight,yes,4.0,3.0,3.0,1.0,2.0,3.0,1.0,4.0,0,Business
Airline 39,long delay weak communication would not recommend,no,2.0,2.0,2.0,3.0,2.0,2.0,,2.0,0,Economy
Airline 17,long delay weak communication would not recommend,no,5.0,4.0,5.0,2.0,2.0,,1.0,3.0,1,Business
Airline 14,smooth journey friendly service worth the fare,yes,8.0,2.0,5.0,1.0,4.0,,3.0,4.0,1,Economy
Airline 23,long delay weak communication would not recommend,yes,5.0,3.0,4.0,,4.0,3.0,,4.0,0,Premium Economy
Airline 49,long delay weak communication would not recommend,yes,5.0,4.0,2.0,2.0,,,,4.0,0,Business
Airline 29,disappointing experience uncomfortable and expensive,no,2.0,2.0,2.0,,1.0,,1.0,1.0,0,Economy
Airline 20,long delay weak communication would not recommend,no,2.0,3.0,2.0,3.0,2.0,2.0,2.0,2.0,0,Economy
Airline 24,good value and helpful cabin crew,no,3.0,4.0,3.0,1.0,,2.0,,2.0,1,Economy
Airline 15,good value and helpful cabin crew,no,5.0,1.0,2.0,3.0,4.0,2.0,3.0,3.0,1,Business
Airline 33,smooth journey friendly service worth the fare,no,6.0,3.0,2.0,,3.0,2.0,1.0,2.0,0,Economy
Airline 18,good value and helpful cabin crew,yes,8.0,5.0,3.0,3.0,5.0,,,5.0,0,Economy
Airline 28,smooth journey friendly service worth the fare,no,7.0,3.0,4.0,5.0,4.0,5.0,,4.0,1,Economy
Airline 19,good value and helpful cabin crew,no,4.0,4.0,1.0,1.0,2.0,2.0,,3.0,1,Premium Economy
Airline 17,long delay weak communication would not recommend,no,8.0,4.0,3.0,,4.0,2.0,2.0,4.0,0,Economy
Airline 49,smooth journey friendly service worth the fare,no,8.0,5.0,4.0,3.0,3.0,4.0,,3.0,0,Economy
Airline 18,long delay weak communication would not recommend,no,5.0,3.0,2.0,,3.0,4.0,,3.0,1,Economy
Airline 04,poor value delay and unhelpful ground service,no,7.0,5.0,3.0,2.0,,,,3.0,0,Premium Economy
Airline 19,long delay weak communication would not recommend,no,3.0,3.0,3.0,2.0,3.0,3.0,1.0,4.0,1,Economy
Airline 27,efficient ground team and comfortable flight,no,2.0,1.0,1.0,2.0,2.0,1.0,,2.0,0,Premium Economy
Airline 05,poor value delay and unhelpful ground service,no,5.0,3.0,4.0,,3.0,2.0,,4.0,1,Economy
Airline 16,good value and helpful cabin crew,yes,7.0,4.0,3.0,3.0,2.0,4.0,,4.0,1,Business
Airline 09,long delay weak communication would not recommend,no,7.0,4.0,3.0,3.0,3.0,,3.0,2.0,1,Economy
Airline 26,long delay weak communication would not recommend,no,5.0,3.0,3.0,1.0,3.0,2.0,,3.0,1,Business
Airline 37,poor value delay and unhelpful ground service,no,5.0,4.0,3.0,3.0,2.0,1.0,2.0,2.0,1,Economy
Airline 49,smooth journey friendly service worth the fare,yes,8.0,3.0,5.0,5.0,4.0,3.0,,3.0,0,Business
Airline 20,efficient ground team and comfortable flight,yes,6.0,3.0,3.0,2.0,,2.0,4.0,4.0,0,Economy
Airline 44,poor value delay and unhelpful ground service,no,6.0,3.0,4.0,2.0,4.0,,2.0,4.0,0,Economy
Airline 11,poor value delay and unhelpful ground service,no,7.0,2.0,3.0,4.0,4.0,3.0,4.0,3.0,0,Business
Airline 40,disappointing experience uncomfortable and expensive,no,1.0,2.0,2.0,,1.0,3.0,,3.0,0,Economy
Airline 29,disappointing experience uncomfortable and expensive,no,4.0,5.0,2.0,2.0,1.0,2.0,,2.0,0,Economy
Airline 38,long delay weak communication would not recommend,no,2.0,1.0,1.0,3.0,1.0,2.0,1.0,1.0,0,Economy
Airline 38,disappointing experience uncomfortable and expensive,no,5.0,4.0,4.0,3.0,4.0,3.0,4.0,3.0,1,Economy
Airline 27,long delay weak communication would not recommend,no,5.0,1.0,2.0,4.0,2.0,1.0,3.0,3.0,0,Economy
Airline 13,smooth journey friendly service worth the fare,yes,7.0,2.0,3.0,3.0,3.0,3.0,,4.0,1,Economy
Airline 27,good value and helpful cabin crew,yes,8.0,2.0,3.0,3.0,3.0,2.0,2.0,4.0,0,Economy
Airline 42,smooth journey friendly service worth the fare,yes,7.0,4.0,3.0,,4.0,2.0,4.0,5.0,0,Business
Airline 49,good value and helpful cabin crew,no,2.0,1.0,2.0,,1.0,1.0,4.0,3.0,0,Economy
Airline 47,smooth journey friendly service worth the fare,no,4.0,4.0,3.0,,,,2.0,3.0,0,Business
Airline 10,disappointing experience uncomfortable and expensive,yes,9.0,4.0,5.0,3.0,5.0,,,5.0,1,Economy
Airline 30,smooth journey friendly service worth the fare,yes,10.0,4.0,5.0,4.0,5.0,,,5.0,0,Premium Economy
Airline 06,smooth journey friendly service worth the fare,yes,8.0,4.0,4.0,5.0,3.0,4.0,1.0,5.0,1,Premium Economy
Airline 34,poor value delay and unhelpful ground service,no,8.0,2.0,4.0,3.0,4.0,2.0,,3.0,1,Economy
Airline 50,poor value delay and unhelpful ground service,no,3.0,3.0,3.0,2.0,2.0,1.0,3.0,2.0,1,Economy
Airline 03,good value and helpful cabin crew,yes,7.0,4.0,4.0,3.0,4.0,,,5.0,1,Economy
Airline 33,disappointing experience uncomfortable and expensive,no,5.0,4.0,2.0,1.0,3.0,3.0,1.0,3.0,0,Economy
Airline 48,long delay weak communication would not recommend,no,5.0,2.0,5.0,5.0,5.0,,3.0,3.0,1,Economy
Airline 43,good value and helpful cabin crew,yes,6.0,2.0,3.0,2.0,1.0,3.0,,3.0,0,Economy
Airline 20,long delay weak communication would not recommend,no,5.0,3.0,3.0,4.0,4.0,2.0,,2.0,1,Economy
Airline 06,smooth journey friendly service worth the fare,no,6.0,4.0,4.0,3.0,3.0,2.0,,2.0,0,Premium Economy
Airline 47,efficient ground team and comfortable flight,no,7.0,3.0,4.0,3.0,2.0,2.0,,4.0,0,Economy
Airline 47,poor value delay and unhelpful ground service,no,6.0,2.0,4.0,4.0,5.0,4.0,,3.0,1,Business
Airline 29,long delay weak communication would not recommend,no,5.0,2.0,2.0,1.0,,,3.0,2.0,0,Economy
Airline 49,efficient ground team and comfortable flight,no,3.0,1.0,2.0,2.0,1.0,,,1.0,0,Economy
Airline 01,efficient ground team and comfortable flight,yes,10.0,4.0,5.0,5.0,,3.0,,5.0,0,Economy
Airline 31,good value and helpful cabin crew,yes,10.0,4.0,5.0,4.0,5.0,4.0,,5.0,1,Premium Economy
Airline 02,efficient ground team and comfortable flight,no,3.0,4.0,3.0,3.0,4.0,2.0,,3.0,0,Economy
Airline 47,long delay weak communication would not recommend,no,2.0,2.0,4.0,,3.0,4.0,1.0,1.0,1,Economy
Airline 35,long delay weak communication would not recommend,no,2.0,3.0,2.0,4.0,3.0,4.0,,2.0,1,Economy
Airline 46,smooth journey friendly service worth the fare,yes,9.0,1.0,4.0,,4.0,3.0,,4.0,0,Economy
Airline 29,good value and helpful cabin crew,yes,10.0,2.0,4.0,3.0,5.0,4.0,,5.0,1,Business
Airline 05,efficient ground team and comfortable flight,no,1.0,3.0,4.0,,3.0,,,2.0,0,Business
Airline 02,long delay weak communication would not recommend,no,4.0,2.0,4.0,2.0,3.0,3.0,2.0,3.0,0,Economy
Airline 17,poor value delay and unhelpful ground service,no,4.0,2.0,3.0,4.0,,2.0,,4.0,1,Economy
Airline 38,efficient ground team and comfortable flight,yes,8.0,3.0,4.0,2.0,5.0,3.0,,4.0,1,Economy
Airline 08,poor value delay and unhelpful ground service,no,4.0,3.0,3.0,1.0,2.0,2.0,,3.0,1,Economy
Airline 43,smooth journey friendly service worth the fare,no,2.0,2.0,1.0,1.0,,,1.0,1.0,1,Premium Economy
Airline 12,smooth journey friendly service worth the fare,no,5.0,4.0,3.0,2.0,3.0,2.0,4.0,5.0,0,Economy
Airline 25,efficient ground team and comfortable flight,yes,8.0,4.0,4.0,4.0,,4.0,1.0,4.0,1,Economy
Airline 11,disappointing experience uncomfortable and expensive,no,3.0,3.0,3.0,4.0,3.0,1.0,2.0,3.0,0,Economy
Airline 24,poor value delay and unhelpful ground service,no,9.0,4.0,3.0,,2.0,2.0,3.0,4.0,0,Economy
Airline 23,long delay weak communication would not recommend,no,6.0,3.0,3.0,2.0,4.0,2.0,2.0,2.0,0,Economy
Airline 01,long delay weak communication would not recommend,no,7.0,2.0,3.0,,2.0,,,2.0,0,Economy
Airline 29,good value and helpful cabin crew,yes,8.0,4.0,4.0,3.0,5.0,,,4.0,0,Economy
Airline 40,smooth journey friendly service worth the fare,no,8.0,4.0,5.0,4.0,4.0,,2.0,3.0,0,Business
Airline 47,smooth journey friendly service worth the fare,yes,8.0,2.0,4.0,3.0,4.0,4.0,3.0,4.0,1,Premium Economy
Airline 17,efficient ground team and comfortable flight,yes,7.0,4.0,5.0,,5.0,,2.0,3.0,0,Economy
Airline 45,long delay weak communication would not recommend,no,3.0,3.0,2.0,4.0,3.0,,1.0,3.0,1,Economy
Airline 44,good value and helpful cabin crew,yes,5.0,2.0,3.0,1.0,,2.0,3.0,3.0,0,Economy
Airline 50,smooth journey friendly service worth the fare,yes,7.0,3.0,3.0,,,4.0,,4.0,0,Business
Airline 19,disappointing experience uncomfortable and expensive,no,4.0,1.0,2.0,,3.0,3.0,1.0,1.0,1,Economy
Airline 43,poor value delay and unhelpful ground service,yes,8.0,1.0,5.0,3.0,5.0,,,3.0,0,Economy
Airline 29,efficient ground team and comfortable flight,no,5.0,3.0,2.0,4.0,,,3.0,4.0,1,Economy
Airline 03,good value and helpful cabin crew,yes,3.0,3.0,1.0,1.0,3.0,1.0,,5.0,0,Economy
Airline 14,efficient ground team and comfortable flight,yes,4.0,2.0,3.0,1.0,3.0,3.0,1.0,4.0,1,Economy
Airline 34,disappointing experience uncomfortable and expensive,no,6.0,4.0,2.0,2.0,,3.0,,4.0,0,Business
Airline 09,efficient ground team and comfortable flight,yes,7.0,3.0,3.0,,4.0,,,4.0,1,Premium Economy
Airline 22,poor value delay and unhelpful ground service,no,5.0,4.0,3.0,,2.0,,,3.0,1,Premium Economy
Airline 39,good value and helpful cabin crew,no,6.0,4.0,4.0,3.0,3.0,3.0,4.0,4.0,1,Premium Economy
Airline 08,disappointing experience uncomfortable and expensive,no,7.0,5.0,2.0,2.0,4.0,2.0,3.0,3.0,1,Economy
Airline 25,long delay weak communication would not recommend,no,6.0,3.0,4.0,3.0,2.0,3.0,,2.0,1,Economy
Airline 11,smooth journey friendly service worth the fare,no,4.0,1.0,1.0,2.0,3.0,1.0,,1.0,1,Economy
Airline 27,good value and helpful cabin crew,yes,7.0,4.0,3.0,2.0,3.0,2.0,,4.0,1,Premium Economy
Airline 13,disappointing experience uncomfortable and expensive,no,7.0,4.0,3.0,2.0,3.0,3.0,2.0,3.0,1,Economy
Airline 49,long delay weak communication would not recommend,yes,9.0,2.0,5.0,,5.0,4.0,,5.0,1,Economy
Airline 04,efficient ground team and comfortable flight,no,9.0,4.0,5.0,,,3.0,,4.0,0,Business
Airline 49,smooth journey friendly service worth the fare,yes,6.0,4.0,5.0,,,1.0,,3.0,0,Economy
Airline 40,smooth journey friendly service worth the fare,yes,5.0,3.0,3.0,1.0,4.0,3.0,,3.0,0,Economy
Airline 43,long delay weak communication would not recommend,no,4.0,1.0,3.0,,3.0,2.0,1.0,2.0,1,Economy
Airline 43,poor value delay and unhelpful ground service,no,2.0,2.0,3.0,,1.0,3.0,2.0,1.0,0,Economy
Airline 10,long delay weak communication would not recommend,no,5.0,2.0,4.0,,3.0,,,2.0,0,Business
Airline 47,poor value delay and unhelpful ground service,yes,8.0,4.0,4.0,3.0,2.0,,,2.0,1,Economy
Airline 30,efficient ground team and comfortable flight,yes,5.0,3.0,4.0,4.0,4.0,1.0,2.0,4.0,0,Premium Economy
Airline 49,good value and helpful cabin crew,yes,6.0,3.0,4.0,2.0,4.0,2.0,1.0,4.0,1,Economy
Airline 44,smooth journey friendly service worth the fare,yes,8.0,3.0,4.0,3.0,5.0,3.0,5.0,3.0,0,Economy
Airline 29,good value and helpful cabin crew,no,2.0,3.0,3.0,1.0,3.0,,,2.0,1,Business
Airline 19,poor value delay and unhelpful ground service,no,4.0,3.0,4.0,3.0,3.0,2.0,,4.0,0,Economy
Airline 06,long delay weak communication would not recommend,yes,9.0,3.0,4.0,3.0,3.0,,3.0,4.0,0,Economy
Airline 06,efficient ground team and comfortable flight,yes,9.0,4.0,4.0,,4.0,,,4.0,0,Economy
Airline 20,disappointing experience uncomfortable and expensive,no,6.0,2.0,3.0,3.0,2.0,3.0,,3.0,0,Economy
Airline 41,disappointing experience uncomfortable and expensive,no,6.0,1.0,3.0,4.0,3.0,2.0,5.0,4.0,1,Economy
Airline 26,poor value delay and unhelpful ground service,no,5.0,4.0,1.0,4.0,4.0,2.0,1.0,3.0,0,Business
Airline 25,long delay weak communication would not recommend,no,5.0,4.0,3.0,,4.0,3.0,1.0,3.0,1,Premium Economy
Airline 13,smooth journey friendly service worth the fare,yes,7.0,3.0,4.0,4.0,4.0,3.0,,4.0,1,Economy
Airline 29,good value and helpful cabin crew,yes,10.0,4.0,5.0,,5.0,5.0,3.0,5.0,0,Economy
Airline 32,smooth journey friendly service worth the fare,yes,6.0,3.0,4.0,3.0,2.0,4.0,3.0,3.0,1,Economy
Airline 50,long delay weak communication would not recommend,yes,6.0,4.0,5.0,3.0,4.0,,,3.0,1,Economy
Airline 37,smooth journey friendly service worth the fare,no,3.0,1.0,2.0,2.0,2.0,,2.0,2.0,1,Business
Airline 31,poor value delay and unhelpful ground service,no,5.0,3.0,1.0,,3.0,,3.0,3.0,1,Economy
Airline 46,disappointing experience uncomfortable and expensive,no,7.0,2.0,3.0,4.0,3.0,2.0,2.0,4.0,1,Business
Airline 22,poor value delay and unhelpful ground service,no,8.0,3.0,3.0,,3.0,3.0,,3.0,1,Economy
Airline 47,disappointing experience uncomfortable and expensive,no,1.0,1.0,1.0,,1.0,1.0,,1.0,0,Economy
Airline 19,disappointing experience uncomfortable and expensive,no,5.0,4.0,4.0,4.0,4.0,,,3.0,0,Business
Airline 07,disappointing experience uncomfortable and expensive,no,10.0,3.0,4.0,5.0,4.0,5.0,2.0,4.0,1,Economy
Airline 21,poor value delay and unhelpful ground service,no,1.0,1.0,3.0,2.0,1.0,,2.0,1.0,0,Economy
Airline 07,efficient ground team and comfortable flight,yes,8.0,3.0,4.0,,5.0,,4.0,4.0,1,Economy
Airline 06,smooth journey friendly service worth the fare,no,1.0,1.0,1.0,,1.0,4.0,1.0,1.0,0,Premium Economy
Airline 45,disappointing experience uncomfortable and expensive,no,9.0,4.0,4.0,3.0,4.0,3.0,2.0,4.0,0,Economy
Airline 40,smooth journey friendly service worth the fare,yes,5.0,1.0,3.0,,5.0,4.0,,4.0,1,Economy
Airline 12,disappointing experience uncomfortable and expensive,no,1.0,1.0,1.0,2.0,1.0,,,1.0,1,Premium Economy
Airline 42,disappointing experience uncomfortable and expensive,no,5.0,4.0,2.0,3.0,3.0,,3.0,3.0,0,Economy
Airline 04,smooth journey friendly service worth the fare,yes,7.0,4.0,4.0,5.0,4.0,3.0,2.0,3.0,1,Economy
Airline 15,long delay weak communication would not recommend,yes,6.0,3.0,3.0,3.0,3.0,4.0,,4.0,0,Business
Airline 36,good value and helpful cabin crew,yes,6.0,2.0,4.0,,5.0,,,4.0,0,Economy
Airline 16,long delay weak communication would not recommend,no,4.0,3.0,3.0,5.0,3.0,,,3.0,1,Economy
Airline 37,disappointing experience uncomfortable and expensive,no,2.0,2.0,2.0,1.0,2.0,1.0,,2.0,1,Economy
Airline 44,good value and helpful cabin crew,yes,6.0,3.0,4.0,3.0,2.0,3.0,,3.0,0,Economy
Airline 04,smooth journey friendly service worth the fare,yes,8.0,4.0,5.0,3.0,5.0,2.0,3.0,3.0,0,Business
Airline 02,long delay weak communication would not recommend,yes,8.0,3.0,5.0,3.0,,4.0,,4.0,1,Economy
Airline 48,poor value delay and unhelpful ground service,no,1.0,1.0,2.0,1.0,1.0,1.0,1.0,1.0,0,Economy
Airline 27,poor value delay and unhelpful ground service,no,4.0,1.0,4.0,2.0,1.0,,,1.0,1,Economy
Airline 26,poor value delay and unhelpful ground service,no,4.0,3.0,2.0,2.0,3.0,,1.0,1.0,1,Business
Airline 24,efficient ground team and comfortable flight,no,2.0,1.0,1.0,,,,,1.0,0,Economy
Airline 22,efficient ground team and comfortable flight,no,5.0,3.0,3.0,4.0,2.0,,3.0,3.0,0,Economy
Airline 35,smooth journey friendly service worth the fare,no,7.0,5.0,3.0,1.0,3.0,,,3.0,1,Economy
Airline 29,poor value delay and unhelpful ground service,no,2.0,3.0,1.0,2.0,1.0,,,2.0,1,Economy
Airline 09,smooth journey friendly service worth the fare,yes,9.0,4.0,3.0,3.0,4.0,,,4.0,0,Economy
Airline 32,long delay weak communication would not recommend,yes,5.0,4.0,4.0,3.0,4.0,,,3.0,0,Economy
Airline 34,disappointing experience uncomfortable and expensive,no,4.0,3.0,3.0,3.0,2.0,3.0,,2.0,1,Economy
Airline 06,efficient ground team and comfortable flight,no,5.0,2.0,2.0,2.0,2.0,2.0,,3.0,1,Economy
Airline 19,efficient ground team and comfortable flight,no,2.0,2.0,2.0,1.0,1.0,,2.0,1.0,1,Business
Airline 40,long delay weak communication would not recommend,no,6.0,3.0,3.0,3.0,3.0,,3.0,3.0,1,Economy
Airline 31,poor value delay and unhelpful ground service,no,4.0,3.0,4.0,2.0,3.0,4.0,,3.0,1,Premium Economy
Airline 07,smooth journey friendly service worth the fare,no,4.0,4.0,3.0,3.0,4.0,,,3.0,0,Business
Airline 03,poor value delay and unhelpful ground service,no,6.0,4.0,4.0,2.0,4.0,3.0,,3.0,0,Economy
Airline 30,disappointing experience uncomfortable and expensive,no,4.0,3.0,3.0,,4.0,,4.0,3.0,1,Economy
Airline 24,disappointing experience uncomfortable and expensive,no,8.0,3.0,3.0,,4.0,2.0,1.0,2.0,0,Economy
Airline 49,long delay weak communication would not recommend,yes,7.0,1.0,5.0,3.0,5.0,,3.0,5.0,1,Business
Airline 27,smooth journey friendly service worth the fare,yes,8.0,5.0,3.0,,3.0,1.0,,3.0,1,Economy
Airline 47,poor value delay and unhelpful ground service,no,6.0,3.0,3.0,2.0,3.0,,1.0,3.0,1,Economy
Airline 11,long delay weak communication would not recommend,no,8.0,4.0,2.0,3.0,4.0,,,3.0,1,Economy
Airline 23,long delay weak communication would not recommend,no,4.0,3.0,2.0,4.0,4.0,,,3.0,1,Premium Economy
Airline 07,poor value delay and unhelpful ground service,no,4.0,2.0,3.0,1.0,2.0,1.0,3.0,3.0,0,Economy
Airline 29,efficient ground team and comfortable flight,yes,7.0,3.0,4.0,2.0,4.0,,2.0,3.0,1,Economy
Airline 10,poor value delay and unhelpful ground service,no,4.0,2.0,3.0,4.0,3.0,,2.0,2.0,0,Economy
Airline 25,smooth journey friendly service worth the fare,yes,5.0,1.0,3.0,4.0,5.0,,4.0,4.0,1,Economy
Airline 18,poor value delay and unhelpful ground service,no,5.0,4.0,2.0,4.0,2.0,2.0,,4.0,0,Economy
Airline 10,long delay weak communication would not recommend,no,5.0,3.0,2.0,3.0,2.0,,,4.0,1,Premium Economy
Airline 05,disappointing experience uncomfortable and expensive,no,6.0,2.0,2.0,1.0,1.0,3.0,,3.0,1,Economy
Airline 26,poor value delay and unhelpful ground service,no,3.0,3.0,3.0,,3.0,2.0,5.0,2.0,0,Economy
Airline 48,disappointing experience uncomfortable and expensive,no,2.0,3.0,3.0,2.0,3.0,,,1.0,1,Business
Airline 10,long delay weak communication would not recommend,no,6.0,3.0,3.0,4.0,3.0,3.0,,4.0,0,Business
Airline 21,smooth journey friendly service worth the fare,no,4.0,4.0,4.0,3.0,3.0,,,3.0,0,Economy
Airline 12,good value and helpful cabin crew,yes,8.0,4.0,5.0,3.0,4.0,,1.0,5.0,1,Economy
Airline 41,efficient ground team and comfortable flight,no,4.0,1.0,3.0,3.0,2.0,,2.0,3.0,1,Business
Airline 21,efficient ground team and comfortable flight,yes,8.0,5.0,5.0,4.0,5.0,1.0,,5.0,0,Premium Economy
Airline 49,disappointing experience uncomfortable and expensive,no,4.0,3.0,2.0,2.0,3.0,,,2.0,0,Business
Airline 13,poor value delay and unhelpful ground service,no,4.0,4.0,2.0,1.0,2.0,1.0,,2.0,1,Business
Airline 05,long delay weak communication would not recommend,no,5.0,3.0,2.0,3.0,2.0,1.0,1.0,1.0,1,Economy
Airline 30,long delay weak communication would not recommend,no,2.0,2.0,2.0,3.0,2.0,2.0,3.0,1.0,1,Economy
Airline 33,good value and helpful cabin crew,yes,10.0,4.0,3.0,3.0,5.0,3.0,,4.0,0,Premium Economy
Airline 50,efficient ground team and comfortable flight,yes,10.0,5.0,5.0,,5.0,,3.0,5.0,0,Premium Economy
Airline 44,good value and helpful cabin crew,yes,7.0,3.0,4.0,,4.0,3.0,,5.0,0,Economy
Airline 45,disappointing experience uncomfortable and expensive,no,3.0,3.0,4.0,1.0,2.0,,,2.0,1,Business
Airline 32,disappointing experience uncomfortable and expensive,yes,10.0,4.0,5.0,4.0,5.0,3.0,2.0,5.0,0,Economy
Airline 18,smooth journey friendly service worth the fare,no,4.0,4.0,2.0,2.0,2.0,3.0,2.0,3.0,0,Business
Airline 22,long delay weak communication would not recommend,no,6.0,4.0,4.0,1.0,2.0,4.0,,3.0,1,Economy
Airline 07,good value and helpful cabin crew,yes,6.0,4.0,5.0,,4.0,,2.0,5.0,1,Economy
Airline 22,disappointing experience uncomfortable and expensive,yes,6.0,3.0,3.0,3.0,3.0,4.0,,3.0,0,Business
Airline 19,smooth journey friendly service worth the fare,yes,8.0,4.0,3.0,4.0,5.0,3.0,,5.0,1,Economy
Airline 02,efficient ground team and comfortable flight,yes,6.0,2.0,2.0,2.0,4.0,,3.0,4.0,0,Economy
Airline 11,smooth journey friendly service worth the fare,yes,3.0,3.0,3.0,,2.0,2.0,,3.0,1,Economy
Airline 27,disappointing experience uncomfortable and expensive,no,4.0,3.0,4.0,4.0,3.0,2.0,1.0,2.0,1,Economy
Airline 19,good value and helpful cabin crew,no,2.0,1.0,1.0,,1.0,,,1.0,0,Premium Economy
Airline 50,long delay weak communication would not recommend,no,4.0,1.0,3.0,2.0,2.0,3.0,1.0,2.0,0,Premium Economy
Airline 24,long delay weak communication would not recommend,no,8.0,4.0,4.0,5.0,5.0,3.0,4.0,5.0,0,Economy
Airline 48,good value and helpful cabin crew,yes,7.0,4.0,5.0,3.0,3.0,1.0,,3.0,0,Economy
Airline 34,disappointing experience uncomfortable and expensive,no,5.0,3.0,5.0,3.0,2.0,3.0,,4.0,0,Economy
Airline 03,poor value delay and unhelpful ground service,no,5.0,2.0,3.0,1.0,2.0,3.0,,2.0,1,Economy
Airline 11,good value and helpful cabin crew,yes,5.0,3.0,4.0,,3.0,1.0,,2.0,1,Economy
Airline 36,good value and helpful cabin crew,yes,8.0,3.0,5.0,,4.0,3.0,,4.0,0,Economy
Airline 28,good value and helpful cabin crew,yes,7.0,4.0,3.0,2.0,5.0,3.0,,3.0,1,Business
Airline 16,poor value delay and unhelpful ground service,no,4.0,2.0,4.0,,3.0,,,4.0,0,Economy
Airline 27,disappointing experience uncomfortable and expensive,no,4.0,4.0,2.0,1.0,2.0,,3.0,2.0,1,Premium Economy
Airline 46,efficient ground team and comfortable flight,yes,7.0,5.0,4.0,4.0,5.0,2.0,2.0,4.0,1,Economy
Airline 20,disappointing experience uncomfortable and expensive,no,1.0,1.0,2.0,1.0,1.0,2.0,,1.0,0,Economy
Airline 03,smooth journey friendly service worth the fare,yes,8.0,4.0,4.0,5.0,4.0,,3.0,5.0,1,Business
Airline 16,efficient ground team and comfortable flight,yes,10.0,5.0,5.0,3.0,5.0,5.0,4.0,5.0,1,Economy
Airline 47,disappointing experience uncomfortable and expensive,no,1.0,1.0,3.0,,3.0,2.0,1.0,2.0,1,Economy
Airline 39,smooth journey friendly service worth the fare,no,6.0,2.0,2.0,3.0,3.0,,,2.0,0,Economy
Airline 42,long delay weak communication would not recommend,no,6.0,3.0,1.0,2.0,3.0,2.0,3.0,3.0,0,Premium Economy
Airline 46,good value and helpful cabin crew,yes,5.0,5.0,4.0,2.0,2.0,3.0,,4.0,0,Business
Airline 06,long delay weak communication would not recommend,no,6.0,3.0,5.0,3.0,4.0,,,3.0,1,Economy
Airline 15,disappointing experience uncomfortable and expensive,no,5.0,5.0,4.0,3.0,5.0,4.0,3.0,4.0,0,Business
Airline 03,disappointing experience uncomfortable and expensive,no,6.0,3.0,4.0,2.0,2.0,,,2.0,0,Economy
Airline 01,long delay weak communication would not recommend,no,8.0,3.0,5.0,4.0,3.0,,,4.0,0,Economy
Airline 42,long delay weak communication would not recommend,no,5.0,4.0,4.0,,3.0,,2.0,3.0,1,Business
Airline 47,disappointing experience uncomfortable and expensive,yes,10.0,5.0,5.0,4.0,,,,5.0,0,Economy
Airline 08,long delay weak communication would not recommend,no,8.0,3.0,4.0,4.0,3.0,,2.0,3.0,1,Economy
Airline 37,poor value delay and unhelpful ground service,yes,8.0,4.0,3.0,3.0,4.0,3.0,1.0,1.0,1,Economy
Airline 27,poor value delay and unhelpful ground service,no,4.0,1.0,2.0,1.0,2.0,3.0,,1.0,1,Economy
Airline 04,long delay weak communication would not recommend,no,4.0,2.0,3.0,4.0,3.0,,,2.0,0,Economy
Airline 46,good value and helpful cabin crew,yes,6.0,2.0,3.0,4.0,,,,3.0,0,Economy
Airline 44,long delay weak communication would not recommend,no,2.0,2.0,2.0,1.0,2.0,,2.0,3.0,0,Premium Economy
Airline 29,long delay weak communication would not recommend,no,1.0,2.0,3.0,1.0,1.0,2.0,,1.0,0,Economy
Airline 36,smooth journey friendly service worth the fare,no,5.0,3.0,3.0,4.0,4.0,3.0,,3.0,1,Economy
Airline 20,disappointing experience uncomfortable and expensive,no,8.0,5.0,5.0,4.0,4.0,3.0,,4.0,0,Economy
Airline 40,long delay weak communication would not recommend,no,4.0,5.0,4.0,1.0,3.0,,2.0,3.0,0,Economy
Airline 23,disappointing experience uncomfortable and expensive,no,6.0,3.0,3.0,2.0,3.0,2.0,4.0,4.0,0,Economy
Airline 50,disappointing experience uncomfortable and expensive,no,4.0,1.0,2.0,3.0,,4.0,3.0,3.0,1,Economy
Airline 04,smooth journey friendly service worth the fare,yes,9.0,4.0,4.0,2.0,4.0,5.0,,4.0,0,Economy
Airline 09,disappointing experience uncomfortable and expensive,no,7.0,5.0,3.0,,,2.0,,4.0,1,Business
Airline 49,long delay weak communication would not recommend,no,2.0,2.0,2.0,4.0,1.0,3.0,4.0,2.0,0,Premium Economy
Airline 15,efficient ground team and comfortable flight,yes,8.0,4.0,4.0,4.0,5.0,4.0,,4.0,0,Premium Economy
Airline 16,good value and helpful cabin crew,yes,9.0,4.0,5.0,,4.0,3.0,,5.0,0,Premium Economy
Airline 40,good value and helpful cabin crew,yes,9.0,3.0,4.0,4.0,4.0,3.0,1.0,5.0,0,Economy
Airline 10,long delay weak communication would not recommend,no,6.0,2.0,3.0,4.0,,,,4.0,1,Economy
Airline 26,disappointing experience uncomfortable and expensive,no,8.0,3.0,4.0,,,3.0,,4.0,1,Economy
Airline 15,disappointing experience uncomfortable and expensive,yes,7.0,3.0,3.0,4.0,5.0,4.0,,2.0,0,Economy
Airline 10,long delay weak communication would not recommend,no,6.0,4.0,4.0,2.0,3.0,4.0,,4.0,0,Business
Airline 49,long delay weak communication would not recommend,no,1.0,2.0,2.0,1.0,1.0,1.0,,1.0,1,Economy
Airline 10,long delay weak communication would not recommend,no,4.0,1.0,1.0,3.0,1.0,3.0,1.0,1.0,1,Business
Airline 05,good value and helpful cabin crew,no,5.0,1.0,2.0,,2.0,,2.0,2.0,1,Economy
Airline 34,poor value delay and unhelpful ground service,no,5.0,4.0,5.0,,,2.0,3.0,2.0,1,Economy
Airline 44,poor value delay and unhelpful ground service,no,7.0,3.0,4.0,3.0,3.0,3.0,,3.0,0,Economy
Airline 07,good value and helpful cabin crew,no,7.0,3.0,3.0,3.0,4.0,3.0,,3.0,1,Economy
Airline 36,poor value delay and unhelpful ground service,no,7.0,3.0,4.0,4.0,3.0,,2.0,4.0,0,Premium Economy
Airline 28,long delay weak communication would not recommend,yes,7.0,3.0,4.0,,5.0,,,4.0,0,Economy
Airline 42,long delay weak communication would not recommend,no,2.0,2.0,2.0,2.0,3.0,,,3.0,0,Premium Economy
Airline 07,good value and helpful cabin crew,yes,4.0,4.0,3.0,,3.0,2.0,2.0,3.0,1,Business
Airline 49,smooth journey friendly service worth the fare,no,3.0,2.0,2.0,2.0,3.0,3.0,,2.0,0,Economy
Airline 31,long delay weak communication would not recommend,no,5.0,3.0,3.0,3.0,3.0,2.0,2.0,2.0,0,Economy
Airline 43,long delay weak communication would not recommend,no,8.0,4.0,3.0,3.0,2.0,2.0,,3.0,0,Economy
Airline 19,long delay weak communication would not recommend,no,1.0,1.0,1.0,1.0,1.0,2.0,,1.0,0,Premium Economy
Airline 48,good value and helpful cabin crew,yes,10.0,5.0,5.0,,5.0,,1.0,5.0,0,Business
Airline 32,good value and helpful cabin crew,yes,4.0,3.0,3.0,5.0,4.0,2.0,1.0,3.0,1,Economy
Airline 07,disappointing experience uncomfortable and expensive,no,5.0,4.0,2.0,1.0,,,1.0,2.0,0,Business
Airline 47,good value and helpful cabin crew,yes,8.0,5.0,5.0,4.0,4.0,3.0,,4.0,1,Business
Airline 40,long delay weak communication would not recommend,no,6.0,4.0,5.0,3.0,3.0,,,2.0,0,Economy
Airline 16,long delay weak communication would not recommend,no,7.0,2.0,4.0,3.0,3.0,,2.0,2.0,0,Economy
Airline 28,smooth journey friendly service worth the fare,no,5.0,3.0,4.0,,1.0,1.0,2.0,2.0,0,Premium Economy
Airline 20,efficient ground team and comfortable flight,yes,10.0,2.0,4.0,,5.0,4.0,,5.0,1,Business
Airline 28,smooth journey friendly service worth the fare,no,6.0,4.0,4.0,,3.0,3.0,,2.0,1,Economy
Airline 49,long delay weak communication would not recommend,no,6.0,3.0,4.0,4.0,3.0,,,3.0,0,Economy
Airline 45,good value and helpful cabin crew,yes,8.0,3.0,5.0,4.0,5.0,,3.0,4.0,1,Premium Economy
Airline 11,disappointing experience uncomfortable and expensive,no,5.0,2.0,4.0,4.0,3.0,,,4.0,0,Economy
Airline 49,disappointing experience uncomfortable and expensive,no,5.0,3.0,3.0,2.0,2.0,3.0,2.0,3.0,0,Economy
Airline 22,good value and helpful cabin crew,yes,7.0,3.0,5.0,4.0,4.0,3.0,,4.0,0,Economy
Airline 36,good value and helpful cabin crew,yes,10.0,5.0,5.0,5.0,5.0,4.0,,5.0,0,Economy
Airline 39,poor value delay and unhelpful ground service,no,5.0,4.0,2.0,3.0,2.0,,,3.0,0,Economy
Airline 25,poor value delay and unhelpful ground service,no,3.0,3.0,3.0,4.0,4.0,,,3.0,1,Economy
Airline 23,disappointing experience uncomfortable and expensive,no,7.0,2.0,4.0,1.0,3.0,4.0,2.0,3.0,0,Economy
Airline 23,disappointing experience uncomfortable and expensive,no,9.0,2.0,4.0,3.0,2.0,3.0,3.0,4.0,1,Business
Airline 44,poor value delay and unhelpful ground service,yes,6.0,2.0,3.0,3.0,2.0,3.0,,3.0,0,Economy
Airline 20,efficient ground team and comfortable flight,yes,6.0,2.0,2.0,5.0,2.0,4.0,1.0,4.0,0,Business
Airline 14,good value and helpful cabin crew,no,3.0,2.0,2.0,2.0,1.0,4.0,2.0,1.0,0,Economy
Airline 19,long delay weak communication would not recommend,no,4.0,2.0,2.0,,1.0,1.0,,2.0,0,Economy
Airline 10,good value and helpful cabin crew,yes,5.0,3.0,3.0,,3.0,2.0,,3.0,1,Economy
Airline 20,poor value delay and unhelpful ground service,no,7.0,2.0,3.0,3.0,4.0,3.0,1.0,3.0,0,Economy
Airline 06,smooth journey friendly service worth the fare,yes,9.0,4.0,5.0,4.0,5.0,,2.0,5.0,0,Economy
Airline 05,long delay weak communication would not recommend,no,7.0,2.0,4.0,3.0,2.0,2.0,,2.0,1,Business
Airline 37,smooth journey friendly service worth the fare,yes,3.0,2.0,3.0,2.0,2.0,,,3.0,1,Premium Economy
Airline 04,poor value delay and unhelpful ground service,no,6.0,3.0,4.0,2.0,2.0,2.0,,3.0,1,Economy
Airline 29,smooth journey friendly service worth the fare,yes,8.0,3.0,5.0,5.0,3.0,,,4.0,1,Economy
Airline 39,long delay weak communication would not recommend,yes,9.0,4.0,5.0,5.0,4.0,,,4.0,0,Economy
Airline 37,efficient ground team and comfortable flight,no,4.0,1.0,3.0,5.0,4.0,,,2.0,1,Economy
Airline 23,disappointing experience uncomfortable and expensive,no,5.0,1.0,3.0,2.0,2.0,,3.0,2.0,1,Economy
Airline 10,long delay weak communication would not recommend,no,8.0,4.0,3.0,,3.0,4.0,3.0,4.0,1,Economy
Airline 47,poor value delay and unhelpful ground service,no,2.0,3.0,3.0,2.0,1.0,,3.0,1.0,1,Economy
Airline 42,long delay weak communication would not recommend,no,6.0,3.0,1.0,5.0,3.0,1.0,,4.0,0,Economy
Airline 31,efficient ground team and comfortable flight,yes,10.0,5.0,5.0,4.0,5.0,5.0,,5.0,0,Economy
Airline 05,disappointing experience uncomfortable and expensive,no,6.0,2.0,4.0,4.0,3.0,,,3.0,1,Premium Economy
Airline 02,efficient ground team and comfortable flight,no,3.0,2.0,2.0,1.0,2.0,3.0,2.0,2.0,0,Economy
Airline 16,good value and helpful cabin crew,yes,7.0,3.0,3.0,2.0,4.0,4.0,3.0,4.0,1,Economy
Airline 08,poor value delay and unhelpful ground service,no,4.0,3.0,2.0,2.0,3.0,,,2.0,0,Economy
Airline 44,disappointing experience uncomfortable and expensive,no,3.0,2.0,3.0,4.0,2.0,3.0,,1.0,0,Business
Airline 11,good value and helpful cabin crew,no,8.0,2.0,3.0,,,1.0,,3.0,0,Premium Economy
Airline 15,disappointing experience uncomfortable and expensive,no,10.0,4.0,3.0,1.0,3.0,,,4.0,1,Economy
Airline 49,disappointing experience uncomfortable and expensive,no,2.0,3.0,3.0,,2.0,3.0,4.0,3.0,0,Economy
Airline 41,good value and helpful cabin crew,no,5.0,2.0,3.0,1.0,2.0,,,3.0,0,Premium Economy
Airline 11,poor value delay and unhelpful ground service,no,1.0,3.0,2.0,2.0,2.0,,,2.0,0,Economy
Airline 20,poor value delay and unhelpful ground service,no,8.0,3.0,3.0,3.0,1.0,2.0,2.0,2.0,0,Economy
Airline 26,good value and helpful cabin crew,no,4.0,3.0,3.0,4.0,2.0,,,3.0,1,Business
Airline 34,efficient ground team and comfortable flight,no,5.0,2.0,3.0,4.0,3.0,1.0,,2.0,0,Premium Economy
Airline 47,efficient ground team and comfortable flight,yes,9.0,3.0,5.0,4.0,5.0,4.0,3.0,5.0,0,Economy
Airline 44,disappointing experience uncomfortable and expensive,no,6.0,2.0,4.0,,4.0,4.0,1.0,3.0,1,Economy
Airline 49,efficient ground team and comfortable flight,yes,8.0,3.0,4.0,4.0,,,1.0,4.0,0,Economy
Airline 03,long delay weak communication would not recommend,yes,8.0,4.0,4.0,2.0,5.0,,,5.0,1,Economy
Airline 12,poor value delay and unhelpful ground service,yes,9.0,2.0,4.0,5.0,3.0,3.0,3.0,4.0,1,Economy
Airline 29,disappointing experience uncomfortable and expensive,no,4.0,4.0,3.0,,2.0,2.0,,2.0,0,Economy
Airline 03,smooth journey friendly service worth the fare,no,6.0,3.0,4.0,3.0,4.0,3.0,,3.0,1,Economy
Airline 18,efficient ground team and comfortable flight,yes,6.0,2.0,3.0,2.0,3.0,,,4.0,0,Economy
Airline 08,disappointing experience uncomfortable and expensive,no,7.0,5.0,3.0,2.0,3.0,,,3.0,1,Economy
Airline 47,long delay weak communication would not recommend,no,7.0,3.0,4.0,3.0,4.0,,,4.0,0,Economy
Airline 04,good value and helpful cabin crew,no,3.0,2.0,4.0,3.0,2.0,,,2.0,1,Business
Airline 08,disappointing experience uncomfortable and expensive,no,2.0,4.0,1.0,2.0,1.0,,,1.0,1,Economy
Airline 10,efficient ground team and comfortable flight,no,6.0,4.0,3.0,3.0,,,,2.0,0,Economy
Airline 08,long delay weak communication would not recommend,no,3.0,2.0,3.0,4.0,3.0,4.0,,4.0,0,Business
Airline 29,smooth journey friendly service worth the fare,no,1.0,2.0,2.0,4.0,1.0,1.0,,1.0,0,Economy
Airline 19,smooth journey friendly service worth the fare,yes,7.0,3.0,4.0,4.0,5.0,,2.0,3.0,0,Economy
Airline 46,efficient ground team and comfortable flight,yes,7.0,2.0,5.0,4.0,4.0,3.0,,5.0,1,Business
Airline 14,efficient ground team and comfortable flight,yes,10.0,5.0,5.0,2.0,5.0,5.0,3.0,5.0,1,Economy
Airline 27,disappointing experience uncomfortable and expensive,no,5.0,4.0,4.0,3.0,4.0,2.0,1.0,3.0,1,Economy
Airline 34,poor value delay and unhelpful ground service,no,3.0,3.0,4.0,3.0,3.0,,1.0,3.0,0,Economy
Airline 32,disappointing experience uncomfortable and expensive,no,2.0,2.0,3.0,3.0,2.0,1.0,,2.0,0,Premium Economy
Airline 40,poor value delay and unhelpful ground service,no,7.0,4.0,3.0,2.0,2.0,3.0,,2.0,1,Business
Airline 11,efficient ground team and comfortable flight,yes,6.0,2.0,3.0,4.0,3.0,3.0,3.0,4.0,1,Economy
Airline 26,disappointing experience uncomfortable and expensive,no,4.0,4.0,3.0,4.0,1.0,2.0,3.0,2.0,1,Business
Airline 41,disappointing experience uncomfortable and expensive,no,5.0,2.0,4.0,,3.0,2.0,3.0,3.0,0,Economy
Airline 44,poor value delay and unhelpful ground service,no,1.0,1.0,1.0,,1.0,2.0,4.0,1.0,0,Business
Airline 31,good value and helpful cabin crew,yes,7.0,3.0,4.0,,5.0,4.0,3.0,3.0,0,Business
Airline 33,poor value delay and unhelpful ground service,no,1.0,2.0,2.0,,1.0,4.0,2.0,2.0,1,Business
Airline 44,poor value delay and unhelpful ground service,no,5.0,3.0,2.0,2.0,2.0,5.0,,2.0,1,Economy
Airline 32,poor value delay and unhelpful ground service,no,2.0,2.0,3.0,2.0,2.0,,,1.0,1,Economy
Airline 48,poor value delay and unhelpful ground service,no,5.0,3.0,4.0,2.0,3.0,,,2.0,1,Economy
Airline 07,poor value delay and unhelpful ground service,no,4.0,2.0,2.0,3.0,1.0,,1.0,3.0,1,Economy
Airline 18,efficient ground team and comfortable flight,yes,6.0,3.0,4.0,4.0,2.0,,,2.0,0,Economy
Airline 06,long delay weak communication would not recommend,no,6.0,2.0,2.0,,3.0,3.0,5.0,5.0,0,Economy
Airline 05,efficient ground team and comfortable flight,yes,9.0,5.0,4.0,3.0,5.0,,,5.0,0,Economy
Airline 24,efficient ground team and comfortable flight,yes,7.0,4.0,4.0,4.0,5.0,3.0,,4.0,0,Premium Economy
Airline 12,efficient ground team and comfortable flight,yes,8.0,4.0,4.0,2.0,4.0,3.0,2.0,3.0,1,Economy
Airline 21,good value and helpful cabin crew,yes,10.0,3.0,4.0,3.0,4.0,,,4.0,0,Economy
Airline 22,poor value delay and unhelpful ground service,yes,6.0,4.0,4.0,,3.0,,,4.0,0,Economy
Airline 32,smooth journey friendly service worth the fare,no,8.0,2.0,3.0,2.0,3.0,,,2.0,0,Economy
Airline 48,smooth journey friendly service worth the fare,yes,7.0,4.0,4.0,4.0,5.0,,,5.0,0,Economy
Airline 43,poor value delay and unhelpful ground service,yes,8.0,4.0,5.0,3.0,5.0,3.0,,4.0,1,Economy
Airline 19,good value and helpful cabin crew,yes,6.0,5.0,3.0,3.0,4.0,,,3.0,1,Business
Airline 17,long delay weak communication would not recommend,no,4.0,1.0,4.0,3.0,1.0,,3.0,2.0,1,Economy
Airline 39,long delay weak communication would not recommend,no,2.0,1.0,2.0,2.0,2.0,,1.0,2.0,1,Economy
Airline 07,disappointing experience uncomfortable and expensive,no,6.0,2.0,3.0,,4.0,,4.0,3.0,1,Business
Airline 28,poor value delay and unhelpful ground service,yes,4.0,2.0,4.0,5.0,3.0,3.0,,5.0,1,Economy
Airline 22,disappointing experience uncomfortable and expensive,yes,6.0,2.0,3.0,,2.0,1.0,,3.0,0,Economy
Airline 10,efficient ground team and comfortable flight,yes,8.0,3.0,5.0,3.0,4.0,,,4.0,1,Economy
Airline 31,disappointing experience uncomfortable and expensive,yes,8.0,3.0,5.0,2.0,,,,5.0,0,Economy
Airline 17,efficient ground team and comfortable flight,no,7.0,3.0,4.0,3.0,3.0,,3.0,3.0,1,Economy
Airline 10,smooth journey friendly service worth the fare,yes,8.0,5.0,5.0,2.0,4.0,4.0,4.0,5.0,1,Economy
Airline 33,long delay weak communication would not recommend,no,3.0,2.0,2.0,3.0,2.0,,3.0,2.0,1,Economy
Airline 09,disappointing experience uncomfortable and expensive,no,5.0,4.0,3.0,4.0,5.0,3.0,3.0,4.0,0,Economy
Airline 34,poor value delay and unhelpful ground service,no,3.0,3.0,3.0,3.0,1.0,2.0,1.0,3.0,1,Economy
Airline 09,long delay weak communication would not recommend,no,3.0,3.0,3.0,1.0,2.0,2.0,3.0,1.0,1,Economy
Airline 22,good value and helpful cabin crew,yes,4.0,3.0,3.0,2.0,4.0,,,3.0,1,Economy
Airline 41,disappointing experience uncomfortable and expensive,no,7.0,5.0,4.0,,,4.0,,4.0,0,Business
Airline 12,good value and helpful cabin crew,no,7.0,4.0,3.0,4.0,3.0,1.0,,4.0,1,Economy
Airline 39,disappointing experience uncomfortable and expensive,no,10.0,4.0,5.0,5.0,4.0,,,5.0,0,Economy
Airline 37,efficient ground team and comfortable flight,yes,7.0,4.0,4.0,5.0,3.0,2.0,1.0,4.0,0,Premium Economy
Airline 46,good value and helpful cabin crew,yes,10.0,4.0,4.0,4.0,5.0,,,5.0,1,Economy
Airline 09,long delay weak communication would not recommend,no,7.0,3.0,3.0,1.0,3.0,,,4.0,0,Economy
Airline 36,poor value delay and unhelpful ground service,yes,6.0,3.0,4.0,2.0,4.0,1.0,,4.0,1,Economy
Airline 47,disappointing experience uncomfortable and expensive,no,3.0,3.0,2.0,,2.0,2.0,3.0,2.0,1,Economy
Airline 39,good value and helpful cabin crew,yes,9.0,2.0,4.0,3.0,2.0,,,5.0,1,Economy
Airline 10,good value and helpful cabin crew,no,4.0,2.0,4.0,2.0,2.0,,,1.0,0,Business
Airline 42,efficient ground team and comfortable flight,no,4.0,3.0,3.0,2.0,3.0,2.0,,1.0,1,Economy
Airline 06,good value and helpful cabin crew,no,6.0,4.0,4.0,3.0,4.0,2.0,,4.0,0,Economy
Airline 30,poor value delay and unhelpful ground service,yes,10.0,3.0,3.0,4.0,,4.0,,4.0,1,Economy
Airline 25,smooth journey friendly service worth the fare,yes,10.0,2.0,5.0,5.0,5.0,,2.0,4.0,1,Economy
Airline 27,disappointing experience uncomfortable and expensive,no,5.0,4.0,2.0,4.0,2.0,4.0,5.0,1.0,0,Economy
Airline 26,poor value delay and unhelpful ground service,no,6.0,3.0,3.0,4.0,3.0,3.0,,4.0,1,Business
Airline 02,disappointing experience uncomfortable and expensive,no,6.0,4.0,3.0,2.0,,2.0,3.0,4.0,0,Business
Airline 26,disappointing experience uncomfortable and expensive,no,7.0,4.0,4.0,3.0,,3.0,,5.0,1,Economy
Airline 47,poor value delay and unhelpful ground service,yes,10.0,3.0,5.0,3.0,4.0,,2.0,5.0,1,Economy
Airline 22,good value and helpful cabin crew,yes,5.0,1.0,2.0,4.0,4.0,3.0,3.0,4.0,1,Economy
Airline 14,poor value delay and unhelpful ground service,yes,9.0,4.0,5.0,,5.0,,1.0,5.0,0,Economy
Airline 50,poor value delay and unhelpful ground service,no,5.0,4.0,4.0,,4.0,3.0,,4.0,1,Economy
Airline 05,efficient ground team and comfortable flight,yes,4.0,3.0,4.0,,3.0,2.0,,4.0,0,Economy
Airline 25,poor value delay and unhelpful ground service,no,5.0,2.0,3.0,,,,,4.0,0,Economy
Airline 26,efficient ground team and comfortable flight,yes,7.0,4.0,4.0,4.0,5.0,,,5.0,1,Economy
Airline 24,disappointing experience uncomfortable and expensive,no,9.0,4.0,5.0,,4.0,5.0,2.0,5.0,1,Economy
Airline 47,smooth journey friendly service worth the fare,yes,8.0,5.0,3.0,4.0,3.0,,,5.0,0,Economy
Airline 22,poor value delay and unhelpful ground service,no,5.0,3.0,4.0,3.0,3.0,1.0,3.0,2.0,0,Economy
Airline 49,poor value delay and unhelpful ground service,no,4.0,3.0,3.0,4.0,2.0,2.0,2.0,3.0,0,Economy
Airline 04,poor value delay and unhelpful ground service,no,6.0,4.0,3.0,2.0,4.0,4.0,,3.0,1,Business
Airline 37,good value and helpful cabin crew,yes,9.0,5.0,4.0,,5.0,3.0,,5.0,0,Business
Airline 30,smooth journey friendly service worth the fare,no,6.0,3.0,3.0,3.0,5.0,,,4.0,0,Economy
Airline 13,efficient ground team and comfortable flight,yes,5.0,1.0,2.0,,4.0,2.0,2.0,3.0,0,Economy
Airline 12,efficient ground team and comfortable flight,no,7.0,3.0,4.0,,3.0,,,4.0,0,Economy
Airline 36,good value and helpful cabin crew,yes,4.0,3.0,2.0,4.0,3.0,3.0,,3.0,0,Economy
Airline 32,poor value delay and unhelpful ground service,no,4.0,2.0,3.0,,2.0,,,4.0,1,Economy
Airline 31,good value and helpful cabin crew,no,7.0,2.0,4.0,5.0,4.0,,,3.0,0,Economy
Airline 03,efficient ground team and comfortable flight,yes,7.0,4.0,5.0,2.0,5.0,,1.0,5.0,0,Business
Airline 30,efficient ground team and comfortable flight,yes,6.0,3.0,3.0,3.0,3.0,3.0,4.0,3.0,1,Economy
Airline 50,long delay weak communication would not recommend,no,4.0,3.0,4.0,2.0,2.0,3.0,2.0,3.0,1,Economy
Airline 01,long delay weak communication would not recommend,no,4.0,1.0,4.0,,1.0,2.0,,1.0,0,Economy
Airline 24,good value and helpful cabin crew,yes,6.0,2.0,4.0,3.0,2.0,,1.0,4.0,0,Economy
Airline 25,good value and helpful cabin crew,yes,8.0,5.0,5.0,3.0,5.0,,,4.0,1,Economy
Airline 45,long delay weak communication would not recommend,yes,8.0,4.0,4.0,,4.0,4.0,4.0,4.0,0,Business
Airline 15,smooth journey friendly service worth the fare,no,5.0,3.0,3.0,4.0,4.0,4.0,,3.0,1,Economy
Airline 24,disappointing experience uncomfortable and expensive,no,5.0,2.0,5.0,4.0,,4.0,3.0,2.0,0,Economy
Airline 36,long delay weak communication would not recommend,no,5.0,3.0,4.0,,3.0,4.0,,3.0,0,Economy
Airline 04,good value and helpful cabin crew,yes,7.0,3.0,4.0,3.0,3.0,4.0,2.0,4.0,1,Economy
Airline 41,good value and helpful cabin crew,yes,7.0,3.0,3.0,3.0,5.0,,,3.0,0,Business
Airline 42,good value and helpful cabin crew,yes,5.0,2.0,5.0,1.0,4.0,,,3.0,0,Economy
Airline 36,efficient ground team and comfortable flight,yes,5.0,2.0,3.0,1.0,3.0,1.0,,3.0,1,Premium Economy
Airline 33,smooth journey friendly service worth the fare,yes,6.0,5.0,3.0,4.0,,1.0,,3.0,1,Economy
Airline 38,good value and helpful cabin crew,no,5.0,3.0,3.0,4.0,2.0,4.0,2.0,3.0,1,Business
Airline 40,poor value delay and unhelpful ground service,no,5.0,4.0,4.0,3.0,,2.0,,3.0,1,Economy
Airline 46,poor value delay and unhelpful ground service,yes,9.0,4.0,4.0,4.0,5.0,2.0,,4.0,1,Economy
Airline 22,good value and helpful cabin crew,yes,10.0,4.0,5.0,5.0,5.0,,,5.0,1,Business
Airline 23,disappointing experience uncomfortable and expensive,no,3.0,2.0,5.0,3.0,2.0,1.0,3.0,2.0,1,Economy
Airline 32,long delay weak communication would not recommend,no,1.0,3.0,3.0,1.0,2.0,4.0,3.0,1.0,1,Economy
Airline 10,disappointing experience uncomfortable and expensive,no,3.0,3.0,2.0,3.0,1.0,,2.0,4.0,0,Business
Airline 43,efficient ground team and comfortable flight,no,6.0,2.0,2.0,2.0,2.0,3.0,,3.0,0,Economy
Airline 39,efficient ground team and comfortable flight,yes,9.0,3.0,3.0,3.0,3.0,,,4.0,0,Premium Economy
Airline 32,disappointing experience uncomfortable and expensive,no,8.0,4.0,4.0,,4.0,1.0,,3.0,0,Economy
Airline 16,long delay weak communication would not recommend,no,6.0,1.0,4.0,4.0,3.0,2.0,4.0,3.0,0,Business
Airline 18,smooth journey friendly service worth the fare,yes,5.0,4.0,5.0,,4.0,2.0,4.0,4.0,1,Premium Economy
Airline 22,disappointing experience uncomfortable and expensive,no,3.0,3.0,1.0,2.0,3.0,2.0,,2.0,0,Economy
Airline 34,long delay weak communication would not recommend,no,4.0,2.0,2.0,2.0,2.0,1.0,2.0,2.0,1,Premium Economy
Airline 39,poor value delay and unhelpful ground service,no,4.0,3.0,3.0,4.0,2.0,3.0,2.0,3.0,0,Premium Economy
Airline 34,poor value delay and unhelpful ground service,no,1.0,3.0,4.0,1.0,1.0,,2.0,1.0,1,Business
Airline 47,long delay weak communication would not recommend,no,2.0,1.0,3.0,1.0,1.0,,1.0,1.0,0,Economy
Airline 49,poor value delay and unhelpful ground service,no,1.0,3.0,3.0,3.0,,2.0,,1.0,0,Economy
Airline 36,disappointing experience uncomfortable and expensive,yes,8.0,4.0,3.0,4.0,5.0,4.0,1.0,4.0,1,Business
Airline 19,disappointing experience uncomfortable and expensive,no,7.0,3.0,2.0,1.0,2.0,,,3.0,1,Economy
Airline 30,good value and helpful cabin crew,yes,7.0,3.0,4.0,,5.0,,2.0,5.0,0,Economy
Airline 22,disappointing experience uncomfortable and expensive,no,2.0,3.0,2.0,3.0,2.0,1.0,,2.0,0,Economy
Airline 32,smooth journey friendly service worth the fare,no,3.0,4.0,2.0,1.0,,1.0,,2.0,1,Premium Economy
Airline 41,poor value delay and unhelpful ground service,no,6.0,4.0,3.0,3.0,4.0,2.0,2.0,5.0,0,Economy
Airline 19,smooth journey friendly service worth the fare,no,2.0,2.0,1.0,2.0,1.0,3.0,,1.0,1,Economy
Airline 26,efficient ground team and comfortable flight,yes,7.0,4.0,3.0,2.0,5.0,2.0,,4.0,1,Business
Airline 03,poor value delay and unhelpful ground service,no,1.0,4.0,3.0,1.0,1.0,,1.0,1.0,1,Economy
Airline 37,disappointing experience uncomfortable and expensive,yes,7.0,2.0,3.0,2.0,,,5.0,5.0,0,Economy
Airline 25,disappointing experience uncomfortable and expensive,no,4.0,1.0,2.0,2.0,2.0,4.0,,2.0,1,Business
Airline 23,good value and helpful cabin crew,no,7.0,4.0,4.0,3.0,3.0,1.0,4.0,4.0,1,Economy
Airline 27,smooth journey friendly service worth the fare,yes,10.0,5.0,5.0,,5.0,3.0,,5.0,0,Economy
Airline 11,smooth journey friendly service worth the fare,no,1.0,1.0,1.0,,2.0,1.0,1.0,1.0,1,Economy
Airline 30,good value and helpful cabin crew,yes,6.0,3.0,5.0,5.0,,1.0,4.0,4.0,0,Premium Economy
Airline 38,disappointing experience uncomfortable and expensive,no,1.0,2.0,1.0,4.0,,3.0,3.0,1.0,1,Economy
Airline 18,poor value delay and unhelpful ground service,no,7.0,4.0,3.0,3.0,5.0,1.0,2.0,3.0,0,Economy
Airline 07,good value and helpful cabin crew,yes,5.0,3.0,4.0,2.0,5.0,,2.0,3.0,0,Economy
Airline 20,long delay weak communication would not recommend,no,7.0,1.0,3.0,2.0,5.0,3.0,2.0,2.0,1,Economy
Airline 10,poor value delay and unhelpful ground service,no,5.0,1.0,3.0,1.0,4.0,2.0,,2.0,1,Economy
Airline 19,smooth journey friendly service worth the fare,yes,5.0,3.0,5.0,,4.0,1.0,,4.0,0,Economy
Airline 32,poor value delay and unhelpful ground service,no,2.0,3.0,2.0,2.0,2.0,,,3.0,1,Business
Airline 06,efficient ground team and comfortable flight,yes,7.0,4.0,4.0,4.0,4.0,2.0,,4.0,0,Economy
Airline 38,poor value delay and unhelpful ground service,no,6.0,2.0,5.0,2.0,3.0,3.0,,2.0,0,Economy
Airline 12,disappointing experience uncomfortable and expensive,no,1.0,2.0,2.0,,2.0,,1.0,1.0,1,Economy
Airline 45,efficient ground team and comfortable flight,yes,9.0,3.0,5.0,4.0,5.0,,,5.0,0,Economy
Airline 37,efficient ground team and comfortable flight,yes,5.0,5.0,3.0,,3.0,3.0,,3.0,1,Economy
Airline 14,efficient ground team and comfortable flight,yes,7.0,5.0,5.0,2.0,4.0,,2.0,5.0,1,Economy
Airline 29,efficient ground team and comfortable flight,yes,7.0,4.0,5.0,3.0,4.0,,,5.0,1,Business
Airline 06,long delay weak communication would not recommend,no,4.0,4.0,2.0,2.0,2.0,,,3.0,0,Economy
Airline 05,smooth journey friendly service worth the fare,no,6.0,4.0,1.0,4.0,2.0,3.0,2.0,3.0,1,Economy
Airline 48,poor value delay and unhelpful ground service,no,6.0,3.0,4.0,4.0,3.0,,,3.0,0,Economy
Airline 41,efficient ground team and comfortable flight,yes,7.0,4.0,4.0,1.0,4.0,4.0,,5.0,1,Economy
Airline 08,smooth journey friendly service worth the fare,yes,7.0,4.0,4.0,,4.0,,,4.0,1,Economy
Airline 15,poor value delay and unhelpful ground service,yes,7.0,3.0,3.0,,3.0,2.0,,3.0,1,Economy
Airline 10,good value and helpful cabin crew,yes,6.0,2.0,4.0,1.0,4.0,3.0,,3.0,1,Economy
Airline 20,good value and helpful cabin crew,yes,5.0,5.0,2.0,,,,2.0,4.0,0,Economy
Airline 15,smooth journey friendly service worth the fare,yes,8.0,3.0,4.0,2.0,4.0,4.0,,4.0,1,Business
Airline 17,good value and helpful cabin crew,no,6.0,1.0,3.0,4.0,3.0,,1.0,2.0,1,Economy
Airline 27,disappointing experience uncomfortable and expensive,no,6.0,4.0,2.0,2.0,2.0,3.0,,2.0,1,Premium Economy
Airline 10,efficient ground team and comfortable flight,yes,6.0,2.0,4.0,1.0,3.0,3.0,,3.0,1,Economy
Airline 45,long delay weak communication would not recommend,no,5.0,3.0,1.0,5.0,3.0,1.0,2.0,1.0,1,Economy
Airline 37,disappointing experience uncomfortable and expensive,no,3.0,4.0,3.0,1.0,3.0,,1.0,1.0,1,Economy
Airline 39,efficient ground team and comfortable flight,no,4.0,1.0,3.0,2.0,1.0,,,3.0,0,Economy
Airline 09,disappointing experience uncomfortable and expensive,no,9.0,4.0,4.0,3.0,3.0,4.0,3.0,5.0,0,Economy
Airline 36,disappointing experience uncomfortable and expensive,no,5.0,4.0,3.0,2.0,2.0,,2.0,2.0,1,Economy
Airline 42,long delay weak communication would not recommend,yes,6.0,4.0,4.0,4.0,5.0,,2.0,4.0,1,Business
Airline 09,disappointing experience uncomfortable and expensive,no,3.0,1.0,1.0,2.0,1.0,2.0,,1.0,1,Economy
Airline 38,long delay weak communication would not recommend,no,6.0,5.0,4.0,4.0,,4.0,4.0,3.0,1,Economy
Airline 18,long delay weak communication would not recommend,no,7.0,3.0,4.0,3.0,2.0,5.0,,3.0,0,Economy
Airline 40,poor value delay and unhelpful ground service,yes,2.0,3.0,2.0,1.0,2.0,1.0,1.0,2.0,0,Business
Airline 24,good value and helpful cabin crew,no,6.0,5.0,4.0,3.0,3.0,2.0,,2.0,1,Economy
Airline 41,disappointing experience uncomfortable and expensive,no,4.0,4.0,1.0,3.0,3.0,3.0,1.0,2.0,1,Economy
Airline 08,smooth journey friendly service worth the fare,no,1.0,3.0,1.0,1.0,2.0,,,1.0,1,Economy
Airline 20,good value and helpful cabin crew,yes,7.0,3.0,4.0,5.0,3.0,4.0,,3.0,1,Business
Airline 14,good value and helpful cabin crew,yes,8.0,4.0,3.0,4.0,4.0,3.0,,4.0,1,Business
Airline 13,long delay weak communication would not recommend,no,5.0,3.0,2.0,4.0,3.0,,1.0,2.0,0,Premium Economy
Airline 16,long delay weak communication would not recommend,no,2.0,2.0,2.0,3.0,,2.0,,2.0,0,Economy
Airline 20,long delay weak communication would not recommend,no,1.0,2.0,2.0,2.0,2.0,3.0,1.0,2.0,1,Economy
Airline 07,long delay weak communication would not recommend,no,5.0,3.0,3.0,,3.0,2.0,,3.0,0,Economy
Airline 36,smooth journey friendly service worth the fare,yes,10.0,5.0,3.0,4.0,5.0,5.0,,5.0,1,Business
Airline 28,poor value delay and unhelpful ground service,no,7.0,3.0,2.0,2.0,2.0,,,3.0,0,Economy
Airline 42,good value and helpful cabin crew,no,1.0,1.0,3.0,,2.0,1.0,2.0,1.0,1,Economy
Airline 36,poor value delay and unhelpful ground service,yes,5.0,2.0,3.0,3.0,4.0,1.0,2.0,3.0,0,Premium Economy
Airline 08,long delay weak communication would not recommend,no,4.0,3.0,4.0,,4.0,3.0,2.0,3.0,1,Economy
Airline 04,good value and helpful cabin crew,no,7.0,2.0,4.0,3.0,3.0,,2.0,3.0,1,Business
Airline 22,smooth journey friendly service worth the fare,yes,8.0,3.0,4.0,3.0,3.0,,,3.0,0,Economy
Airline 25,long delay weak communication would not recommend,no,1.0,1.0,1.0,1.0,1.0,,,1.0,1,Economy
Airline 13,good value and helpful cabin crew,yes,7.0,3.0,4.0,3.0,4.0,2.0,,3.0,0,Economy
Airline 40,poor value delay and unhelpful ground service,no,4.0,3.0,2.0,4.0,2.0,,,1.0,0,Economy
Airline 30,poor value delay and unhelpful ground service,no,2.0,1.0,2.0,2.0,2.0,3.0,,2.0,1,Economy
Airline 38,smooth journey friendly service worth the fare,yes,4.0,1.0,2.0,2.0,2.0,,,2.0,1,Business
Airline 06,poor value delay and unhelpful ground service,no,6.0,2.0,4.0,,4.0,4.0,2.0,4.0,1,Economy
Airline 41,efficient ground team and comfortable flight,no,3.0,2.0,3.0,2.0,1.0,,,1.0,0,Economy
Airline 11,efficient ground team and comfortable flight,no,8.0,3.0,5.0,,4.0,3.0,3.0,4.0,1,Economy
Airline 23,smooth journey friendly service worth the fare,yes,7.0,2.0,3.0,3.0,5.0,3.0,2.0,4.0,1,Economy
Airline 22,poor value delay and unhelpful ground service,no,7.0,5.0,3.0,,2.0,1.0,3.0,1.0,1,Economy
Airline 42,long delay weak communication would not recommend,no,4.0,3.0,2.0,2.0,2.0,2.0,4.0,1.0,0,Economy
Airline 14,poor value delay and unhelpful ground service,no,3.0,2.0,2.0,1.0,1.0,1.0,2.0,2.0,1,Business
Airline 13,disappointing experience uncomfortable and expensive,no,6.0,4.0,4.0,4.0,4.0,5.0,,4.0,0,Business
Airline 17,disappointing experience uncomfortable and expensive,no,4.0,2.0,1.0,,2.0,,2.0,1.0,1,Premium Economy
Airline 19,good value and helpful cabin crew,yes,8.0,3.0,3.0,4.0,4.0,4.0,2.0,4.0,1,Economy
Airline 10,disappointing experience uncomfortable and expensive,no,5.0,4.0,3.0,,3.0,2.0,3.0,2.0,0,Economy
Airline 09,disappointing experience uncomfortable and expensive,yes,5.0,4.0,1.0,3.0,4.0,,1.0,3.0,1,Business
Airline 12,poor value delay and unhelpful ground service,no,4.0,1.0,2.0,2.0,2.0,1.0,2.0,1.0,1,Economy
Airline 24,efficient ground team and comfortable flight,yes,6.0,3.0,2.0,3.0,4.0,2.0,,3.0,0,Economy
Airline 18,long delay weak communication would not recommend,yes,6.0,4.0,4.0,3.0,4.0,2.0,,4.0,0,Economy
Airline 20,long delay weak communication would not recommend,no,3.0,2.0,3.0,2.0,1.0,4.0,1.0,2.0,0,Economy
Airline 36,efficient ground team and comfortable flight,yes,8.0,5.0,4.0,5.0,3.0,,,4.0,0,Economy
Airline 13,good value and helpful cabin crew,no,6.0,5.0,3.0,3.0,2.0,4.0,1.0,3.0,1,Economy
Airline 46,poor value delay and unhelpful ground service,no,4.0,2.0,2.0,,2.0,4.0,2.0,4.0,1,Economy
Airline 38,smooth journey friendly service worth the fare,yes,5.0,3.0,3.0,,5.0,,,3.0,1,Economy
Airline 09,disappointing experience uncomfortable and expensive,no,2.0,1.0,2.0,2.0,1.0,1.0,1.0,1.0,1,Economy
Airline 16,long delay weak communication would not recommend,yes,5.0,3.0,2.0,2.0,5.0,5.0,,4.0,1,Economy
Airline 10,long delay weak communication would not recommend,no,7.0,3.0,5.0,5.0,3.0,,,5.0,0,Business
Airline 14,poor value delay and unhelpful ground service,yes,6.0,4.0,4.0,2.0,3.0,4.0,,5.0,0,Premium Economy
Airline 19,good value and helpful cabin crew,yes,5.0,5.0,4.0,2.0,4.0,2.0,,4.0,0,Economy
Airline 07,long delay weak communication would not recommend,no,5.0,4.0,2.0,1.0,2.0,,2.0,1.0,1,Economy
Airline 01,disappointing experience uncomfortable and expensive,no,6.0,3.0,2.0,,3.0,,2.0,3.0,0,Business
Airline 22,long delay weak communication would not recommend,no,5.0,1.0,1.0,2.0,3.0,3.0,,3.0,0,Economy
Airline 36,disappointing experience uncomfortable and expensive,no,9.0,2.0,4.0,4.0,3.0,,4.0,4.0,0,Economy
Airline 16,poor value delay and unhelpful ground service,no,3.0,3.0,2.0,1.0,2.0,1.0,,1.0,0,Economy
Airline 44,good value and helpful cabin crew,yes,7.0,5.0,4.0,4.0,4.0,,1.0,4.0,1,Economy
Airline 19,disappointing experience uncomfortable and expensive,yes,8.0,5.0,5.0,4.0,5.0,5.0,4.0,5.0,1,Economy
Airline 46,poor value delay and unhelpful ground service,no,5.0,3.0,4.0,,4.0,,2.0,3.0,1,Economy
Airline 12,efficient ground team and comfortable flight,yes,1.0,3.0,2.0,2.0,2.0,2.0,1.0,2.0,1,Economy
Airline 27,disappointing experience uncomfortable and expensive,no,1.0,3.0,2.0,2.0,1.0,2.0,1.0,2.0,1,Business
Airline 39,long delay weak communication would not recommend,no,8.0,4.0,4.0,2.0,3.0,2.0,,3.0,0,Business
Airline 03,good value and helpful cabin crew,yes,3.0,1.0,3.0,2.0,4.0,2.0,,3.0,0,Economy
Airline 47,good value and helpful cabin crew,no,5.0,4.0,4.0,4.0,4.0,3.0,,4.0,0,Business
Airline 19,long delay weak communication would not recommend,no,2.0,4.0,5.0,2.0,1.0,3.0,,3.0,0,Premium Economy
Airline 25,good value and helpful cabin crew,yes,8.0,4.0,5.0,4.0,2.0,2.0,3.0,5.0,1,Economy
Airline 32,long delay weak communication would not recommend,no,7.0,4.0,2.0,,2.0,2.0,,3.0,0,Economy
Airline 33,disappointing experience uncomfortable and expensive,no,4.0,3.0,2.0,,3.0,,1.0,1.0,1,Business
Airline 02,long delay weak communication would not recommend,no,6.0,3.0,3.0,2.0,3.0,2.0,,3.0,0,Economy
Airline 44,disappointing experience uncomfortable and expensive,no,2.0,4.0,3.0,2.0,2.0,,2.0,4.0,1,Premium Economy
Airline 32,efficient ground team and comfortable flight,yes,10.0,4.0,5.0,4.0,5.0,,,5.0,1,Economy
Airline 50,poor value delay and unhelpful ground service,no,4.0,2.0,3.0,3.0,4.0,3.0,,1.0,1,Economy
Airline 24,efficient ground team and comfortable flight,no,8.0,3.0,2.0,3.0,4.0,3.0,3.0,4.0,0,Economy
Airline 31,poor value delay and unhelpful ground service,no,4.0,3.0,2.0,5.0,3.0,2.0,1.0,3.0,1,Premium Economy
Airline 23,poor value delay and unhelpful ground service,no,1.0,1.0,4.0,3.0,3.0,,,2.0,1,Economy
Airline 45,smooth journey friendly service worth the fare,no,4.0,4.0,3.0,3.0,1.0,,1.0,2.0,1,Economy
Airline 42,disappointing experience uncomfortable and expensive,yes,8.0,4.0,3.0,3.0,4.0,3.0,2.0,4.0,0,Economy
Airline 46,long delay weak communication would not recommend,no,2.0,3.0,3.0,4.0,,,,3.0,0,Economy
Airline 26,disappointing experience uncomfortable and expensive,no,4.0,1.0,2.0,2.0,3.0,2.0,,1.0,1,Economy
Airline 40,long delay weak communication would not recommend,no,4.0,4.0,3.0,2.0,2.0,2.0,1.0,4.0,0,Economy
Airline 18,disappointing experience uncomfortable and expensive,no,7.0,5.0,2.0,4.0,3.0,3.0,,4.0,0,Economy
Airline 24,good value and helpful cabin crew,yes,7.0,4.0,4.0,,5.0,,,4.0,1,Business
Airline 39,disappointing experience uncomfortable and expensive,no,7.0,3.0,3.0,3.0,4.0,2.0,4.0,4.0,1,Business
Airline 05,efficient ground team and comfortable flight,yes,8.0,4.0,5.0,4.0,5.0,3.0,,3.0,1,Economy
Airline 36,disappointing experience uncomfortable and expensive,no,7.0,5.0,4.0,3.0,4.0,4.0,,3.0,1,Economy
Airline 01,disappointing experience uncomfortable and expensive,no,3.0,3.0,3.0,2.0,2.0,1.0,3.0,1.0,1,Economy
Airline 30,poor value delay and unhelpful ground service,no,5.0,3.0,2.0,2.0,3.0,,,3.0,1,Economy
Airline 24,disappointing experience uncomfortable and expensive,no,2.0,4.0,3.0,3.0,2.0,3.0,,1.0,0,Economy
Airline 24,good value and helpful cabin crew,no,2.0,3.0,1.0,2.0,2.0,3.0,3.0,1.0,1,Economy
Airline 25,smooth journey friendly service worth the fare,yes,8.0,3.0,3.0,,4.0,,2.0,3.0,0,Economy
Airline 25,good value and helpful cabin crew,yes,7.0,4.0,4.0,3.0,3.0,3.0,1.0,4.0,0,Economy
Airline 21,poor value delay and unhelpful ground service,no,5.0,3.0,3.0,3.0,3.0,5.0,2.0,4.0,0,Economy
Airline 23,disappointing experience uncomfortable and expensive,no,1.0,1.0,1.0,3.0,1.0,2.0,,2.0,1,Premium Economy
Airline 29,efficient ground team and comfortable flight,yes,10.0,4.0,5.0,4.0,5.0,4.0,,5.0,1,Economy
Airline 39,disappointing experience uncomfortable and expensive,no,2.0,3.0,3.0,4.0,3.0,1.0,,2.0,0,Business
Airline 28,good value and helpful cabin crew,yes,10.0,5.0,5.0,4.0,5.0,4.0,,5.0,0,Economy
Airline 33,disappointing experience uncomfortable and expensive,no,1.0,2.0,2.0,2.0,2.0,3.0,,3.0,0,Economy
Airline 42,disappointing experience uncomfortable and expensive,no,2.0,4.0,1.0,2.0,,2.0,,2.0,1,Business
Airline 50,disappointing experience uncomfortable and expensive,no,1.0,2.0,1.0,4.0,1.0,1.0,,1.0,0,Business
Airline 06,poor value delay and unhelpful ground service,no,7.0,4.0,3.0,3.0,4.0,3.0,2.0,3.0,1,Premium Economy
Airline 36,long delay weak communication would not recommend,no,2.0,3.0,3.0,,2.0,2.0,,1.0,0,Economy
Airline 12,disappointing experience uncomfortable and expensive,no,5.0,2.0,3.0,2.0,3.0,4.0,,1.0,0,Economy
Airline 10,long delay weak communication would not recommend,no,3.0,4.0,1.0,2.0,1.0,2.0,,1.0,0,Economy
Airline 40,efficient ground team and comfortable flight,yes,7.0,3.0,3.0,4.0,5.0,2.0,,4.0,0,Economy
Airline 04,good value and helpful cabin crew,yes,7.0,3.0,3.0,4.0,5.0,2.0,,4.0,0,Economy
Airline 43,smooth journey friendly service worth the fare,yes,10.0,3.0,5.0,4.0,5.0,3.0,4.0,4.0,1,Business
Airline 39,disappointing experience uncomfortable and expensive,no,6.0,4.0,3.0,3.0,3.0,5.0,,1.0,0,Economy
Airline 50,poor value delay and unhelpful ground service,no,6.0,4.0,4.0,3.0,3.0,1.0,,3.0,1,Economy
Airline 34,disappointing experience uncomfortable and expensive,no,1.0,3.0,3.0,2.0,2.0,1.0,,2.0,0,Premium Economy
Airline 44,good value and helpful cabin crew,yes,3.0,2.0,3.0,3.0,3.0,3.0,3.0,2.0,0,Economy
Airline 06,disappointing experience uncomfortable and expensive,no,3.0,3.0,2.0,3.0,,,,2.0,0,Economy
Airline 45,smooth journey friendly service worth the fare,yes,6.0,3.0,3.0,4.0,4.0,4.0,,4.0,1,Economy
Airline 09,smooth journey friendly service worth the fare,yes,8.0,3.0,5.0,2.0,4.0,,,5.0,0,Economy
Airline 16,good value and helpful cabin crew,yes,8.0,3.0,4.0,5.0,,3.0,,4.0,1,Economy
Airline 07,efficient ground team and comfortable flight,no,5.0,3.0,1.0,,3.0,1.0,,2.0,1,Economy
Airline 21,disappointing experience uncomfortable and expensive,yes,5.0,3.0,5.0,3.0,3.0,3.0,,5.0,1,Economy
Airline 38,efficient ground team and comfortable flight,no,5.0,3.0,3.0,,4.0,,,2.0,0,Economy
Airline 14,efficient ground team and comfortable flight,yes,5.0,1.0,4.0,3.0,,3.0,,3.0,1,Economy
Airline 42,disappointing experience uncomfortable and expensive,no,1.0,4.0,3.0,1.0,2.0,2.0,,2.0,0,Economy
Airline 31,efficient ground team and comfortable flight,yes,5.0,2.0,3.0,3.0,,,,1.0,1,Economy
Airline 32,smooth journey friendly service worth the fare,yes,10.0,5.0,5.0,4.0,4.0,3.0,,5.0,1,Premium Economy
Airline 47,long delay weak communication would not recommend,no,7.0,3.0,2.0,,,2.0,,3.0,1,Economy
Airline 22,smooth journey friendly service worth the fare,no,6.0,3.0,4.0,1.0,,2.0,,4.0,0,Economy
Airline 18,efficient ground team and comfortable flight,no,5.0,2.0,2.0,,4.0,,1.0,2.0,1,Business
Airline 50,smooth journey friendly service worth the fare,yes,10.0,4.0,5.0,3.0,,,,5.0,0,Economy
Airline 28,good value and helpful cabin crew,yes,10.0,3.0,4.0,4.0,4.0,,2.0,5.0,0,Premium Economy
Airline 31,efficient ground team and comfortable flight,yes,4.0,3.0,2.0,2.0,3.0,4.0,,4.0,1,Economy
Airline 15,disappointing experience uncomfortable and expensive,no,6.0,4.0,2.0,4.0,,1.0,1.0,4.0,0,Economy
Airline 11,disappointing experience uncomfortable and expensive,no,6.0,3.0,3.0,2.0,3.0,3.0,1.0,2.0,1,Economy
Airline 09,efficient ground team and comfortable flight,no,8.0,2.0,3.0,2.0,3.0,3.0,1.0,3.0,1,Premium Economy
Airline 12,long delay weak communication would not recommend,no,5.0,3.0,4.0,3.0,3.0,,,2.0,0,Economy
Airline 10,long delay weak communication would not recommend,no,7.0,3.0,3.0,2.0,3.0,2.0,3.0,4.0,1,Premium Economy
Airline 38,long delay weak communication would not recommend,no,9.0,4.0,5.0,3.0,4.0,,,4.0,1,Economy
Airline 03,poor value delay and unhelpful ground service,no,2.0,2.0,3.0,3.0,4.0,2.0,,1.0,1,Economy
Airline 32,poor value delay and unhelpful ground service,no,4.0,3.0,3.0,4.0,2.0,,2.0,2.0,1,Economy
Airline 48,smooth journey friendly service worth the fare,no,4.0,2.0,3.0,2.0,3.0,,,3.0,1,Economy
Airline 39,poor value delay and unhelpful ground service,no,5.0,2.0,3.0,2.0,,3.0,2.0,3.0,1,Economy
Airline 21,good value and helpful cabin crew,yes,9.0,5.0,5.0,,5.0,3.0,,5.0,0,Economy
Airline 03,disappointing experience uncomfortable and expensive,no,6.0,4.0,4.0,1.0,4.0,3.0,,4.0,1,Economy
Airline 42,poor value delay and unhelpful ground service,yes,8.0,5.0,3.0,,5.0,,,4.0,1,Business
Airline 01,long delay weak communication would not recommend,no,3.0,4.0,2.0,2.0,,3.0,2.0,3.0,0,Economy
Airline 35,long delay weak communication would not recommend,no,4.0,2.0,4.0,,3.0,3.0,2.0,2.0,0,Business
Airline 34,disappointing experience uncomfortable and expensive,no,3.0,2.0,1.0,2.0,3.0,3.0,3.0,1.0,0,Economy
Airline 10,good value and helpful cabin crew,yes,7.0,3.0,4.0,3.0,3.0,,3.0,5.0,0,Premium Economy
Airline 37,smooth journey friendly service worth the fare,yes,7.0,2.0,3.0,2.0,3.0,,,4.0,1,Economy
Airline 09,efficient ground team and comfortable flight,yes,7.0,3.0,4.0,5.0,5.0,,,4.0,0,Premium Economy
Airline 12,long delay weak communication would not recommend,no,6.0,3.0,2.0,1.0,3.0,,,3.0,1,Economy
Airline 41,disappointing experience uncomfortable and expensive,no,4.0,3.0,3.0,2.0,4.0,,4.0,3.0,1,Economy
Airline 49,disappointing experience uncomfortable and expensive,no,7.0,3.0,4.0,2.0,,,,3.0,0,Economy
Airline 14,good value and helpful cabin crew,yes,9.0,4.0,5.0,2.0,4.0,3.0,,4.0,1,Economy
Airline 47,long delay weak communication would not recommend,no,1.0,4.0,2.0,3.0,1.0,3.0,1.0,1.0,0,Economy
Airline 46,efficient ground team and comfortable flight,yes,7.0,2.0,5.0,2.0,4.0,,,4.0,1,Economy
Airline 39,disappointing experience uncomfortable and expensive,no,5.0,4.0,2.0,4.0,2.0,3.0,4.0,2.0,0,Economy
Airline 08,poor value delay and unhelpful ground service,no,4.0,2.0,3.0,,1.0,3.0,2.0,2.0,1,Premium Economy
Airline 15,good value and helpful cabin crew,no,1.0,1.0,2.0,1.0,1.0,3.0,,1.0,0,Economy
Airline 34,poor value delay and unhelpful ground service,no,4.0,1.0,3.0,1.0,1.0,,,3.0,0,Economy
Airline 50,smooth journey friendly service worth the fare,no,8.0,5.0,5.0,,3.0,4.0,1.0,3.0,0,Economy
Airline 41,long delay weak communication would not recommend,yes,8.0,3.0,5.0,3.0,5.0,3.0,,5.0,1,Business
Airline 22,long delay weak communication would not recommend,no,6.0,4.0,4.0,3.0,4.0,,3.0,3.0,1,Economy
Airline 12,disappointing experience uncomfortable and expensive,no,10.0,5.0,4.0,3.0,4.0,,3.0,4.0,1,Economy
Airline 49,good value and helpful cabin crew,yes,3.0,2.0,3.0,4.0,3.0,,,3.0,1,Economy
Airline 14,poor value delay and unhelpful ground service,yes,7.0,5.0,5.0,3.0,3.0,4.0,4.0,3.0,0,Economy
Airline 18,disappointing experience uncomfortable and expensive,yes,4.0,3.0,3.0,,3.0,1.0,3.0,3.0,0,Economy
Airline 49,long delay weak communication would not recommend,no,4.0,1.0,2.0,4.0,2.0,3.0,,2.0,0,Economy
Airline 29,disappointing experience uncomfortable and expensive,no,3.0,2.0,3.0,3.0,2.0,3.0,2.0,1.0,1,Economy
Airline 14,disappointing experience uncomfortable and expensive,no,1.0,2.0,1.0,3.0,1.0,3.0,1.0,1.0,0,Business
Airline 01,good value and helpful cabin crew,yes,9.0,4.0,5.0,5.0,5.0,2.0,1.0,4.0,0,Economy
Airline 22,good value and helpful cabin crew,no,7.0,1.0,2.0,2.0,2.0,3.0,,2.0,1,Economy
Airline 50,smooth journey friendly service worth the fare,no,4.0,3.0,2.0,,2.0,2.0,,2.0,0,Business
Airline 22,disappointing experience uncomfortable and expensive,no,2.0,3.0,2.0,3.0,3.0,2.0,1.0,2.0,1,Business
Airline 35,poor value delay and unhelpful ground service,no,4.0,4.0,4.0,1.0,2.0,,,2.0,1,Economy
Airline 13,long delay weak communication would not recommend,yes,10.0,4.0,5.0,4.0,,3.0,,4.0,0,Economy
Airline 39,good value and helpful cabin crew,yes,9.0,5.0,5.0,4.0,4.0,,,5.0,1,Economy
Airline 39,long delay weak communication would not recommend,no,4.0,3.0,4.0,2.0,2.0,1.0,2.0,1.0,1,Economy
Airline 31,good value and helpful cabin crew,no,3.0,4.0,3.0,2.0,2.0,4.0,,2.0,0,Premium Economy
Airline 39,long delay weak communication would not recommend,no,4.0,3.0,4.0,3.0,2.0,1.0,,1.0,0,Economy
Airline 29,good value and helpful cabin crew,yes,8.0,4.0,3.0,,,4.0,,5.0,0,Premium Economy
Airline 19,good value and helpful cabin crew,no,7.0,3.0,4.0,2.0,3.0,1.0,3.0,2.0,1,Premium Economy
Airline 37,good value and helpful cabin crew,no,5.0,3.0,2.0,,2.0,2.0,1.0,2.0,0,Economy
Airline 42,poor value delay and unhelpful ground service,no,6.0,2.0,3.0,4.0,2.0,,4.0,3.0,1,Economy
Airline 43,poor value delay and unhelpful ground service,no,6.0,4.0,3.0,1.0,3.0,3.0,,2.0,1,Economy
Airline 11,efficient ground team and comfortable flight,yes,8.0,3.0,5.0,5.0,5.0,3.0,2.0,4.0,1,Business
Airline 34,smooth journey friendly service worth the fare,yes,6.0,3.0,3.0,5.0,4.0,,,3.0,0,Economy
Airline 01,poor value delay and unhelpful ground service,no,6.0,3.0,3.0,3.0,3.0,,,4.0,0,Premium Economy
Airline 29,disappointing experience uncomfortable and expensive,no,2.0,2.0,2.0,2.0,1.0,3.0,1.0,1.0,1,Economy
Airline 29,good value and helpful cabin crew,yes,6.0,4.0,3.0,,2.0,4.0,,2.0,1,Economy
Airline 19,good value and helpful cabin crew,yes,10.0,5.0,4.0,5.0,5.0,2.0,,5.0,0,Economy
Airline 50,good value and helpful cabin crew,yes,8.0,4.0,4.0,4.0,5.0,3.0,1.0,5.0,1,Economy
Airline 45,long delay weak communication would not recommend,no,3.0,1.0,2.0,4.0,1.0,1.0,1.0,1.0,0,Economy
Airline 02,efficient ground team and comfortable flight,no,3.0,3.0,3.0,1.0,2.0,1.0,,3.0,0,Economy
Airline 11,smooth journey friendly service worth the fare,no,2.0,2.0,3.0,,,,2.0,1.0,0,Economy
Airline 11,long delay weak communication would not recommend,no,9.0,4.0,5.0,2.0,3.0,4.0,1.0,4.0,1,Premium Economy
Airline 45,good value and helpful cabin crew,no,5.0,2.0,3.0,2.0,2.0,,2.0,3.0,1,Economy
Airline 26,long delay weak communication would not recommend,no,4.0,2.0,2.0,5.0,3.0,2.0,1.0,2.0,1,Economy
Airline 37,long delay weak communication would not recommend,no,6.0,4.0,4.0,3.0,,3.0,1.0,2.0,0,Economy
Airline 41,disappointing experience uncomfortable and expensive,no,1.0,2.0,1.0,,1.0,,3.0,1.0,1,Economy
Airline 39,long delay weak communication would not recommend,no,5.0,1.0,2.0,,2.0,1.0,,2.0,0,Economy
Airline 05,efficient ground team and comfortable flight,no,3.0,3.0,2.0,,3.0,,1.0,2.0,0,Economy
Airline 08,smooth journey friendly service worth the fare,yes,9.0,1.0,4.0,3.0,4.0,3.0,3.0,3.0,0,Economy
Airline 20,long delay weak communication would not recommend,no,1.0,2.0,2.0,1.0,,,,1.0,1,Premium Economy
Airline 17,long delay weak communication would not recommend,no,6.0,4.0,1.0,2.0,,2.0,,2.0,1,Economy
Airline 38,good value and helpful cabin crew,yes,7.0,3.0,3.0,,3.0,,1.0,5.0,1,Economy
Airline 08,poor value delay and unhelpful ground service,no,3.0,1.0,1.0,2.0,1.0,,,2.0,0,Economy
Airline 19,good value and helpful cabin crew,yes,5.0,3.0,4.0,3.0,3.0,,,3.0,0,Premium Economy
Airline 12,disappointing experience uncomfortable and expensive,no,4.0,4.0,2.0,2.0,4.0,3.0,2.0,2.0,1,Economy
Airline 10,good value and helpful cabin crew,yes,10.0,5.0,5.0,4.0,5.0,2.0,,5.0,0,Premium Economy
Airline 09,long delay weak communication would not recommend,no,2.0,3.0,4.0,,1.0,,2.0,2.0,0,Business
Airline 10,smooth journey friendly service worth the fare,yes,4.0,2.0,3.0,4.0,,1.0,,4.0,1,Economy
Airline 29,disappointing experience uncomfortable and expensive,no,8.0,3.0,4.0,2.0,2.0,,,4.0,0,Economy
Airline 21,long delay weak communication would not recommend,no,2.0,4.0,2.0,1.0,2.0,2.0,,1.0,0,Economy
Airline 22,poor value delay and unhelpful ground service,no,4.0,3.0,4.0,3.0,3.0,4.0,3.0,3.0,1,Premium Economy
Airline 24,disappointing experience uncomfortable and expensive,no,6.0,3.0,3.0,3.0,2.0,3.0,,4.0,1,Economy
Airline 38,smooth journey friendly service worth the fare,no,7.0,3.0,1.0,4.0,3.0,3.0,,3.0,0,Economy
Airline 44,efficient ground team and comfortable flight,yes,7.0,2.0,5.0,5.0,4.0,4.0,2.0,4.0,1,Business
Airline 27,long delay weak communication would not recommend,no,8.0,4.0,4.0,5.0,3.0,2.0,3.0,3.0,0,Economy
Airline 33,long delay weak communication would not recommend,no,6.0,3.0,3.0,,2.0,,3.0,2.0,1,Economy
Airline 37,poor value delay and unhelpful ground service,no,6.0,1.0,2.0,4.0,3.0,4.0,,2.0,1,Economy
Airline 35,long delay weak communication would not recommend,no,8.0,3.0,4.0,3.0,3.0,,,5.0,0,Economy
Airline 07,disappointing experience uncomfortable and expensive,no,4.0,2.0,2.0,5.0,2.0,4.0,4.0,2.0,0,Economy
Airline 50,poor value delay and unhelpful ground service,no,4.0,4.0,2.0,3.0,,4.0,,4.0,0,Economy
Airline 09,poor value delay and unhelpful ground service,no,6.0,2.0,3.0,3.0,2.0,,,2.0,1,Business
Airline 21,disappointing experience uncomfortable and expensive,no,5.0,3.0,3.0,4.0,3.0,3.0,1.0,3.0,1,Economy
Airline 33,disappointing experience uncomfortable and expensive,no,2.0,2.0,2.0,1.0,1.0,2.0,1.0,2.0,0,Economy
Airline 21,efficient ground team and comfortable flight,yes,9.0,4.0,5.0,2.0,5.0,,2.0,4.0,0,Economy
Airline 13,good value and helpful cabin crew,no,3.0,3.0,3.0,3.0,2.0,,,2.0,1,Economy
Airline 47,good value and helpful cabin crew,yes,8.0,4.0,4.0,4.0,4.0,,4.0,4.0,1,Economy
Airline 04,poor value delay and unhelpful ground service,no,3.0,3.0,2.0,5.0,2.0,2.0,,2.0,1,Economy
Airline 13,poor value delay and unhelpful ground service,no,4.0,3.0,2.0,2.0,2.0,,,1.0,0,Economy
Airline 50,efficient ground team and comfortable flight,yes,7.0,4.0,4.0,5.0,4.0,3.0,,4.0,1,Business
Airline 37,poor value delay and unhelpful ground service,no,7.0,3.0,4.0,,3.0,,1.0,3.0,1,Economy
Airline 05,disappointing experience uncomfortable and expensive,no,3.0,3.0,3.0,,4.0,3.0,,3.0,1,Economy
Airline 38,disappointing experience uncomfortable and expensive,no,7.0,5.0,5.0,,4.0,3.0,3.0,3.0,0,Economy
Airline 49,efficient ground team and comfortable flight,no,5.0,2.0,3.0,2.0,3.0,,,2.0,1,Economy
Airline 05,efficient ground team and comfortable flight,no,6.0,4.0,1.0,,3.0,4.0,2.0,3.0,0,Economy
Airline 21,smooth journey friendly service worth the fare,no,5.0,2.0,3.0,2.0,3.0,2.0,3.0,2.0,1,Economy
Airline 24,long delay weak communication would not recommend,no,6.0,4.0,5.0,2.0,4.0,,2.0,4.0,1,Economy
Airline 07,disappointing experience uncomfortable and expensive,no,3.0,4.0,3.0,2.0,4.0,1.0,1.0,1.0,1,Economy
Airline 11,smooth journey friendly service worth the fare,yes,10.0,4.0,4.0,,4.0,4.0,3.0,5.0,1,Economy
Airline 09,good value and helpful cabin crew,yes,5.0,2.0,3.0,1.0,,,1.0,3.0,1,Economy
Airline 10,long delay weak communication would not recommend,no,6.0,3.0,3.0,3.0,3.0,,,3.0,0,Premium Economy
Airline 21,efficient ground team and comfortable flight,yes,10.0,3.0,4.0,4.0,3.0,5.0,,3.0,0,Premium Economy
Airline 24,poor value delay and unhelpful ground service,no,5.0,3.0,2.0,4.0,3.0,,,3.0,1,Economy
Airline 12,poor value delay and unhelpful ground service,no,4.0,3.0,2.0,3.0,3.0,2.0,,1.0,0,Premium Economy
Airline 15,good value and helpful cabin crew,no,4.0,3.0,4.0,1.0,2.0,,,3.0,0,Economy
Airline 10,good value and helpful cabin crew,yes,7.0,5.0,4.0,4.0,,2.0,2.0,4.0,0,Economy
Airline 40,long delay weak communication would not recommend,no,5.0,2.0,4.0,3.0,3.0,,,2.0,1,Premium Economy
Airline 11,disappointing experience uncomfortable and expensive,no,6.0,2.0,5.0,2.0,3.0,1.0,2.0,2.0,1,Economy
Airline 46,good value and helpful cabin crew,yes,7.0,4.0,3.0,3.0,2.0,2.0,,3.0,1,Economy
Airline 27,poor value delay and unhelpful ground service,no,8.0,4.0,3.0,4.0,3.0,,2.0,5.0,1,Economy
Airline 41,long delay weak communication would not recommend,no,3.0,4.0,3.0,5.0,,4.0,,4.0,0,Economy
Airline 32,smooth journey friendly service worth the fare,yes,10.0,5.0,5.0,3.0,5.0,3.0,,4.0,1,Economy
Airline 14,smooth journey friendly service worth the fare,yes,5.0,3.0,4.0,4.0,2.0,3.0,2.0,2.0,1,Economy
Airline 31,long delay weak communication would not recommend,no,5.0,3.0,5.0,3.0,2.0,,,2.0,0,Economy
Airline 14,good value and helpful cabin crew,yes,7.0,1.0,3.0,3.0,2.0,1.0,1.0,3.0,1,Business
Airline 06,long delay weak communication would not recommend,no,2.0,1.0,3.0,3.0,1.0,3.0,3.0,2.0,0,Economy
Airline 13,efficient ground team and comfortable flight,no,4.0,3.0,2.0,1.0,1.0,,,2.0,0,Economy
Airline 14,poor value delay and unhelpful ground service,no,3.0,2.0,1.0,3.0,3.0,4.0,,3.0,0,Economy
Airline 07,efficient ground team and comfortable flight,yes,6.0,2.0,4.0,,4.0,,1.0,4.0,1,Economy
Airline 02,poor value delay and unhelpful ground service,yes,5.0,3.0,2.0,1.0,3.0,,2.0,4.0,0,Premium Economy
Airline 48,good value and helpful cabin crew,yes,4.0,3.0,3.0,4.0,2.0,3.0,,2.0,1,Business
Airline 26,long delay weak communication would not recommend,no,9.0,4.0,3.0,4.0,2.0,2.0,,4.0,1,Economy
Airline 21,disappointing experience uncomfortable and expensive,yes,7.0,5.0,4.0,4.0,4.0,3.0,,5.0,1,Economy
Airline 47,smooth journey friendly service worth the fare,yes,10.0,4.0,4.0,3.0,4.0,3.0,4.0,5.0,0,Economy
Airline 12,smooth journey friendly service worth the fare,no,3.0,4.0,3.0,2.0,2.0,3.0,1.0,2.0,0,Business
Airline 21,disappointing experience uncomfortable and expensive,no,4.0,5.0,3.0,,,3.0,,3.0,1,Economy
Airline 43,smooth journey friendly service worth the fare,yes,9.0,5.0,5.0,4.0,5.0,5.0,,5.0,0,Business
Airline 32,good value and helpful cabin crew,yes,6.0,4.0,5.0,2.0,4.0,,,3.0,1,Premium Economy
Airline 20,poor value delay and unhelpful ground service,no,5.0,2.0,2.0,2.0,2.0,,1.0,3.0,1,Economy
Airline 13,poor value delay and unhelpful ground service,no,10.0,3.0,5.0,,3.0,,,3.0,0,Economy
Airline 02,smooth journey friendly service worth the fare,yes,7.0,5.0,5.0,,5.0,2.0,,5.0,1,Business
Airline 05,long delay weak communication would not recommend,no,5.0,2.0,3.0,3.0,3.0,2.0,,3.0,0,Economy
Airline 09,disappointing experience uncomfortable and expensive,no,6.0,4.0,3.0,2.0,3.0,,4.0,3.0,1,Business
Airline 40,efficient ground team and comfortable flight,no,9.0,3.0,4.0,2.0,5.0,,,4.0,1,Economy
Airline 32,disappointing experience uncomfortable and expensive,no,4.0,3.0,2.0,5.0,2.0,1.0,3.0,1.0,0,Business
Airline 22,smooth journey friendly service worth the fare,no,6.0,2.0,3.0,5.0,3.0,,1.0,3.0,1,Economy
Airline 40,poor value delay and unhelpful ground service,no,1.0,1.0,3.0,2.0,1.0,2.0,,3.0,1,Economy
Airline 09,poor value delay and unhelpful ground service,no,3.0,2.0,3.0,,3.0,1.0,,2.0,0,Economy
Airline 11,disappointing experience uncomfortable and expensive,no,3.0,4.0,2.0,,3.0,,,3.0,1,Economy
Airline 20,good value and helpful cabin crew,no,6.0,3.0,3.0,,3.0,1.0,1.0,4.0,1,Economy
Airline 46,long delay weak communication would not recommend,no,4.0,4.0,2.0,3.0,3.0,3.0,4.0,3.0,1,Economy
Airline 31,smooth journey friendly service worth the fare,no,4.0,2.0,3.0,2.0,3.0,3.0,2.0,2.0,0,Premium Economy
Airline 43,efficient ground team and comfortable flight,no,5.0,2.0,4.0,4.0,3.0,2.0,2.0,2.0,0,Business
Airline 13,poor value delay and unhelpful ground service,no,3.0,3.0,2.0,3.0,3.0,,,2.0,0,Economy
Airline 43,poor value delay and unhelpful ground service,no,6.0,4.0,4.0,5.0,4.0,3.0,,3.0,1,Business
Airline 04,poor value delay and unhelpful ground service,no,7.0,4.0,4.0,4.0,4.0,3.0,3.0,4.0,0,Economy
Airline 12,long delay weak communication would not recommend,no,5.0,3.0,3.0,5.0,2.0,3.0,,4.0,0,Economy
Airline 27,poor value delay and unhelpful ground service,no,4.0,4.0,4.0,,,3.0,,3.0,0,Economy
Airline 03,long delay weak communication would not recommend,no,6.0,3.0,4.0,5.0,2.0,2.0,,3.0,0,Business
Airline 43,long delay weak communication would not recommend,no,1.0,1.0,1.0,1.0,1.0,1.0,1.0,2.0,0,Economy
Airline 44,disappointing experience uncomfortable and expensive,no,4.0,2.0,3.0,2.0,2.0,3.0,5.0,2.0,1,Business
Airline 28,smooth journey friendly service worth the fare,yes,10.0,5.0,5.0,,5.0,3.0,,5.0,0,Business
Airline 16,long delay weak communication would not recommend,no,6.0,3.0,3.0,3.0,2.0,,,2.0,1,Economy
Airline 05,smooth journey friendly service worth the fare,no,6.0,3.0,4.0,3.0,3.0,3.0,1.0,3.0,1,Premium Economy
Airline 31,efficient ground team and comfortable flight,yes,6.0,4.0,4.0,3.0,4.0,3.0,2.0,3.0,1,Business
Airline 27,good value and helpful cabin crew,yes,9.0,5.0,5.0,,4.0,4.0,,4.0,1,Economy
Airline 38,good value and helpful cabin crew,yes,6.0,4.0,3.0,3.0,4.0,,3.0,5.0,0,Premium Economy
Airline 31,disappointing experience uncomfortable and expensive,no,2.0,2.0,1.0,2.0,2.0,3.0,,2.0,1,Economy
Airline 07,poor value delay and unhelpful ground service,no,5.0,3.0,3.0,3.0,,4.0,1.0,3.0,0,Economy
Airline 07,good value and helpful cabin crew,yes,9.0,4.0,5.0,2.0,,4.0,,5.0,0,Economy
Airline 40,disappointing experience uncomfortable and expensive,yes,6.0,3.0,5.0,5.0,4.0,,1.0,4.0,0,Economy
Airline 08,poor value delay and unhelpful ground service,no,5.0,2.0,1.0,2.0,,3.0,,3.0,1,Business
Airline 47,long delay weak communication would not recommend,no,5.0,4.0,3.0,,3.0,,,2.0,0,Economy
Airline 06,poor value delay and unhelpful ground service,no,3.0,2.0,3.0,1.0,3.0,3.0,,2.0,0,Economy
Airline 37,efficient ground team and comfortable flight,no,6.0,5.0,4.0,4.0,3.0,,3.0,4.0,0,Business
Airline 49,long delay weak communication would not recommend,no,4.0,2.0,3.0,3.0,2.0,1.0,,1.0,1,Premium Economy
Airline 23,disappointing experience uncomfortable and expensive,no,8.0,3.0,5.0,4.0,3.0,,,3.0,1,Economy
Airline 03,long delay weak communication would not recommend,yes,4.0,4.0,3.0,2.0,2.0,3.0,,3.0,1,Premium Economy
Airline 44,poor value delay and unhelpful ground service,no,2.0,3.0,4.0,3.0,,1.0,,2.0,0,Economy
Airline 10,efficient ground team and comfortable flight,yes,9.0,4.0,5.0,4.0,3.0,,3.0,5.0,1,Economy
Airline 27,poor value delay and unhelpful ground service,no,5.0,3.0,4.0,3.0,2.0,4.0,,4.0,0,Business
Airline 50,long delay weak communication would not recommend,no,6.0,4.0,3.0,1.0,1.0,2.0,,2.0,0,Economy
Airline 38,long delay weak communication would not recommend,no,3.0,3.0,3.0,,3.0,3.0,2.0,2.0,1,Economy
Airline 03,disappointing experience uncomfortable and expensive,no,1.0,3.0,3.0,1.0,1.0,,2.0,1.0,0,Business
Airline 42,disappointing experience uncomfortable and expensive,no,3.0,2.0,2.0,2.0,2.0,2.0,,1.0,1,Economy
Airline 09,poor value delay and unhelpful ground service,yes,5.0,4.0,3.0,4.0,2.0,3.0,2.0,4.0,0,Economy
Airline 38,good value and helpful cabin crew,yes,5.0,4.0,5.0,4.0,4.0,2.0,,4.0,1,Economy
Airline 32,disappointing experience uncomfortable and expensive,no,4.0,3.0,3.0,,3.0,2.0,4.0,3.0,1,Premium Economy
Airline 15,long delay weak communication would not recommend,no,9.0,5.0,5.0,5.0,,2.0,3.0,5.0,1,Economy
Airline 22,disappointing experience uncomfortable and expensive,no,4.0,2.0,3.0,2.0,2.0,2.0,2.0,4.0,1,Premium Economy
Airline 06,disappointing experience uncomfortable and expensive,no,6.0,3.0,4.0,3.0,2.0,,,2.0,1,Economy
Airline 50,disappointing experience uncomfortable and expensive,no,3.0,3.0,2.0,1.0,2.0,1.0,,3.0,1,Economy
Airline 12,smooth journey friendly service worth the fare,yes,6.0,5.0,3.0,3.0,4.0,2.0,,4.0,1,Premium Economy
Airline 16,efficient ground team and comfortable flight,yes,9.0,5.0,5.0,5.0,4.0,,,5.0,0,Economy
Airline 26,long delay weak communication would not recommend,no,2.0,2.0,1.0,,2.0,1.0,,1.0,0,Business
Airline 34,long delay weak communication would not recommend,no,6.0,4.0,3.0,3.0,3.0,,3.0,3.0,0,Business
Airline 26,poor value delay and unhelpful ground service,yes,8.0,3.0,5.0,4.0,4.0,3.0,,4.0,1,Economy
Airline 26,disappointing experience uncomfortable and expensive,no,2.0,1.0,1.0,1.0,,,,2.0,1,Economy
Airline 30,long delay weak communication would not recommend,no,6.0,3.0,4.0,1.0,3.0,,,4.0,0,Economy
Airline 43,smooth journey friendly service worth the fare,yes,8.0,5.0,5.0,4.0,5.0,3.0,,5.0,1,Premium Economy
Airline 20,poor value delay and unhelpful ground service,no,8.0,2.0,3.0,5.0,5.0,3.0,,4.0,1,Economy
Airline 42,efficient ground team and comfortable flight,no,7.0,2.0,3.0,4.0,3.0,3.0,,3.0,0,Economy
Airline 40,disappointing experience uncomfortable and expensive,no,9.0,3.0,4.0,4.0,,5.0,2.0,4.0,0,Economy
Airline 49,efficient ground team and comfortable flight,yes,10.0,5.0,4.0,3.0,5.0,3.0,,5.0,0,Premium Economy
Airline 46,long delay weak communication would not recommend,no,5.0,2.0,3.0,4.0,2.0,2.0,3.0,3.0,1,Economy
Airline 40,poor value delay and unhelpful ground service,no,3.0,3.0,3.0,2.0,2.0,1.0,,2.0,0,Economy
Airline 13,good value and helpful cabin crew,no,1.0,2.0,2.0,4.0,2.0,,,1.0,1,Business
Airline 39,efficient ground team and comfortable flight,yes,7.0,3.0,4.0,4.0,4.0,1.0,,5.0,1,Business
Airline 37,disappointing experience uncomfortable and expensive,no,4.0,1.0,3.0,3.0,1.0,,1.0,1.0,0,Economy
Airline 15,long delay weak communication would not recommend,no,6.0,3.0,3.0,3.0,3.0,3.0,,4.0,1,Economy
Airline 34,disappointing experience uncomfortable and expensive,no,4.0,2.0,4.0,,4.0,4.0,,3.0,1,Economy
Airline 13,disappointing experience uncomfortable and expensive,no,4.0,3.0,4.0,3.0,1.0,2.0,,3.0,0,Business
Airline 27,long delay weak communication would not recommend,no,6.0,4.0,3.0,4.0,2.0,,,4.0,1,Business
Airline 40,smooth journey friendly service worth the fare,yes,10.0,5.0,5.0,3.0,5.0,4.0,,5.0,1,Economy
Airline 10,long delay weak communication would not recommend,no,7.0,4.0,3.0,3.0,3.0,,1.0,3.0,1,Premium Economy
Airline 17,efficient ground team and comfortable flight,no,6.0,3.0,2.0,,2.0,3.0,,4.0,0,Economy
Airline 40,smooth journey friendly service worth the fare,yes,8.0,3.0,4.0,3.0,4.0,,,4.0,1,Economy
Airline 23,disappointing experience uncomfortable and expensive,no,6.0,4.0,3.0,3.0,4.0,,,4.0,0,Economy
Airline 49,efficient ground team and comfortable flight,yes,7.0,4.0,5.0,5.0,4.0,,1.0,5.0,0,Business
Airline 01,smooth journey friendly service worth the fare,no,7.0,3.0,2.0,4.0,2.0,,3.0,3.0,1,Economy
Airline 37,disappointing experience uncomfortable and expensive,no,6.0,3.0,3.0,1.0,3.0,1.0,,3.0,0,Premium Economy
Airline 41,poor value delay and unhelpful ground service,no,2.0,4.0,1.0,3.0,3.0,3.0,,1.0,1,Economy
Airline 46,poor value delay and unhelpful ground service,no,1.0,1.0,2.0,2.0,1.0,1.0,4.0,2.0,0,Economy
Airline 08,efficient ground team and comfortable flight,no,1.0,2.0,1.0,3.0,1.0,3.0,,1.0,1,Economy
Airline 50,efficient ground team and comfortable flight,yes,7.0,4.0,3.0,,4.0,,3.0,4.0,1,Economy
Airline 20,disappointing experience uncomfortable and expensive,no,4.0,2.0,3.0,,2.0,1.0,,1.0,0,Economy
Airline 18,smooth journey friendly service worth the fare,yes,10.0,4.0,4.0,2.0,3.0,4.0,,4.0,0,Economy
Airline 18,smooth journey friendly service worth the fare,no,5.0,3.0,3.0,2.0,3.0,2.0,2.0,4.0,1,Premium Economy
Airline 32,long delay weak communication would not recommend,no,5.0,3.0,3.0,3.0,2.0,,3.0,2.0,0,Business
Airline 33,long delay weak communication would not recommend,no,1.0,3.0,3.0,,1.0,,,1.0,1,Premium Economy
Airline 24,good value and helpful cabin crew,yes,4.0,3.0,5.0,,2.0,4.0,2.0,4.0,1,Business
Airline 04,poor value delay and unhelpful ground service,no,4.0,5.0,3.0,2.0,3.0,,,1.0,1,Economy
Airline 50,disappointing experience uncomfortable and expensive,no,2.0,2.0,2.0,2.0,1.0,3.0,,1.0,0,Economy
Airline 12,efficient ground team and comfortable flight,yes,6.0,5.0,5.0,3.0,4.0,,3.0,5.0,0,Economy
Airline 05,good value and helpful cabin crew,yes,5.0,4.0,3.0,4.0,,3.0,,4.0,1,Economy
Airline 30,smooth journey friendly service worth the fare,yes,5.0,3.0,2.0,,3.0,3.0,,3.0,1,Economy
Airline 21,good value and helpful cabin crew,yes,7.0,5.0,4.0,4.0,4.0,4.0,,3.0,0,Economy
Airline 31,long delay weak communication would not recommend,no,4.0,2.0,4.0,,3.0,3.0,5.0,2.0,1,Economy
Airline 44,smooth journey friendly service worth the fare,yes,8.0,4.0,3.0,4.0,3.0,3.0,,3.0,0,Economy
Airline 05,good value and helpful cabin crew,no,3.0,2.0,3.0,1.0,2.0,2.0,3.0,2.0,1,Premium Economy
Airline 15,efficient ground team and comfortable flight,yes,10.0,4.0,5.0,4.0,4.0,2.0,,4.0,1,Economy
Airline 26,good value and helpful cabin crew,no,4.0,2.0,2.0,3.0,2.0,,1.0,3.0,0,Economy
Airline 40,efficient ground team and comfortable flight,yes,9.0,3.0,5.0,3.0,4.0,2.0,,4.0,0,Business
Airline 31,smooth journey friendly service worth the fare,no,4.0,1.0,2.0,3.0,3.0,1.0,1.0,3.0,1,Premium Economy
Airline 20,long delay weak communication would not recommend,yes,7.0,4.0,5.0,4.0,5.0,5.0,2.0,4.0,0,Premium Economy
Airline 31,smooth journey friendly service worth the fare,yes,7.0,3.0,4.0,4.0,4.0,,,4.0,0,Economy
Airline 49,efficient ground team and comfortable flight,yes,8.0,3.0,4.0,,3.0,4.0,4.0,5.0,0,Economy
Airline 25,disappointing experience uncomfortable and expensive,no,4.0,3.0,4.0,3.0,1.0,,,2.0,1,Premium Economy
Airline 45,disappointing experience uncomfortable and expensive,yes,9.0,4.0,4.0,4.0,3.0,,,4.0,0,Economy
Airline 39,good value and helpful cabin crew,yes,9.0,4.0,5.0,2.0,4.0,2.0,3.0,5.0,1,Economy
Airline 16,long delay weak communication would not recommend,no,6.0,5.0,1.0,2.0,2.0,1.0,,1.0,0,Economy
Airline 13,smooth journey friendly service worth the fare,no,5.0,4.0,3.0,1.0,3.0,,3.0,3.0,0,Economy
Airline 39,long delay weak communication would not recommend,no,6.0,5.0,3.0,3.0,3.0,3.0,,3.0,1,Economy
Airline 11,smooth journey friendly service worth the fare,yes,3.0,2.0,4.0,,4.0,2.0,2.0,3.0,0,Economy
Airline 17,smooth journey friendly service worth the fare,yes,10.0,4.0,5.0,5.0,,,,4.0,1,Economy
Airline 12,efficient ground team and comfortable flight,no,3.0,1.0,3.0,3.0,4.0,2.0,,2.0,0,Economy
Airline 31,poor value delay and unhelpful ground service,no,6.0,2.0,3.0,,3.0,2.0,1.0,1.0,0,Economy
Airline 15,efficient ground team and comfortable flight,yes,9.0,3.0,5.0,4.0,5.0,3.0,3.0,5.0,0,Economy
Airline 33,good value and helpful cabin crew,no,8.0,5.0,2.0,1.0,,2.0,,3.0,0,Economy
Airline 47,smooth journey friendly service worth the fare,yes,10.0,4.0,5.0,3.0,4.0,3.0,1.0,5.0,1,Premium Economy
Airline 42,efficient ground team and comfortable flight,yes,5.0,3.0,2.0,1.0,2.0,,2.0,3.0,1,Economy
Airline 48,poor value delay and unhelpful ground service,no,7.0,2.0,4.0,3.0,3.0,3.0,,3.0,0,Economy
Airline 02,poor value delay and unhelpful ground service,no,4.0,3.0,3.0,,2.0,,,2.0,0,Economy
Airline 23,efficient ground team and comfortable flight,no,7.0,2.0,3.0,3.0,,,,4.0,0,Economy
Airline 12,long delay weak communication would not recommend,no,1.0,3.0,1.0,1.0,2.0,,,2.0,1,Economy
Airline 46,poor value delay and unhelpful ground service,no,6.0,2.0,2.0,2.0,3.0,3.0,,4.0,1,Economy
Airline 36,disappointing experience uncomfortable and expensive,no,6.0,3.0,3.0,4.0,2.0,,,4.0,0,Economy
Airline 17,efficient ground team and comfortable flight,yes,6.0,1.0,4.0,1.0,2.0,,,3.0,1,Business
Airline 29,smooth journey friendly service worth the fare,no,6.0,2.0,2.0,3.0,2.0,2.0,,2.0,1,Economy
Airline 31,long delay weak communication would not recommend,no,3.0,2.0,2.0,2.0,1.0,3.0,3.0,2.0,0,Economy
Airline 25,disappointing experience uncomfortable and expensive,yes,7.0,3.0,4.0,1.0,3.0,4.0,,4.0,1,Premium Economy
Airline 24,disappointing experience uncomfortable and expensive,no,4.0,2.0,1.0,3.0,2.0,,,1.0,1,Economy
Airline 03,poor value delay and unhelpful ground service,no,8.0,4.0,3.0,4.0,4.0,4.0,3.0,3.0,1,Economy
Airline 23,smooth journey friendly service worth the fare,yes,10.0,5.0,5.0,,4.0,,3.0,5.0,1,Premium Economy
Airline 18,efficient ground team and comfortable flight,yes,8.0,4.0,5.0,3.0,3.0,3.0,,5.0,1,Economy
Airline 41,poor value delay and unhelpful ground service,no,5.0,1.0,1.0,2.0,1.0,1.0,1.0,2.0,1,Economy
Airline 44,good value and helpful cabin crew,yes,4.0,3.0,3.0,2.0,3.0,1.0,2.0,4.0,1,Economy
Airline 38,smooth journey friendly service worth the fare,yes,7.0,3.0,4.0,,4.0,2.0,,3.0,1,Economy
Airline 02,poor value delay and unhelpful ground service,no,7.0,4.0,2.0,,,,3.0,2.0,1,Economy
Airline 43,long delay weak communication would not recommend,no,4.0,2.0,2.0,4.0,3.0,2.0,3.0,2.0,1,Economy
Airline 20,poor value delay and unhelpful ground service,no,7.0,2.0,3.0,,5.0,,1.0,3.0,0,Economy
Airline 21,disappointing experience uncomfortable and expensive,no,4.0,4.0,3.0,4.0,3.0,2.0,,3.0,1,Business
Airline 48,long delay weak communication would not recommend,yes,10.0,5.0,5.0,4.0,5.0,,3.0,4.0,1,Economy
Airline 44,smooth journey friendly service worth the fare,yes,6.0,4.0,3.0,1.0,3.0,2.0,1.0,2.0,1,Economy
Airline 03,efficient ground team and comfortable flight,yes,10.0,3.0,5.0,3.0,,,,3.0,0,Economy
Airline 18,poor value delay and unhelpful ground service,no,6.0,3.0,3.0,2.0,2.0,,,1.0,0,Premium Economy
Airline 38,poor value delay and unhelpful ground service,no,3.0,1.0,3.0,4.0,1.0,3.0,,2.0,0,Business
Airline 27,disappointing experience uncomfortable and expensive,yes,8.0,3.0,4.0,5.0,3.0,,2.0,4.0,1,Economy
Airline 13,efficient ground team and comfortable flight,yes,7.0,4.0,5.0,4.0,3.0,,2.0,5.0,1,Business
Airline 27,poor value delay and unhelpful ground service,no,3.0,2.0,3.0,4.0,1.0,,,2.0,0,Business
Airline 44,poor value delay and unhelpful ground service,no,5.0,3.0,2.0,3.0,4.0,3.0,,2.0,1,Economy
Airline 12,long delay weak communication would not recommend,no,5.0,2.0,1.0,3.0,3.0,1.0,2.0,2.0,1,Economy
Airline 38,efficient ground team and comfortable flight,yes,5.0,2.0,3.0,3.0,,2.0,,3.0,1,Business
Airline 37,good value and helpful cabin crew,yes,8.0,5.0,4.0,4.0,4.0,2.0,1.0,4.0,0,Premium Economy
Airline 45,disappointing experience uncomfortable and expensive,no,5.0,3.0,3.0,4.0,4.0,1.0,,3.0,1,Economy
Airline 15,good value and helpful cabin crew,yes,5.0,3.0,2.0,,3.0,5.0,,3.0,1,Economy
Airline 11,good value and helpful cabin crew,no,4.0,1.0,4.0,1.0,2.0,1.0,,1.0,1,Economy
Airline 28,poor value delay and unhelpful ground service,no,3.0,3.0,3.0,2.0,2.0,,,2.0,1,Economy
Airline 27,smooth journey friendly service worth the fare,yes,7.0,4.0,5.0,4.0,5.0,,,5.0,0,Economy
Airline 21,poor value delay and unhelpful ground service,no,4.0,4.0,3.0,,4.0,,,3.0,0,Economy
Airline 39,poor value delay and unhelpful ground service,no,1.0,1.0,2.0,,2.0,2.0,,1.0,0,Economy
Airline 40,good value and helpful cabin crew,no,5.0,3.0,3.0,2.0,3.0,,3.0,3.0,0,Economy
Airline 13,disappointing experience uncomfortable and expensive,no,1.0,1.0,2.0,2.0,2.0,,2.0,1.0,1,Premium Economy
Airline 40,poor value delay and unhelpful ground service,no,5.0,3.0,2.0,2.0,1.0,2.0,,1.0,1,Business
Airline 12,long delay weak communication would not recommend,no,9.0,4.0,5.0,3.0,5.0,,4.0,4.0,0,Premium Economy
Airline 21,good value and helpful cabin crew,yes,3.0,3.0,3.0,5.0,,,2.0,4.0,0,Business
Airline 02,efficient ground team and comfortable flight,yes,9.0,4.0,5.0,,5.0,3.0,2.0,5.0,1,Economy
Airline 18,poor value delay and unhelpful ground service,no,3.0,2.0,4.0,3.0,4.0,3.0,1.0,3.0,0,Business
Airline 48,disappointing experience uncomfortable and expensive,no,4.0,3.0,3.0,3.0,2.0,,2.0,1.0,1,Premium Economy
Airline 23,poor value delay and unhelpful ground service,no,6.0,4.0,4.0,2.0,3.0,2.0,,4.0,0,Economy
Airline 36,poor value delay and unhelpful ground service,no,1.0,2.0,1.0,1.0,2.0,,1.0,1.0,0,Economy
Airline 06,long delay weak communication would not recommend,no,8.0,3.0,2.0,3.0,3.0,,,3.0,0,Economy
Airline 32,long delay weak communication would not recommend,no,6.0,2.0,3.0,1.0,2.0,,2.0,3.0,0,Economy
Airline 19,efficient ground team and comfortable flight,yes,8.0,5.0,4.0,5.0,5.0,3.0,,5.0,0,Economy
Airline 38,long delay weak communication would not recommend,no,9.0,4.0,3.0,3.0,3.0,,1.0,3.0,0,Economy
Airline 47,disappointing experience uncomfortable and expensive,no,2.0,2.0,2.0,2.0,1.0,,,2.0,0,Premium Economy
Airline 27,good value and helpful cabin crew,yes,8.0,4.0,4.0,5.0,5.0,4.0,,5.0,0,Economy
Airline 06,poor value delay and unhelpful ground service,no,6.0,3.0,2.0,,2.0,2.0,3.0,3.0,0,Economy
Airline 24,poor value delay and unhelpful ground service,no,2.0,2.0,2.0,,2.0,4.0,2.0,1.0,0,Economy
Airline 07,disappointing experience uncomfortable and expensive,no,7.0,3.0,4.0,2.0,3.0,3.0,2.0,3.0,1,Business
Airline 23,poor value delay and unhelpful ground service,no,5.0,4.0,2.0,3.0,3.0,3.0,2.0,3.0,0,Economy
Airline 04,disappointing experience uncomfortable and expensive,yes,9.0,5.0,4.0,5.0,5.0,4.0,4.0,4.0,1,Economy
Airline 33,good value and helpful cabin crew,yes,8.0,1.0,4.0,2.0,1.0,2.0,,4.0,1,Economy
Airline 16,good value and helpful cabin crew,yes,6.0,4.0,3.0,3.0,3.0,,3.0,3.0,1,Economy
Airline 11,smooth journey friendly service worth the fare,yes,8.0,4.0,4.0,1.0,4.0,,3.0,4.0,0,Economy
Airline 01,good value and helpful cabin crew,yes,6.0,4.0,3.0,5.0,5.0,3.0,,4.0,1,Business
Airline 45,disappointing experience uncomfortable and expensive,no,7.0,5.0,3.0,,,,1.0,3.0,1,Economy
Airline 42,poor value delay and unhelpful ground service,yes,8.0,1.0,4.0,3.0,5.0,,,5.0,0,Economy
Airline 41,smooth journey friendly service worth the fare,yes,7.0,4.0,5.0,,,4.0,,3.0,1,Economy
Airline 03,long delay weak communication would not recommend,no,5.0,4.0,4.0,2.0,3.0,,,4.0,1,Business
Airline 18,good value and helpful cabin crew,yes,9.0,3.0,3.0,2.0,4.0,2.0,,5.0,1,Economy
Airline 49,poor value delay and unhelpful ground service,no,4.0,2.0,4.0,3.0,3.0,3.0,1.0,3.0,0,Economy
Airline 29,long delay weak communication would not recommend,no,6.0,4.0,3.0,3.0,4.0,,,2.0,0,Business
Airline 07,efficient ground team and comfortable flight,yes,8.0,2.0,5.0,3.0,4.0,4.0,,4.0,1,Business
Airline 08,smooth journey friendly service worth the fare,yes,7.0,4.0,4.0,4.0,3.0,3.0,3.0,4.0,0,Business
Airline 14,poor value delay and unhelpful ground service,no,5.0,4.0,5.0,3.0,2.0,,,3.0,0,Economy
Airline 49,poor value delay and unhelpful ground service,no,5.0,3.0,2.0,2.0,,1.0,3.0,3.0,0,Economy
Airline 09,efficient ground team and comfortable flight,yes,8.0,4.0,5.0,,4.0,,2.0,4.0,0,Economy
Airline 46,efficient ground team and comfortable flight,yes,7.0,3.0,3.0,,4.0,3.0,3.0,3.0,1,Premium Economy
Airline 34,good value and helpful cabin crew,yes,6.0,4.0,4.0,3.0,4.0,2.0,3.0,3.0,1,Economy
Airline 47,long delay weak communication would not recommend,no,4.0,2.0,3.0,3.0,,2.0,4.0,3.0,1,Economy
Airline 42,disappointing experience uncomfortable and expensive,yes,7.0,3.0,4.0,2.0,2.0,,,5.0,0,Economy
Airline 17,poor value delay and unhelpful ground service,no,5.0,3.0,4.0,3.0,2.0,2.0,2.0,2.0,0,Premium Economy
Airline 42,poor value delay and unhelpful ground service,no,5.0,1.0,2.0,4.0,3.0,,,2.0,0,Economy
Airline 09,long delay weak communication would not recommend,yes,4.0,4.0,5.0,2.0,3.0,5.0,,2.0,0,Business
Airline 15,disappointing experience uncomfortable and expensive,no,6.0,1.0,4.0,3.0,2.0,3.0,2.0,4.0,0,Economy
Airline 11,disappointing experience uncomfortable and expensive,no,5.0,3.0,2.0,5.0,,,,3.0,0,Business
Airline 07,disappointing experience uncomfortable and expensive,no,8.0,4.0,4.0,4.0,4.0,3.0,,3.0,1,Business
Airline 05,smooth journey friendly service worth the fare,yes,9.0,3.0,5.0,2.0,4.0,1.0,,4.0,0,Economy
Airline 10,good value and helpful cabin crew,yes,8.0,2.0,4.0,3.0,4.0,2.0,,4.0,1,Economy
Airline 07,efficient ground team and comfortable flight,no,5.0,2.0,3.0,2.0,2.0,1.0,,3.0,1,Business
Airline 20,smooth journey friendly service worth the fare,yes,8.0,4.0,5.0,4.0,4.0,3.0,,5.0,1,Economy
Airline 04,long delay weak communication would not recommend,no,5.0,3.0,4.0,3.0,4.0,5.0,1.0,3.0,1,Economy
Airline 04,long delay weak communication would not recommend,no,4.0,1.0,2.0,2.0,3.0,,1.0,2.0,1,Economy
Airline 50,smooth journey friendly service worth the fare,no,7.0,3.0,5.0,5.0,4.0,,,3.0,0,Economy
Airline 05,efficient ground team and comfortable flight,no,8.0,3.0,5.0,3.0,4.0,3.0,,2.0,0,Economy
Airline 04,smooth journey friendly service worth the fare,yes,10.0,5.0,5.0,4.0,4.0,,5.0,5.0,0,Business
Airline 02,good value and helpful cabin crew,yes,7.0,3.0,4.0,,4.0,4.0,,5.0,0,Economy
Airline 07,efficient ground team and comfortable flight,yes,7.0,4.0,4.0,2.0,3.0,,,3.0,0,Economy
Airline 27,long delay weak communication would not recommend,no,5.0,4.0,3.0,2.0,4.0,3.0,,4.0,0,Business
Airline 42,smooth journey friendly service worth the fare,yes,7.0,4.0,3.0,3.0,4.0,,,3.0,1,Business
Airline 37,disappointing experience uncomfortable and expensive,no,4.0,3.0,1.0,1.0,1.0,3.0,,2.0,0,Economy
Airline 30,smooth journey friendly service worth the fare,no,1.0,3.0,3.0,3.0,1.0,2.0,2.0,1.0,1,Economy
Airline 05,long delay weak communication would not recommend,no,2.0,3.0,3.0,,2.0,3.0,,2.0,1,Economy
Airline 39,disappointing experience uncomfortable and expensive,no,6.0,2.0,2.0,4.0,4.0,4.0,,2.0,1,Economy
Airline 02,poor value delay and unhelpful ground service,no,1.0,1.0,2.0,2.0,1.0,,,1.0,0,Economy
Airline 32,good value and helpful cabin crew,no,3.0,3.0,3.0,3.0,1.0,,,3.0,1,Premium Economy
Airline 21,efficient ground team and comfortable flight,no,4.0,2.0,3.0,4.0,3.0,,,2.0,1,Economy
Airline 45,poor value delay and unhelpful ground service,no,6.0,3.0,3.0,,1.0,2.0,,3.0,1,Economy
Airline 16,smooth journey friendly service worth the fare,no,2.0,3.0,1.0,2.0,3.0,1.0,3.0,2.0,0,Economy
Airline 32,poor value delay and unhelpful ground service,no,4.0,4.0,3.0,3.0,3.0,2.0,,3.0,1,Economy
Airline 22,good value and helpful cabin crew,yes,10.0,3.0,5.0,4.0,5.0,2.0,,5.0,1,Economy
Airline 27,good value and helpful cabin crew,yes,9.0,3.0,4.0,4.0,3.0,,2.0,3.0,1,Economy
Airline 47,efficient ground team and comfortable flight,no,6.0,3.0,2.0,3.0,3.0,3.0,1.0,2.0,0,Economy
Airline 36,disappointing experience uncomfortable and expensive,no,5.0,3.0,4.0,4.0,3.0,3.0,2.0,4.0,1,Economy
Airline 21,disappointing experience uncomfortable and expensive,no,6.0,3.0,4.0,1.0,2.0,1.0,,2.0,0,Economy
Airline 23,disappointing experience uncomfortable and expensive,no,3.0,3.0,3.0,1.0,3.0,4.0,1.0,1.0,0,Economy
Airline 36,disappointing experience uncomfortable and expensive,no,1.0,4.0,2.0,2.0,3.0,2.0,,2.0,0,Business
Airline 18,good value and helpful cabin crew,yes,7.0,5.0,5.0,3.0,3.0,,,5.0,0,Premium Economy
Airline 09,efficient ground team and comfortable flight,yes,4.0,5.0,2.0,3.0,3.0,3.0,2.0,2.0,1,Economy
Airline 24,good value and helpful cabin crew,no,3.0,2.0,3.0,2.0,2.0,2.0,3.0,2.0,1,Premium Economy
Airline 04,poor value delay and unhelpful ground service,no,6.0,3.0,3.0,2.0,4.0,5.0,,3.0,1,Economy
Airline 09,long delay weak communication would not recommend,yes,8.0,2.0,5.0,2.0,3.0,3.0,,3.0,0,Business
Airline 22,good value and helpful cabin crew,no,1.0,1.0,2.0,1.0,1.0,,1.0,1.0,1,Economy
Airline 40,disappointing experience uncomfortable and expensive,no,4.0,4.0,4.0,2.0,2.0,2.0,,3.0,0,Economy
Airline 40,disappointing experience uncomfortable and expensive,yes,7.0,4.0,4.0,,3.0,4.0,1.0,4.0,0,Premium Economy
Airline 14,long delay weak communication would not recommend,no,7.0,4.0,3.0,3.0,4.0,2.0,,2.0,1,Economy
Airline 22,good value and helpful cabin crew,yes,10.0,4.0,4.0,4.0,4.0,3.0,1.0,5.0,1,Economy
Airline 08,smooth journey friendly service worth the fare,yes,7.0,3.0,4.0,,5.0,3.0,,5.0,1,Economy
Airline 38,efficient ground team and comfortable flight,yes,9.0,5.0,5.0,4.0,,3.0,,5.0,0,Economy
Airline 13,smooth journey friendly service worth the fare,yes,10.0,4.0,5.0,,5.0,3.0,,5.0,0,Business
Airline 40,disappointing experience uncomfortable and expensive,no,6.0,5.0,4.0,,4.0,5.0,1.0,4.0,0,Economy
Airline 43,good value and helpful cabin crew,yes,6.0,3.0,4.0,,,4.0,,3.0,1,Economy
Airline 35,smooth journey friendly service worth the fare,yes,7.0,3.0,2.0,3.0,3.0,3.0,,4.0,0,Economy
Airline 17,poor value delay and unhelpful ground service,no,4.0,2.0,2.0,3.0,2.0,2.0,,2.0,0,Economy
Airline 48,smooth journey friendly service worth the fare,no,6.0,2.0,1.0,5.0,3.0,,,2.0,0,Economy
Airline 35,long delay weak communication would not recommend,no,4.0,3.0,4.0,2.0,3.0,2.0,,2.0,0,Economy
Airline 33,smooth journey friendly service worth the fare,yes,5.0,2.0,3.0,2.0,3.0,,4.0,4.0,1,Economy
Airline 43,disappointing experience uncomfortable and expensive,no,5.0,4.0,3.0,3.0,3.0,3.0,3.0,3.0,1,Economy
Airline 45,poor value delay and unhelpful ground service,no,3.0,2.0,3.0,3.0,2.0,3.0,,3.0,1,Economy
Airline 04,smooth journey friendly service worth the fare,no,8.0,4.0,4.0,3.0,3.0,3.0,3.0,3.0,0,Business
Airline 45,disappointing experience uncomfortable and expensive,no,5.0,3.0,3.0,1.0,4.0,2.0,,2.0,1,Economy
Airline 39,poor value delay and unhelpful ground service,no,2.0,3.0,2.0,3.0,1.0,2.0,,1.0,0,Premium Economy
Airline 11,poor value delay and unhelpful ground service,no,3.0,2.0,2.0,2.0,1.0,1.0,3.0,2.0,1,Economy
Airline 16,smooth journey friendly service worth the fare,no,3.0,2.0,3.0,,1.0,3.0,2.0,2.0,0,Economy
Airline 38,poor value delay and unhelpful ground service,no,2.0,1.0,4.0,4.0,2.0,2.0,2.0,2.0,0,Economy
Airline 11,poor value delay and unhelpful ground service,no,7.0,3.0,2.0,1.0,3.0,2.0,,3.0,1,Business
Airline 23,disappointing experience uncomfortable and expensive,no,4.0,4.0,3.0,3.0,4.0,4.0,,4.0,1,Economy
Airline 35,efficient ground team and comfortable flight,no,6.0,4.0,4.0,3.0,4.0,,3.0,3.0,0,Economy
Airline 33,long delay weak communication would not recommend,yes,8.0,5.0,4.0,,3.0,,2.0,5.0,0,Economy
Airline 46,long delay weak communication would not recommend,yes,8.0,4.0,4.0,4.0,3.0,,,3.0,0,Economy
Airline 06,disappointing experience uncomfortable and expensive,no,6.0,3.0,3.0,2.0,4.0,,,4.0,0,Economy
Airline 15,good value and helpful cabin crew,yes,5.0,4.0,5.0,4.0,4.0,,1.0,3.0,0,Economy
Airline 50,good value and helpful cabin crew,yes,7.0,2.0,4.0,1.0,5.0,3.0,,4.0,1,Economy
Airline 29,smooth journey friendly service worth the fare,yes,10.0,3.0,5.0,4.0,4.0,4.0,3.0,4.0,0,Economy
Airline 13,long delay weak communication would not recommend,no,8.0,2.0,4.0,2.0,3.0,3.0,,4.0,0,Economy
Airline 15,efficient ground team and comfortable flight,yes,7.0,4.0,4.0,3.0,4.0,4.0,,5.0,0,Economy
Airline 17,poor value delay and unhelpful ground service,no,1.0,2.0,2.0,1.0,1.0,1.0,,1.0,1,Business
Airline 28,smooth journey friendly service worth the fare,yes,6.0,4.0,3.0,4.0,,2.0,1.0,4.0,0,Economy
Airline 15,poor value delay and unhelpful ground service,no,4.0,3.0,4.0,,3.0,1.0,1.0,3.0,1,Premium Economy
Airline 32,disappointing experience uncomfortable and expensive,no,7.0,3.0,3.0,2.0,2.0,,1.0,5.0,0,Economy
Airline 23,long delay weak communication would not recommend,no,8.0,5.0,3.0,4.0,5.0,3.0,,5.0,0,Economy
Airline 31,poor value delay and unhelpful ground service,no,1.0,1.0,2.0,4.0,,3.0,,2.0,1,Economy
Airline 08,efficient ground team and comfortable flight,yes,10.0,4.0,5.0,,4.0,3.0,3.0,5.0,1,Economy
Airline 32,long delay weak communication would not recommend,no,2.0,2.0,2.0,2.0,3.0,2.0,2.0,1.0,0,Economy
Airline 47,disappointing experience uncomfortable and expensive,no,3.0,2.0,3.0,2.0,1.0,2.0,3.0,2.0,0,Economy
Airline 07,efficient ground team and comfortable flight,no,5.0,3.0,3.0,,3.0,,3.0,3.0,1,Economy
Airline 17,efficient ground team and comfortable flight,yes,7.0,3.0,2.0,3.0,3.0,5.0,,3.0,1,Premium Economy
Airline 35,good value and helpful cabin crew,no,2.0,3.0,2.0,2.0,2.0,,,2.0,1,Economy
Airline 31,good value and helpful cabin crew,yes,9.0,3.0,5.0,2.0,2.0,3.0,,4.0,1,Economy
Airline 34,good value and helpful cabin crew,yes,6.0,2.0,4.0,4.0,5.0,,4.0,4.0,1,Premium Economy
Airline 28,smooth journey friendly service worth the fare,no,7.0,4.0,3.0,3.0,,3.0,2.0,2.0,1,Economy
Airline 35,long delay weak communication would not recommend,no,6.0,2.0,3.0,1.0,2.0,3.0,,4.0,1,Economy
Airline 31,disappointing experience uncomfortable and expensive,no,8.0,2.0,4.0,1.0,3.0,,2.0,3.0,1,Economy
Airline 04,long delay weak communication would not recommend,no,5.0,4.0,5.0,2.0,3.0,,,2.0,1,Business
Airline 38,smooth journey friendly service worth the fare,no,10.0,5.0,3.0,5.0,4.0,3.0,,4.0,1,Economy
Airline 23,poor value delay and unhelpful ground service,no,1.0,2.0,1.0,1.0,1.0,3.0,,1.0,0,Economy
Airline 03,disappointing experience uncomfortable and expensive,no,3.0,3.0,2.0,4.0,2.0,,,2.0,0,Economy
Airline 21,disappointing experience uncomfortable and expensive,no,5.0,3.0,4.0,,4.0,3.0,,2.0,0,Economy
Airline 22,long delay weak communication would not recommend,no,3.0,3.0,3.0,2.0,2.0,,2.0,1.0,1,Economy
Airline 05,efficient ground team and comfortable flight,yes,4.0,3.0,3.0,1.0,4.0,4.0,1.0,3.0,0,Economy
Airline 50,poor value delay and unhelpful ground service,yes,5.0,5.0,4.0,2.0,3.0,3.0,2.0,4.0,0,Economy
Airline 12,poor value delay and unhelpful ground service,no,4.0,2.0,4.0,2.0,2.0,,,3.0,1,Business
Airline 17,disappointing experience uncomfortable and expensive,no,6.0,4.0,3.0,,2.0,3.0,3.0,4.0,0,Premium Economy
Airline 23,disappointing experience uncomfortable and expensive,no,7.0,2.0,3.0,3.0,5.0,2.0,,3.0,0,Premium Economy
Airline 42,disappointing experience uncomfortable and expensive,yes,4.0,3.0,4.0,2.0,3.0,,3.0,3.0,1,Business
Airline 38,long delay weak communication would not recommend,no,7.0,1.0,4.0,3.0,2.0,1.0,1.0,3.0,1,Economy
Airline 39,poor value delay and unhelpful ground service,no,5.0,2.0,4.0,1.0,4.0,,,2.0,0,Economy
Airline 12,long delay weak communication would not recommend,no,7.0,2.0,3.0,3.0,4.0,3.0,,3.0,1,Business
Airline 43,long delay weak communication would not recommend,no,2.0,2.0,3.0,1.0,1.0,,,2.0,0,Economy
Airline 42,good value and helpful cabin crew,no,8.0,4.0,5.0,,3.0,,,4.0,0,Economy
Airline 24,disappointing experience uncomfortable and expensive,no,4.0,5.0,3.0,2.0,2.0,3.0,1.0,3.0,0,Business
Airline 28,long delay weak communication would not recommend,no,8.0,4.0,4.0,5.0,3.0,,5.0,4.0,1,Economy
Airline 02,long delay weak communication would not recommend,no,6.0,4.0,3.0,2.0,3.0,4.0,,3.0,1,Economy
Airline 39,disappointing experience uncomfortable and expensive,yes,7.0,4.0,4.0,4.0,5.0,3.0,1.0,3.0,1,Economy
Airline 49,good value and helpful cabin crew,no,4.0,3.0,2.0,3.0,1.0,,3.0,2.0,1,Economy
Airline 24,long delay weak communication would not recommend,no,4.0,3.0,3.0,3.0,3.0,,,3.0,1,Economy
Airline 28,long delay weak communication would not recommend,no,1.0,3.0,2.0,,3.0,4.0,3.0,1.0,1,Economy
Airline 25,long delay weak communication would not recommend,no,4.0,2.0,3.0,3.0,3.0,3.0,,2.0,0,Economy
Airline 05,good value and helpful cabin crew,yes,8.0,2.0,3.0,4.0,4.0,3.0,,5.0,0,Economy
Airline 31,good value and helpful cabin crew,yes,10.0,4.0,4.0,3.0,4.0,3.0,3.0,5.0,0,Economy
Airline 37,disappointing experience uncomfortable and expensive,no,1.0,1.0,2.0,2.0,3.0,,,1.0,0,Economy
Airline 47,long delay weak communication would not recommend,no,4.0,4.0,3.0,2.0,2.0,1.0,1.0,2.0,1,Premium Economy
Airline 47,efficient ground team and comfortable flight,no,4.0,2.0,2.0,,3.0,,2.0,3.0,1,Economy
Airline 25,good value and helpful cabin crew,yes,8.0,2.0,4.0,,4.0,2.0,,5.0,1,Economy
Airline 48,disappointing experience uncomfortable and expensive,no,1.0,4.0,2.0,2.0,2.0,,,1.0,1,Business
Airline 27,long delay weak communication would not recommend,no,3.0,2.0,2.0,1.0,1.0,3.0,,2.0,1,Economy
Airline 33,long delay weak communication would not recommend,no,6.0,3.0,2.0,,3.0,,,4.0,1,Business
Airline 31,long delay weak communication would not recommend,no,2.0,3.0,2.0,3.0,1.0,1.0,,1.0,1,Economy
Airline 50,poor value delay and unhelpful ground service,no,6.0,3.0,3.0,,3.0,2.0,3.0,3.0,1,Business
Airline 37,poor value delay and unhelpful ground service,no,4.0,4.0,4.0,4.0,3.0,,,4.0,0,Economy
Airline 07,good value and helpful cabin crew,yes,6.0,2.0,2.0,,3.0,3.0,,4.0,0,Economy
Airline 04,good value and helpful cabin crew,no,6.0,3.0,2.0,4.0,2.0,,1.0,3.0,1,Economy
Airline 21,disappointing experience uncomfortable and expensive,no,5.0,3.0,3.0,4.0,3.0,1.0,,4.0,1,Business
Airline 26,efficient ground team and comfortable flight,no,6.0,3.0,5.0,3.0,3.0,2.0,4.0,3.0,1,Economy
Airline 34,disappointing experience uncomfortable and expensive,yes,7.0,3.0,4.0,3.0,2.0,2.0,1.0,5.0,1,Economy
Airline 25,smooth journey friendly service worth the fare,yes,4.0,1.0,3.0,4.0,3.0,2.0,,3.0,0,Economy
Airline 26,long delay weak communication would not recommend,yes,6.0,4.0,2.0,4.0,3.0,2.0,3.0,4.0,1,Economy
Airline 47,long delay weak communication would not recommend,no,6.0,3.0,3.0,4.0,4.0,4.0,2.0,3.0,1,Economy
Airline 17,efficient ground team and comfortable flight,yes,5.0,4.0,5.0,5.0,4.0,,,5.0,0,Economy
Airline 25,poor value delay and unhelpful ground service,yes,8.0,3.0,4.0,2.0,4.0,,3.0,5.0,0,Economy
Airline 28,good value and helpful cabin crew,yes,9.0,4.0,4.0,4.0,4.0,3.0,,4.0,0,Economy
Airline 24,disappointing experience uncomfortable and expensive,no,4.0,4.0,4.0,2.0,4.0,3.0,,2.0,1,Economy
Airline 49,long delay weak communication would not recommend,no,3.0,2.0,2.0,1.0,4.0,2.0,1.0,1.0,1,Economy
Airline 49,disappointing experience uncomfortable and expensive,no,4.0,3.0,3.0,3.0,4.0,,2.0,3.0,1,Economy
Airline 26,poor value delay and unhelpful ground service,no,6.0,3.0,2.0,2.0,2.0,,1.0,2.0,0,Economy
Airline 23,efficient ground team and comfortable flight,yes,3.0,1.0,3.0,2.0,1.0,4.0,1.0,2.0,1,Economy
Airline 30,smooth journey friendly service worth the fare,yes,8.0,4.0,5.0,3.0,5.0,2.0,3.0,5.0,1,Economy
Airline 10,efficient ground team and comfortable flight,yes,7.0,3.0,3.0,2.0,5.0,4.0,,5.0,0,Economy
Airline 22,long delay weak communication would not recommend,no,5.0,2.0,4.0,4.0,4.0,,3.0,2.0,0,Economy
Airline 11,smooth journey friendly service worth the fare,no,5.0,4.0,5.0,,4.0,3.0,2.0,4.0,1,Economy
Airline 08,efficient ground team and comfortable flight,yes,6.0,5.0,3.0,1.0,4.0,,,4.0,0,Economy
Airline 05,poor value delay and unhelpful ground service,yes,8.0,3.0,4.0,3.0,4.0,,,4.0,1,Economy
Airline 30,long delay weak communication would not recommend,no,2.0,2.0,3.0,4.0,2.0,,,2.0,0,Economy
Airline 01,disappointing experience uncomfortable and expensive,no,5.0,3.0,3.0,,3.0,,1.0,3.0,1,Economy
Airline 33,disappointing experience uncomfortable and expensive,no,7.0,3.0,4.0,,3.0,4.0,,2.0,1,Economy
Airline 22,disappointing experience uncomfortable and expensive,no,8.0,4.0,2.0,3.0,3.0,,2.0,3.0,0,Economy
Airline 19,poor value delay and unhelpful ground service,no,5.0,3.0,3.0,2.0,2.0,3.0,,2.0,0,Economy
Airline 39,disappointing experience uncomfortable and expensive,no,1.0,1.0,2.0,1.0,1.0,,1.0,1.0,1,Premium Economy
Airline 27,good value and helpful cabin crew,no,4.0,3.0,1.0,2.0,1.0,2.0,,1.0,1,Economy
Airline 37,poor value delay and unhelpful ground service,no,5.0,4.0,2.0,1.0,3.0,,2.0,2.0,1,Premium Economy
Airline 36,poor value delay and unhelpful ground service,yes,7.0,4.0,4.0,2.0,3.0,5.0,,3.0,0,Premium Economy
Airline 02,smooth journey friendly service worth the fare,yes,8.0,2.0,4.0,4.0,5.0,,,5.0,1,Economy
Airline 11,disappointing experience uncomfortable and expensive,yes,6.0,3.0,5.0,3.0,5.0,2.0,,4.0,0,Economy
Airline 29,good value and helpful cabin crew,yes,4.0,4.0,4.0,3.0,4.0,,,4.0,1,Economy
Airline 49,disappointing experience uncomfortable and expensive,no,5.0,3.0,3.0,4.0,4.0,,,2.0,1,Economy
Airline 08,smooth journey friendly service worth the fare,yes,7.0,4.0,4.0,5.0,3.0,2.0,,4.0,1,Business
Airline 06,poor value delay and unhelpful ground service,yes,3.0,3.0,3.0,2.0,1.0,3.0,,2.0,1,Premium Economy
Airline 48,disappointing experience uncomfortable and expensive,no,4.0,3.0,4.0,4.0,4.0,3.0,,3.0,0,Economy
Airline 49,poor value delay and unhelpful ground service,no,4.0,3.0,3.0,2.0,,,,1.0,0,Economy
Airline 09,smooth journey friendly service worth the fare,yes,7.0,4.0,4.0,3.0,5.0,4.0,1.0,5.0,1,Business
Airline 21,efficient ground team and comfortable flight,yes,7.0,3.0,5.0,2.0,4.0,2.0,,2.0,0,Economy
Airline 32,efficient ground team and comfortable flight,yes,5.0,3.0,3.0,,1.0,2.0,,3.0,1,Economy
Airline 10,disappointing experience uncomfortable and expensive,no,8.0,3.0,3.0,4.0,3.0,4.0,2.0,3.0,1,Economy
Airline 17,good value and helpful cabin crew,yes,6.0,2.0,4.0,2.0,4.0,,3.0,4.0,0,Economy
Airline 20,good value and helpful cabin crew,yes,5.0,3.0,3.0,2.0,4.0,,,4.0,1,Economy
Airline 33,long delay weak communication would not recommend,no,3.0,3.0,1.0,2.0,4.0,,,3.0,1,Economy
Airline 16,poor value delay and unhelpful ground service,no,3.0,3.0,3.0,3.0,,2.0,,2.0,0,Economy
Airline 21,poor value delay and unhelpful ground service,no,6.0,4.0,5.0,3.0,3.0,2.0,,4.0,0,Business
Airline 15,good value and helpful cabin crew,yes,4.0,3.0,3.0,3.0,2.0,2.0,,4.0,0,Economy
Airline 38,long delay weak communication would not recommend,no,3.0,3.0,3.0,4.0,,4.0,1.0,2.0,1,Economy
Airline 08,disappointing experience uncomfortable and expensive,no,3.0,2.0,2.0,,1.0,,,3.0,0,Economy
Airline 12,poor value delay and unhelpful ground service,no,4.0,3.0,4.0,2.0,4.0,3.0,,3.0,1,Economy
Airline 13,long delay weak communication would not recommend,no,6.0,1.0,3.0,3.0,1.0,1.0,,2.0,0,Economy
Airline 46,poor value delay and unhelpful ground service,no,6.0,3.0,4.0,4.0,3.0,,5.0,2.0,1,Economy
Airline 48,long delay weak communication would not recommend,no,5.0,5.0,3.0,,3.0,3.0,2.0,3.0,1,Economy
Airline 26,long delay weak communication would not recommend,no,9.0,2.0,3.0,4.0,4.0,2.0,,2.0,0,Economy
Airline 08,poor value delay and unhelpful ground service,no,7.0,4.0,3.0,,3.0,2.0,3.0,3.0,1,Premium Economy
Airline 38,smooth journey friendly service worth the fare,yes,7.0,4.0,5.0,4.0,2.0,,,3.0,1,Business
Airline 25,disappointing experience uncomfortable and expensive,no,3.0,3.0,3.0,3.0,2.0,4.0,,2.0,0,Economy
Airline 43,long delay weak communication would not recommend,no,2.0,2.0,2.0,,,,,3.0,0,Economy
Airline 18,efficient ground team and comfortable flight,no,5.0,3.0,1.0,,3.0,1.0,,2.0,1,Economy
Airline 50,disappointing experience uncomfortable and expensive,no,6.0,2.0,2.0,2.0,2.0,3.0,2.0,2.0,0,Business
Airline 41,long delay weak communication would not recommend,no,7.0,2.0,4.0,4.0,3.0,2.0,4.0,3.0,1,Premium Economy
Airline 12,long delay weak communication would not recommend,no,6.0,3.0,3.0,4.0,,3.0,3.0,2.0,0,Premium Economy
Airline 37,long delay weak communication would not recommend,no,7.0,4.0,3.0,3.0,3.0,2.0,,3.0,0,Business
Airline 15,poor value delay and unhelpful ground service,no,4.0,2.0,2.0,,1.0,3.0,3.0,1.0,1,Economy
Airline 18,poor value delay and unhelpful ground service,no,3.0,2.0,3.0,2.0,3.0,1.0,,1.0,1,Business
Airline 13,poor value delay and unhelpful ground service,yes,6.0,3.0,5.0,4.0,4.0,,,4.0,0,Business
Airline 35,smooth journey friendly service worth the fare,no,5.0,1.0,4.0,,1.0,1.0,1.0,2.0,1,Economy
Airline 14,good value and helpful cabin crew,yes,5.0,3.0,4.0,,,,1.0,2.0,0,Economy
Airline 32,smooth journey friendly service worth the fare,no,4.0,3.0,4.0,3.0,1.0,,1.0,2.0,0,Business
Airline 30,smooth journey friendly service worth the fare,yes,6.0,3.0,5.0,,3.0,,1.0,4.0,1,Economy
Airline 38,efficient ground team and comfortable flight,yes,6.0,4.0,4.0,4.0,4.0,3.0,,4.0,0,Economy
Airline 50,poor value delay and unhelpful ground service,no,3.0,3.0,2.0,1.0,2.0,,,3.0,1,Economy
Airline 01,long delay weak communication would not recommend,no,6.0,3.0,4.0,,2.0,4.0,,2.0,1,Economy
Airline 50,poor value delay and unhelpful ground service,no,7.0,2.0,3.0,3.0,3.0,3.0,,4.0,0,Premium Economy
Airline 06,disappointing experience uncomfortable and expensive,no,2.0,2.0,1.0,1.0,2.0,3.0,2.0,1.0,1,Economy
Airline 27,good value and helpful cabin crew,yes,8.0,3.0,4.0,4.0,5.0,,,5.0,0,Economy
Airline 18,smooth journey friendly service worth the fare,yes,10.0,5.0,5.0,3.0,5.0,,,5.0,0,Economy
Airline 32,good value and helpful cabin crew,no,1.0,1.0,1.0,2.0,1.0,1.0,1.0,1.0,0,Economy
Airline 37,poor value delay and unhelpful ground service,no,7.0,2.0,2.0,2.0,2.0,3.0,3.0,4.0,0,Economy
Airline 43,poor value delay and unhelpful ground service,no,2.0,3.0,2.0,1.0,2.0,,4.0,2.0,1,Economy
Airline 21,good value and helpful cabin crew,yes,6.0,3.0,2.0,2.0,3.0,5.0,,4.0,1,Premium Economy
Airline 47,long delay weak communication would not recommend,no,4.0,3.0,4.0,2.0,2.0,3.0,,2.0,1,Economy
Airline 17,long delay weak communication would not recommend,no,7.0,3.0,4.0,,4.0,,2.0,3.0,0,Economy
Airline 11,poor value delay and unhelpful ground service,no,7.0,3.0,4.0,4.0,3.0,,2.0,3.0,0,Economy
Airline 19,long delay weak communication would not recommend,no,5.0,3.0,3.0,5.0,1.0,3.0,,2.0,1,Economy
Airline 27,disappointing experience uncomfortable and expensive,no,4.0,4.0,3.0,2.0,4.0,4.0,2.0,2.0,1,Economy
Airline 34,efficient ground team and comfortable flight,yes,6.0,3.0,4.0,,3.0,2.0,3.0,5.0,0,Economy
Airline 42,poor value delay and unhelpful ground service,no,1.0,2.0,3.0,2.0,3.0,,3.0,2.0,0,Economy
Airline 12,poor value delay and unhelpful ground service,no,1.0,1.0,2.0,2.0,2.0,3.0,,2.0,0,Economy
Airline 16,smooth journey friendly service worth the fare,yes,9.0,3.0,3.0,3.0,5.0,,,5.0,0,Economy
Airline 47,poor value delay and unhelpful ground service,no,3.0,3.0,3.0,3.0,3.0,2.0,2.0,2.0,0,Economy
Airline 22,good value and helpful cabin crew,yes,3.0,4.0,2.0,3.0,3.0,,,4.0,0,Economy
Airline 13,disappointing experience uncomfortable and expensive,no,4.0,2.0,3.0,1.0,2.0,1.0,,1.0,1,Economy
Airline 50,poor value delay and unhelpful ground service,no,7.0,4.0,4.0,3.0,3.0,,,3.0,1,Business
Airline 23,good value and helpful cabin crew,yes,9.0,4.0,4.0,2.0,5.0,2.0,3.0,5.0,1,Business
Airline 50,efficient ground team and comfortable flight,yes,6.0,4.0,4.0,3.0,4.0,3.0,4.0,5.0,1,Economy
Airline 46,disappointing experience uncomfortable and expensive,no,2.0,3.0,2.0,,1.0,3.0,,1.0,0,Premium Economy
Airline 46,poor value delay and unhelpful ground service,no,2.0,1.0,2.0,,2.0,,,2.0,0,Business
Airline 30,long delay weak communication would not recommend,no,6.0,4.0,3.0,2.0,3.0,2.0,2.0,3.0,0,Economy
Airline 40,long delay weak communication would not recommend,no,4.0,3.0,2.0,3.0,3.0,1.0,3.0,4.0,1,Economy
Airline 49,efficient ground team and comfortable flight,no,1.0,1.0,2.0,,1.0,2.0,,1.0,1,Economy
Airline 14,good value and helpful cabin crew,yes,7.0,3.0,3.0,2.0,5.0,,,4.0,1,Business
Airline 02,disappointing experience uncomfortable and expensive,no,3.0,2.0,1.0,2.0,2.0,,3.0,2.0,0,Economy
Airline 17,poor value delay and unhelpful ground service,no,7.0,3.0,5.0,2.0,5.0,,,5.0,1,Economy
Airline 32,efficient ground team and comfortable flight,yes,9.0,3.0,5.0,,5.0,4.0,2.0,4.0,0,Economy
Airline 28,good value and helpful cabin crew,no,4.0,2.0,3.0,3.0,3.0,,,3.0,0,Economy
Airline 05,long delay weak communication would not recommend,no,6.0,2.0,3.0,2.0,3.0,4.0,,3.0,0,Economy
Airline 29,disappointing experience uncomfortable and expensive,no,3.0,3.0,1.0,1.0,3.0,1.0,2.0,1.0,0,Economy
Airline 09,efficient ground team and comfortable flight,yes,6.0,3.0,5.0,2.0,3.0,,4.0,3.0,0,Economy
Airline 26,long delay weak communication would not recommend,no,5.0,5.0,1.0,2.0,3.0,5.0,2.0,2.0,0,Economy
Airline 29,disappointing experience uncomfortable and expensive,no,3.0,3.0,3.0,1.0,2.0,,2.0,2.0,0,Economy
Airline 32,disappointing experience uncomfortable and expensive,no,5.0,3.0,5.0,1.0,1.0,,1.0,2.0,1,Economy
Airline 21,long delay weak communication would not recommend,no,4.0,2.0,3.0,2.0,2.0,1.0,,2.0,0,Economy
Airline 21,long delay weak communication would not recommend,no,5.0,3.0,3.0,3.0,3.0,4.0,,1.0,1,Economy
Airline 34,efficient ground team and comfortable flight,yes,6.0,4.0,4.0,3.0,4.0,,3.0,4.0,1,Economy
Airline 38,disappointing experience uncomfortable and expensive,no,2.0,2.0,3.0,3.0,3.0,1.0,2.0,3.0,0,Economy
Airline 41,smooth journey friendly service worth the fare,yes,10.0,4.0,5.0,,,3.0,,5.0,1,Economy
Airline 17,poor value delay and unhelpful ground service,no,3.0,3.0,1.0,3.0,2.0,2.0,2.0,1.0,1,Economy
Airline 22,poor value delay and unhelpful ground service,yes,8.0,4.0,4.0,3.0,,2.0,,5.0,1,Economy
Airline 17,disappointing experience uncomfortable and expensive,no,5.0,1.0,2.0,3.0,3.0,,1.0,1.0,0,Business
Airline 27,disappointing experience uncomfortable and expensive,yes,9.0,3.0,5.0,,3.0,,,4.0,1,Economy
Airline 07,disappointing experience uncomfortable and expensive,no,3.0,3.0,2.0,,2.0,,,4.0,0,Economy
Airline 22,poor value delay and unhelpful ground service,no,5.0,2.0,3.0,3.0,3.0,,,3.0,0,Economy
Airline 10,smooth journey friendly service worth the fare,yes,8.0,3.0,5.0,3.0,4.0,2.0,4.0,5.0,0,Business
Airline 27,good value and helpful cabin crew,yes,7.0,4.0,5.0,2.0,4.0,3.0,,4.0,1,Business
Airline 43,disappointing experience uncomfortable and expensive,no,6.0,1.0,5.0,3.0,4.0,,2.0,3.0,0,Economy
Airline 50,poor value delay and unhelpful ground service,no,6.0,3.0,4.0,2.0,4.0,2.0,,2.0,1,Economy
Airline 23,disappointing experience uncomfortable and expensive,yes,6.0,5.0,4.0,2.0,4.0,,,3.0,1,Economy
Airline 03,poor value delay and unhelpful ground service,no,3.0,1.0,2.0,2.0,2.0,1.0,2.0,4.0,0,Premium Economy
Airline 12,disappointing experience uncomfortable and expensive,yes,1.0,3.0,3.0,3.0,2.0,3.0,,2.0,0,Economy
Airline 06,smooth journey friendly service worth the fare,no,3.0,3.0,2.0,3.0,1.0,,2.0,1.0,0,Economy
Airline 38,disappointing experience uncomfortable and expensive,no,3.0,1.0,5.0,4.0,4.0,3.0,2.0,2.0,1,Economy
Airline 50,efficient ground team and comfortable flight,yes,5.0,4.0,3.0,3.0,4.0,,2.0,4.0,1,Economy
Airline 28,long delay weak communication would not recommend,no,1.0,3.0,2.0,1.0,2.0,,,2.0,1,Economy
Airline 09,poor value delay and unhelpful ground service,no,5.0,2.0,2.0,3.0,1.0,2.0,3.0,3.0,0,Economy
Airline 02,smooth journey friendly service worth the fare,yes,7.0,3.0,5.0,4.0,4.0,2.0,5.0,3.0,1,Premium Economy
Airline 49,disappointing experience uncomfortable and expensive,no,7.0,4.0,4.0,5.0,4.0,,,3.0,0,Economy
Airline 16,poor value delay and unhelpful ground service,yes,5.0,4.0,3.0,2.0,3.0,,2.0,4.0,0,Economy
Airline 06,efficient ground team and comfortable flight,no,3.0,2.0,3.0,2.0,1.0,1.0,,2.0,1,Economy
Airline 09,long delay weak communication would not recommend,no,6.0,3.0,5.0,4.0,3.0,,,4.0,0,Economy
Airline 13,poor value delay and unhelpful ground service,no,1.0,1.0,2.0,2.0,,1.0,,2.0,1,Economy
Airline 33,smooth journey friendly service worth the fare,yes,7.0,4.0,4.0,,3.0,3.0,3.0,5.0,1,Economy
Airline 45,poor value delay and unhelpful ground service,no,5.0,4.0,2.0,1.0,2.0,3.0,1.0,3.0,1,Business
Airline 14,smooth journey friendly service worth the fare,yes,10.0,4.0,4.0,5.0,5.0,3.0,,5.0,1,Economy
Airline 35,good value and helpful cabin crew,no,1.0,2.0,2.0,1.0,3.0,1.0,2.0,1.0,0,Economy
Airline 04,smooth journey friendly service worth the fare,yes,8.0,4.0,4.0,3.0,4.0,,,4.0,1,Economy
Airline 01,poor value delay and unhelpful ground service,no,6.0,2.0,3.0,4.0,4.0,3.0,,2.0,0,Economy
Airline 03,good value and helpful cabin crew,yes,5.0,2.0,3.0,1.0,,1.0,,2.0,0,Economy
Airline 47,long delay weak communication would not recommend,no,5.0,3.0,3.0,1.0,3.0,,1.0,1.0,0,Business
Airline 30,good value and helpful cabin crew,yes,7.0,5.0,2.0,2.0,2.0,,,4.0,0,Business
Airline 41,disappointing experience uncomfortable and expensive,no,6.0,2.0,3.0,5.0,5.0,2.0,1.0,3.0,0,Premium Economy
Airline 02,efficient ground team and comfortable flight,yes,9.0,5.0,4.0,5.0,5.0,,3.0,5.0,0,Economy
Airline 02,poor value delay and unhelpful ground service,yes,8.0,4.0,4.0,3.0,,4.0,,4.0,0,Economy
Airline 43,long delay weak communication would not recommend,no,3.0,2.0,4.0,3.0,3.0,2.0,1.0,4.0,0,Economy
Airline 06,smooth journey friendly service worth the fare,no,1.0,2.0,2.0,3.0,2.0,,,2.0,0,Economy
Airline 08,long delay weak communication would not recommend,no,3.0,2.0,2.0,2.0,2.0,1.0,2.0,1.0,0,Business
Airline 26,disappointing experience uncomfortable and expensive,no,10.0,5.0,5.0,2.0,4.0,3.0,1.0,5.0,1,Economy
Airline 31,poor value delay and unhelpful ground service,no,5.0,4.0,2.0,5.0,2.0,,,3.0,1,Premium Economy
Airline 12,smooth journey friendly service worth the fare,yes,9.0,3.0,5.0,2.0,,5.0,2.0,4.0,0,Economy
Airline 23,efficient ground team and comfortable flight,yes,8.0,2.0,4.0,3.0,4.0,3.0,4.0,3.0,1,Premium Economy
Airline 34,good value and helpful cabin crew,yes,6.0,4.0,3.0,2.0,5.0,3.0,,3.0,1,Premium Economy
Airline 23,poor value delay and unhelpful ground service,no,5.0,3.0,3.0,4.0,3.0,,4.0,3.0,1,Economy
Airline 20,disappointing experience uncomfortable and expensive,yes,7.0,5.0,4.0,4.0,2.0,2.0,,4.0,0,Economy
Airline 04,poor value delay and unhelpful ground service,no,5.0,2.0,4.0,2.0,4.0,1.0,2.0,3.0,1,Economy
Airline 23,disappointing experience uncomfortable and expensive,no,3.0,3.0,4.0,2.0,2.0,,,1.0,1,Economy
Airline 41,long delay weak communication would not recommend,yes,6.0,3.0,5.0,2.0,3.0,,,3.0,1,Economy
Airline 32,long delay weak communication would not recommend,no,5.0,3.0,3.0,3.0,3.0,,3.0,3.0,0,Premium Economy
Airline 45,disappointing experience uncomfortable and expensive,no,5.0,2.0,2.0,,3.0,4.0,1.0,2.0,0,Economy
Airline 07,long delay weak communication would not recommend,no,5.0,5.0,4.0,3.0,2.0,,2.0,3.0,0,Economy
Airline 01,good value and helpful cabin crew,yes,4.0,3.0,3.0,3.0,2.0,3.0,,2.0,1,Economy
Airline 28,long delay weak communication would not recommend,no,7.0,3.0,3.0,5.0,2.0,3.0,,3.0,1,Economy
Airline 09,good value and helpful cabin crew,yes,4.0,3.0,3.0,,3.0,4.0,2.0,3.0,0,Premium Economy
Airline 30,poor value delay and unhelpful ground service,no,3.0,2.0,3.0,4.0,3.0,,,1.0,0,Economy
Airline 46,efficient ground team and comfortable flight,yes,9.0,3.0,4.0,,4.0,3.0,,5.0,0,Economy
Airline 17,good value and helpful cabin crew,yes,10.0,5.0,5.0,4.0,5.0,,,5.0,1,Business
Airline 28,long delay weak communication would not recommend,no,8.0,5.0,2.0,3.0,5.0,,3.0,4.0,0,Business
Airline 35,disappointing experience uncomfortable and expensive,yes,5.0,3.0,3.0,1.0,2.0,,,2.0,0,Economy
Airline 08,good value and helpful cabin crew,no,5.0,3.0,4.0,2.0,1.0,2.0,,2.0,1,Economy
Airline 45,long delay weak communication would not recommend,yes,9.0,5.0,5.0,3.0,3.0,3.0,,5.0,1,Premium Economy
Airline 11,poor value delay and unhelpful ground service,no,7.0,4.0,3.0,1.0,2.0,3.0,,2.0,0,Economy
Airline 41,long delay weak communication would not recommend,no,4.0,2.0,4.0,,4.0,2.0,3.0,3.0,1,Economy
Airline 33,good value and helpful cabin crew,yes,10.0,4.0,4.0,3.0,5.0,,,5.0,0,Economy
Airline 08,poor value delay and unhelpful ground service,no,5.0,1.0,2.0,,2.0,1.0,,4.0,0,Premium Economy
Airline 37,smooth journey friendly service worth the fare,yes,10.0,5.0,5.0,,5.0,,,5.0,1,Premium Economy
Airline 10,disappointing experience uncomfortable and expensive,no,5.0,3.0,1.0,2.0,1.0,2.0,1.0,1.0,0,Economy
Airline 30,efficient ground team and comfortable flight,yes,6.0,4.0,3.0,4.0,4.0,,,4.0,1,Economy
Airline 48,smooth journey friendly service worth the fare,yes,10.0,5.0,5.0,,4.0,4.0,,5.0,1,Economy
Airline 48,good value and helpful cabin crew,no,6.0,3.0,3.0,3.0,2.0,4.0,3.0,4.0,1,Economy
Airline 44,poor value delay and unhelpful ground service,no,3.0,2.0,3.0,3.0,3.0,2.0,4.0,4.0,0,Economy
Airline 25,efficient ground team and comfortable flight,no,4.0,3.0,1.0,3.0,3.0,2.0,,1.0,0,Economy
Airline 28,efficient ground team and comfortable flight,yes,10.0,3.0,5.0,3.0,5.0,3.0,2.0,5.0,1,Economy
Airline 16,long delay weak communication would not recommend,no,5.0,3.0,1.0,,,,2.0,2.0,1,Economy
Airline 47,disappointing experience uncomfortable and expensive,no,5.0,2.0,4.0,4.0,2.0,3.0,,3.0,1,Economy
Airline 24,long delay weak communication would not recommend,no,1.0,3.0,2.0,1.0,2.0,,1.0,2.0,0,Economy
Airline 39,smooth journey friendly service worth the fare,yes,10.0,5.0,5.0,2.0,5.0,,,5.0,1,Economy
Airline 18,poor value delay and unhelpful ground service,no,7.0,4.0,3.0,3.0,2.0,3.0,,5.0,0,Economy
Airline 38,good value and helpful cabin crew,yes,4.0,3.0,5.0,2.0,3.0,4.0,,3.0,0,Economy
Airline 12,long delay weak communication would not recommend,no,3.0,3.0,2.0,,2.0,1.0,,3.0,0,Economy
Airline 37,smooth journey friendly service worth the fare,yes,10.0,5.0,3.0,3.0,3.0,3.0,3.0,4.0,0,Economy
Airline 03,good value and helpful cabin crew,no,4.0,3.0,3.0,4.0,2.0,4.0,2.0,1.0,0,Economy
Airline 06,smooth journey friendly service worth the fare,no,3.0,3.0,3.0,3.0,2.0,2.0,2.0,1.0,0,Economy
Airline 18,poor value delay and unhelpful ground service,no,2.0,3.0,2.0,2.0,1.0,2.0,,2.0,1,Economy
Airline 25,poor value delay and unhelpful ground service,no,3.0,3.0,4.0,4.0,3.0,,,2.0,1,Premium Economy
Airline 36,poor value delay and unhelpful ground service,no,2.0,1.0,3.0,,2.0,2.0,1.0,2.0,1,Economy
Airline 18,poor value delay and unhelpful ground service,no,2.0,2.0,2.0,2.0,3.0,2.0,3.0,2.0,1,Economy
Airline 01,smooth journey friendly service worth the fare,yes,8.0,4.0,4.0,4.0,4.0,,,4.0,1,Economy
Airline 17,good value and helpful cabin crew,yes,8.0,2.0,3.0,3.0,2.0,2.0,1.0,2.0,1,Economy
Airline 22,good value and helpful cabin crew,yes,6.0,5.0,3.0,2.0,3.0,,,4.0,1,Business
Airline 28,smooth journey friendly service worth the fare,yes,5.0,4.0,3.0,1.0,3.0,1.0,,2.0,1,Economy
Airline 33,long delay weak communication would not recommend,no,5.0,3.0,3.0,3.0,4.0,3.0,2.0,3.0,1,Business
Airline 13,smooth journey friendly service worth the fare,yes,8.0,3.0,5.0,3.0,5.0,4.0,3.0,5.0,0,Economy
Airline 31,poor value delay and unhelpful ground service,yes,7.0,2.0,3.0,,2.0,2.0,,2.0,1,Business
Airline 32,efficient ground team and comfortable flight,yes,5.0,3.0,3.0,3.0,4.0,2.0,2.0,2.0,1,Economy
Airline 39,disappointing experience uncomfortable and expensive,no,3.0,3.0,1.0,1.0,2.0,2.0,,1.0,0,Business
Airline 27,smooth journey friendly service worth the fare,yes,9.0,3.0,5.0,3.0,,3.0,4.0,5.0,1,Business
Airline 41,long delay weak communication would not recommend,no,6.0,3.0,2.0,2.0,2.0,2.0,1.0,4.0,0,Economy
Airline 12,good value and helpful cabin crew,yes,8.0,5.0,5.0,,3.0,3.0,,5.0,0,Business
Airline 36,efficient ground team and comfortable flight,no,4.0,4.0,2.0,3.0,3.0,4.0,,2.0,1,Economy
Airline 03,poor value delay and unhelpful ground service,yes,6.0,4.0,4.0,5.0,3.0,3.0,2.0,4.0,0,Economy
Airline 06,good value and helpful cabin crew,no,10.0,3.0,4.0,,3.0,,2.0,3.0,0,Economy
Airline 44,disappointing experience uncomfortable and expensive,no,5.0,4.0,4.0,2.0,4.0,3.0,1.0,2.0,0,Economy
Airline 24,disappointing experience uncomfortable and expensive,no,10.0,3.0,5.0,3.0,3.0,3.0,,4.0,0,Economy
Airline 32,long delay weak communication would not recommend,no,3.0,3.0,3.0,3.0,4.0,,,3.0,1,Economy
Airline 31,smooth journey friendly service worth the fare,yes,8.0,3.0,3.0,4.0,3.0,3.0,,4.0,0,Economy
Airline 35,long delay weak communication would not recommend,yes,3.0,1.0,4.0,4.0,,2.0,,2.0,0,Economy
Airline 13,disappointing experience uncomfortable and expensive,no,6.0,3.0,3.0,,3.0,5.0,2.0,3.0,1,Economy
Airline 09,good value and helpful cabin crew,no,7.0,3.0,1.0,4.0,3.0,,2.0,3.0,0,Economy
Airline 03,efficient ground team and comfortable flight,yes,5.0,3.0,2.0,3.0,3.0,4.0,1.0,3.0,0,Economy
Airline 44,poor value delay and unhelpful ground service,no,2.0,2.0,1.0,1.0,3.0,,,2.0,0,Economy
Airline 12,long delay weak communication would not recommend,yes,7.0,4.0,4.0,3.0,,,,4.0,0,Economy
Airline 29,disappointing experience uncomfortable and expensive,no,6.0,4.0,5.0,4.0,3.0,2.0,2.0,3.0,0,Premium Economy
Airline 23,efficient ground team and comfortable flight,no,7.0,2.0,1.0,3.0,4.0,4.0,,3.0,0,Economy
Airline 09,poor value delay and unhelpful ground service,yes,5.0,3.0,3.0,2.0,,,,2.0,0,Business
Airline 21,efficient ground team and comfortable flight,no,6.0,2.0,3.0,2.0,3.0,3.0,,3.0,0,Economy
Airline 05,long delay weak communication would not recommend,no,5.0,3.0,4.0,1.0,1.0,,1.0,2.0,0,Economy
Airline 09,long delay weak communication would not recommend,yes,4.0,4.0,2.0,2.0,4.0,3.0,,2.0,1,Business
Airline 07,long delay weak communication would not recommend,no,2.0,4.0,3.0,,2.0,,4.0,2.0,0,Economy
Airline 42,efficient ground team and comfortable flight,yes,9.0,4.0,5.0,,5.0,,,5.0,1,Economy
Airline 29,smooth journey friendly service worth the fare,yes,4.0,5.0,5.0,3.0,4.0,,,3.0,0,Economy
Airline 47,long delay weak communication would not recommend,no,6.0,3.0,4.0,4.0,3.0,3.0,,3.0,1,Economy
Airline 22,good value and helpful cabin crew,yes,6.0,3.0,4.0,5.0,4.0,,,5.0,0,Economy
Airline 11,good value and helpful cabin crew,no,1.0,1.0,2.0,3.0,3.0,4.0,,1.0,0,Economy
Airline 31,disappointing experience uncomfortable and expensive,no,1.0,1.0,1.0,1.0,1.0,1.0,1.0,1.0,1,Economy
Airline 47,efficient ground team and comfortable flight,yes,4.0,3.0,4.0,4.0,3.0,,,4.0,1,Economy
Airline 27,good value and helpful cabin crew,no,3.0,2.0,1.0,,2.0,,,2.0,1,Economy
Airline 01,efficient ground team and comfortable flight,no,3.0,2.0,1.0,,,2.0,,1.0,1,Economy
Airline 16,long delay weak communication would not recommend,yes,5.0,2.0,3.0,4.0,3.0,3.0,,4.0,0,Economy
Airline 47,poor value delay and unhelpful ground service,yes,10.0,3.0,5.0,4.0,4.0,,2.0,3.0,0,Economy
Airline 26,efficient ground team and comfortable flight,no,3.0,2.0,2.0,,,,1.0,2.0,1,Economy
Airline 48,poor value delay and unhelpful ground service,no,8.0,4.0,4.0,2.0,,1.0,2.0,3.0,0,Economy
Airline 26,smooth journey friendly service worth the fare,yes,8.0,5.0,2.0,,2.0,5.0,,3.0,0,Economy
Airline 01,disappointing experience uncomfortable and expensive,no,6.0,5.0,4.0,2.0,4.0,2.0,2.0,3.0,0,Economy
Airline 44,smooth journey friendly service worth the fare,yes,4.0,3.0,3.0,4.0,3.0,4.0,1.0,2.0,0,Economy
Airline 39,poor value delay and unhelpful ground service,no,6.0,3.0,4.0,5.0,4.0,4.0,,4.0,0,Economy
Airline 36,efficient ground team and comfortable flight,yes,6.0,2.0,3.0,,4.0,3.0,2.0,3.0,1,Economy
Airline 49,long delay weak communication would not recommend,yes,10.0,5.0,4.0,4.0,5.0,3.0,,4.0,1,Economy
Airline 10,long delay weak communication would not recommend,no,5.0,2.0,1.0,,3.0,1.0,3.0,2.0,0,Economy
Airline 46,smooth journey friendly service worth the fare,yes,9.0,4.0,4.0,3.0,4.0,2.0,3.0,4.0,1,Economy
Airline 12,disappointing experience uncomfortable and expensive,no,4.0,5.0,4.0,,,3.0,3.0,2.0,0,Economy
Airline 49,poor value delay and unhelpful ground service,no,7.0,3.0,3.0,1.0,4.0,1.0,3.0,3.0,0,Economy
Airline 10,poor value delay and unhelpful ground service,yes,6.0,5.0,3.0,4.0,5.0,5.0,3.0,4.0,0,Economy
Airline 28,disappointing experience uncomfortable and expensive,no,5.0,2.0,4.0,3.0,3.0,,,3.0,0,Economy
Airline 40,poor value delay and unhelpful ground service,no,1.0,2.0,2.0,,1.0,,,1.0,1,Economy
Airline 04,disappointing experience uncomfortable and expensive,no,1.0,1.0,1.0,1.0,1.0,1.0,,1.0,0,Business
Airline 04,smooth journey friendly service worth the fare,yes,7.0,3.0,4.0,5.0,5.0,3.0,3.0,5.0,1,Premium Economy
Airline 43,efficient ground team and comfortable flight,yes,8.0,4.0,4.0,2.0,5.0,4.0,2.0,4.0,1,Business
Airline 04,smooth journey friendly service worth the fare,yes,8.0,5.0,5.0,4.0,5.0,3.0,,5.0,0,Premium Economy
Airline 31,efficient ground team and comfortable flight,yes,5.0,5.0,3.0,4.0,3.0,4.0,,3.0,0,Economy
Airline 47,efficient ground team and comfortable flight,no,2.0,3.0,4.0,,,,1.0,2.0,1,Economy
Airline 31,long delay weak communication would not recommend,no,4.0,1.0,4.0,2.0,2.0,4.0,3.0,3.0,1,Economy
Airline 25,disappointing experience uncomfortable and expensive,no,3.0,3.0,4.0,,2.0,4.0,2.0,4.0,0,Business
Airline 21,poor value delay and unhelpful ground service,no,1.0,3.0,2.0,3.0,1.0,,2.0,2.0,1,Premium Economy
Airline 32,good value and helpful cabin crew,yes,10.0,4.0,4.0,4.0,4.0,3.0,,5.0,1,Economy
Airline 29,smooth journey friendly service worth the fare,yes,10.0,5.0,5.0,,5.0,,,5.0,1,Economy
Airline 26,good value and helpful cabin crew,yes,3.0,3.0,5.0,3.0,4.0,4.0,,3.0,0,Business
Airline 08,efficient ground team and comfortable flight,yes,6.0,3.0,5.0,,3.0,,1.0,2.0,1,Economy
Airline 34,long delay weak communication would not recommend,no,3.0,3.0,1.0,3.0,2.0,2.0,3.0,1.0,1,Business
Airline 37,poor value delay and unhelpful ground service,no,7.0,5.0,5.0,4.0,4.0,3.0,3.0,3.0,1,Economy
Airline 36,poor value delay and unhelpful ground service,no,7.0,2.0,4.0,,2.0,4.0,,2.0,0,Economy
Airline 04,efficient ground team and comfortable flight,yes,6.0,2.0,4.0,4.0,,3.0,2.0,4.0,1,Economy
Airline 36,smooth journey friendly service worth the fare,no,8.0,2.0,2.0,3.0,5.0,,,3.0,0,Economy
Airline 37,disappointing experience uncomfortable and expensive,no,6.0,4.0,3.0,3.0,3.0,2.0,3.0,4.0,0,Economy
Airline 10,poor value delay and unhelpful ground service,no,7.0,4.0,4.0,,2.0,2.0,,3.0,0,Economy
Airline 43,long delay weak communication would not recommend,no,1.0,1.0,1.0,4.0,2.0,1.0,,1.0,1,Economy
Airline 27,disappointing experience uncomfortable and expensive,no,8.0,4.0,2.0,3.0,,4.0,1.0,3.0,0,Economy
Airline 24,disappointing experience uncomfortable and expensive,no,6.0,3.0,3.0,2.0,3.0,,,3.0,1,Economy
Airline 37,long delay weak communication would not recommend,yes,10.0,3.0,4.0,3.0,4.0,3.0,1.0,5.0,0,Economy
Airline 26,efficient ground team and comfortable flight,no,5.0,4.0,4.0,2.0,,2.0,4.0,4.0,1,Economy
Airline 28,disappointing experience uncomfortable and expensive,no,4.0,4.0,3.0,4.0,2.0,3.0,,3.0,1,Business
Airline 16,long delay weak communication would not recommend,no,1.0,3.0,2.0,1.0,4.0,2.0,,1.0,0,Economy
Airline 47,disappointing experience uncomfortable and expensive,no,8.0,3.0,4.0,,4.0,2.0,4.0,3.0,1,Economy
Airline 49,poor value delay and unhelpful ground service,no,4.0,2.0,3.0,2.0,3.0,3.0,,1.0,0,Business
Airline 07,poor value delay and unhelpful ground service,no,3.0,3.0,2.0,1.0,2.0,,,3.0,1,Economy
Airline 37,poor value delay and unhelpful ground service,no,6.0,3.0,4.0,4.0,2.0,3.0,1.0,4.0,1,Economy
Airline 02,poor value delay and unhelpful ground service,no,5.0,3.0,3.0,1.0,3.0,4.0,,3.0,1,Economy
Airline 19,disappointing experience uncomfortable and expensive,no,1.0,2.0,2.0,2.0,1.0,1.0,,1.0,0,Economy
Airline 49,long delay weak communication would not recommend,no,7.0,1.0,4.0,3.0,3.0,3.0,,4.0,1,Business
Airline 09,long delay weak communication would not recommend,no,5.0,3.0,5.0,1.0,4.0,3.0,1.0,3.0,0,Economy
Airline 19,poor value delay and unhelpful ground service,yes,5.0,3.0,3.0,,3.0,3.0,,3.0,0,Economy
Airline 11,disappointing experience uncomfortable and expensive,no,5.0,4.0,2.0,2.0,4.0,3.0,,3.0,1,Economy
Airline 37,disappointing experience uncomfortable and expensive,yes,4.0,4.0,2.0,,5.0,4.0,,3.0,0,Economy
Airline 24,long delay weak communication would not recommend,no,6.0,3.0,3.0,,3.0,,2.0,2.0,1,Economy
Airline 30,poor value delay and unhelpful ground service,no,3.0,3.0,3.0,2.0,3.0,,,1.0,1,Economy
Airline 48,efficient ground team and comfortable flight,yes,7.0,3.0,4.0,,3.0,,2.0,4.0,1,Economy
Airline 27,efficient ground team and comfortable flight,yes,9.0,5.0,4.0,,2.0,3.0,,5.0,1,Economy
Airline 37,poor value delay and unhelpful ground service,no,4.0,3.0,2.0,4.0,2.0,,,2.0,1,Economy
Airline 05,efficient ground team and comfortable flight,yes,2.0,4.0,3.0,3.0,2.0,3.0,3.0,2.0,0,Economy
Airline 11,efficient ground team and comfortable flight,no,2.0,1.0,1.0,,2.0,,,1.0,0,Economy
Airline 48,good value and helpful cabin crew,no,7.0,3.0,5.0,3.0,3.0,5.0,,4.0,1,Economy
Airline 43,poor value delay and unhelpful ground service,no,7.0,3.0,4.0,2.0,3.0,3.0,3.0,3.0,1,Economy
Airline 33,long delay weak communication would not recommend,no,4.0,3.0,2.0,2.0,3.0,,,2.0,1,Economy
Airline 19,good value and helpful cabin crew,yes,6.0,5.0,4.0,4.0,4.0,3.0,3.0,3.0,0,Economy
Airline 10,disappointing experience uncomfortable and expensive,no,4.0,1.0,1.0,2.0,3.0,2.0,2.0,1.0,1,Economy
Airline 43,poor value delay and unhelpful ground service,no,5.0,2.0,3.0,,1.0,2.0,,2.0,0,Economy
Airline 40,disappointing experience uncomfortable and expensive,no,4.0,2.0,2.0,3.0,1.0,2.0,,1.0,0,Economy
Airline 13,poor value delay and unhelpful ground service,no,4.0,3.0,3.0,2.0,4.0,3.0,,2.0,1,Economy
Airline 30,efficient ground team and comfortable flight,no,8.0,5.0,4.0,4.0,5.0,3.0,3.0,4.0,1,Economy
Airline 31,poor value delay and unhelpful ground service,no,4.0,3.0,3.0,2.0,3.0,3.0,,3.0,1,Economy
Airline 24,smooth journey friendly service worth the fare,no,6.0,2.0,3.0,4.0,3.0,,,2.0,1,Business
Airline 47,smooth journey friendly service worth the fare,no,5.0,4.0,1.0,,2.0,2.0,3.0,3.0,1,Business
Airline 07,efficient ground team and comfortable flight,yes,6.0,5.0,4.0,,2.0,4.0,,4.0,1,Economy
Airline 13,good value and helpful cabin crew,no,4.0,3.0,3.0,3.0,1.0,3.0,,2.0,1,Business
Airline 05,poor value delay and unhelpful ground service,no,6.0,2.0,3.0,1.0,,4.0,1.0,4.0,1,Economy
Airline 35,long delay weak communication would not recommend,no,6.0,3.0,3.0,3.0,2.0,2.0,1.0,3.0,0,Economy
Airline 33,good value and helpful cabin crew,yes,9.0,5.0,5.0,5.0,,,,5.0,1,Economy
Airline 50,smooth journey friendly service worth the fare,yes,6.0,4.0,3.0,1.0,5.0,3.0,,3.0,0,Economy
Airline 28,long delay weak communication would not recommend,no,5.0,1.0,2.0,,,,,2.0,1,Business
Airline 08,efficient ground team and comfortable flight,yes,7.0,3.0,2.0,2.0,4.0,3.0,3.0,4.0,1,Business
Airline 23,long delay weak communication would not recommend,yes,7.0,5.0,5.0,2.0,5.0,3.0,,5.0,1,Business
Airline 05,disappointing experience uncomfortable and expensive,no,1.0,3.0,1.0,1.0,2.0,1.0,,2.0,0,Economy
Airline 34,long delay weak communication would not recommend,no,4.0,3.0,3.0,2.0,2.0,,,1.0,0,Premium Economy
Airline 34,efficient ground team and comfortable flight,no,7.0,4.0,1.0,2.0,4.0,2.0,,2.0,0,Economy
Airline 43,long delay weak communication would not recommend,no,4.0,3.0,3.0,,3.0,3.0,,3.0,1,Economy
Airline 17,long delay weak communication would not recommend,no,4.0,4.0,5.0,3.0,2.0,,,3.0,0,Economy
Airline 16,smooth journey friendly service worth the fare,no,4.0,2.0,2.0,2.0,2.0,,,1.0,0,Economy
Airline 04,smooth journey friendly service worth the fare,yes,8.0,4.0,4.0,2.0,4.0,,,4.0,0,Economy
Airline 21,poor value delay and unhelpful ground service,no,3.0,1.0,2.0,2.0,2.0,4.0,2.0,1.0,0,Economy
Airline 24,poor value delay and unhelpful ground service,no,5.0,4.0,3.0,,3.0,3.0,,2.0,1,Economy
Airline 38,disappointing experience uncomfortable and expensive,yes,7.0,3.0,4.0,3.0,4.0,3.0,,5.0,1,Premium Economy
Airline 38,disappointing experience uncomfortable and expensive,no,6.0,4.0,2.0,2.0,3.0,,2.0,3.0,0,Economy
Airline 08,poor value delay and unhelpful ground service,no,4.0,2.0,3.0,1.0,2.0,3.0,2.0,2.0,1,Business
Airline 15,long delay weak communication would not recommend,no,2.0,3.0,1.0,3.0,2.0,,,1.0,0,Premium Economy
Airline 26,long delay weak communication would not recommend,no,4.0,2.0,4.0,4.0,1.0,3.0,,2.0,0,Economy
Airline 17,poor value delay and unhelpful ground service,no,2.0,2.0,2.0,2.0,3.0,2.0,3.0,3.0,1,Economy
Airline 02,good value and helpful cabin crew,yes,4.0,3.0,3.0,2.0,4.0,3.0,,4.0,0,Economy
Airline 43,efficient ground team and comfortable flight,no,2.0,3.0,2.0,1.0,1.0,3.0,,1.0,1,Economy
Airline 37,poor value delay and unhelpful ground service,no,8.0,4.0,5.0,3.0,4.0,4.0,,3.0,0,Business
Airline 27,efficient ground team and comfortable flight,no,4.0,2.0,3.0,,4.0,3.0,3.0,3.0,1,Economy
Airline 16,long delay weak communication would not recommend,no,4.0,2.0,3.0,3.0,4.0,4.0,,2.0,1,Business
Airline 43,long delay weak communication would not recommend,no,9.0,3.0,4.0,5.0,5.0,3.0,3.0,3.0,1,Premium Economy
Airline 02,long delay weak communication would not recommend,no,6.0,2.0,3.0,2.0,3.0,3.0,1.0,2.0,0,Premium Economy
Airline 23,efficient ground team and comfortable flight,yes,5.0,4.0,5.0,1.0,3.0,,,3.0,0,Economy
Airline 41,smooth journey friendly service worth the fare,no,2.0,4.0,2.0,,2.0,1.0,4.0,3.0,1,Premium Economy
Airline 48,long delay weak communication would not recommend,yes,6.0,2.0,4.0,3.0,3.0,2.0,3.0,3.0,0,Economy
Airline 13,long delay weak communication would not recommend,no,6.0,4.0,4.0,,2.0,2.0,,2.0,0,Business
Airline 33,long delay weak communication would not recommend,no,3.0,4.0,4.0,,3.0,,,2.0,0,Economy
Airline 10,poor value delay and unhelpful ground service,no,1.0,1.0,2.0,1.0,1.0,,2.0,1.0,0,Economy
Airline 06,long delay weak communication would not recommend,no,5.0,2.0,3.0,3.0,3.0,,2.0,2.0,1,Economy
Airline 18,good value and helpful cabin crew,yes,7.0,2.0,4.0,1.0,3.0,,,3.0,1,Premium Economy
Airline 45,poor value delay and unhelpful ground service,no,6.0,3.0,3.0,3.0,4.0,,,3.0,0,Business
Airline 35,long delay weak communication would not recommend,yes,9.0,4.0,5.0,,3.0,1.0,,2.0,0,Economy
Airline 25,smooth journey friendly service worth the fare,yes,10.0,4.0,5.0,,5.0,4.0,2.0,5.0,1,Economy
Airline 15,disappointing experience uncomfortable and expensive,no,6.0,2.0,4.0,3.0,4.0,,2.0,4.0,0,Premium Economy
Airline 08,poor value delay and unhelpful ground service,no,8.0,3.0,4.0,5.0,5.0,2.0,,3.0,1,Economy
Airline 14,long delay weak communication would not recommend,yes,6.0,4.0,3.0,4.0,3.0,3.0,3.0,4.0,1,Economy
Airline 08,disappointing experience uncomfortable and expensive,yes,9.0,5.0,5.0,2.0,5.0,3.0,,5.0,1,Business
Airline 10,smooth journey friendly service worth the fare,yes,10.0,2.0,4.0,,3.0,3.0,,5.0,1,Economy
Airline 35,efficient ground team and comfortable flight,yes,7.0,2.0,4.0,5.0,3.0,,,4.0,1,Business
Airline 07,poor value delay and unhelpful ground service,no,8.0,4.0,3.0,3.0,2.0,3.0,,4.0,1,Economy
Airline 03,smooth journey friendly service worth the fare,no,4.0,2.0,3.0,5.0,3.0,2.0,,2.0,1,Economy
Airline 28,poor value delay and unhelpful ground service,no,6.0,3.0,3.0,,3.0,4.0,4.0,2.0,1,Economy
Airline 15,poor value delay and unhelpful ground service,no,6.0,2.0,2.0,2.0,3.0,,4.0,3.0,1,Economy
Airline 23,efficient ground team and comfortable flight,yes,7.0,4.0,3.0,2.0,5.0,2.0,1.0,4.0,0,Economy
Airline 07,long delay weak communication would not recommend,no,2.0,1.0,2.0,3.0,2.0,,3.0,2.0,0,Economy
Airline 11,long delay weak communication would not recommend,no,5.0,3.0,3.0,,3.0,3.0,,3.0,0,Economy
Airline 23,long delay weak communication would not recommend,no,1.0,2.0,2.0,,1.0,1.0,2.0,1.0,0,Premium Economy
Airline 35,good value and helpful cabin crew,yes,8.0,5.0,4.0,,4.0,2.0,,5.0,0,Economy
Airline 21,smooth journey friendly service worth the fare,yes,5.0,2.0,3.0,,4.0,2.0,,3.0,1,Economy
Airline 28,efficient ground team and comfortable flight,yes,5.0,3.0,4.0,3.0,5.0,4.0,4.0,2.0,0,Economy
Airline 27,smooth journey friendly service worth the fare,yes,9.0,4.0,5.0,2.0,4.0,5.0,,5.0,1,Economy
Airline 14,good value and helpful cabin crew,yes,8.0,2.0,2.0,4.0,4.0,3.0,,3.0,1,Economy
Airline 14,smooth journey friendly service worth the fare,yes,9.0,4.0,3.0,3.0,5.0,3.0,5.0,5.0,1,Economy
Airline 22,efficient ground team and comfortable flight,no,3.0,2.0,3.0,3.0,2.0,,1.0,2.0,0,Premium Economy
Airline 02,smooth journey friendly service worth the fare,yes,10.0,4.0,5.0,3.0,5.0,4.0,,5.0,0,Economy
Airline 35,efficient ground team and comfortable flight,yes,9.0,5.0,5.0,3.0,4.0,5.0,,3.0,1,Economy
Airline 31,smooth journey friendly service worth the fare,yes,6.0,2.0,2.0,1.0,,3.0,,3.0,0,Economy
Airline 16,smooth journey friendly service worth the fare,yes,8.0,2.0,4.0,4.0,5.0,,1.0,4.0,0,Economy
Airline 19,efficient ground team and comfortable flight,yes,2.0,2.0,2.0,3.0,1.0,2.0,3.0,2.0,1,Premium Economy
Airline 17,poor value delay and unhelpful ground service,no,4.0,3.0,3.0,4.0,3.0,2.0,1.0,1.0,0,Economy
Airline 33,efficient ground team and comfortable flight,yes,10.0,4.0,4.0,4.0,4.0,4.0,2.0,4.0,0,Economy
Airline 38,poor value delay and unhelpful ground service,no,1.0,2.0,2.0,,1.0,1.0,,2.0,1,Business
Airline 06,efficient ground team and comfortable flight,yes,7.0,2.0,4.0,4.0,4.0,3.0,,4.0,1,Economy
Airline 21,smooth journey friendly service worth the fare,yes,7.0,2.0,5.0,4.0,3.0,,2.0,3.0,1,Economy
Airline 01,efficient ground team and comfortable flight,yes,8.0,4.0,5.0,5.0,4.0,4.0,,5.0,0,Economy
Airline 23,disappointing experience uncomfortable and expensive,no,1.0,2.0,1.0,1.0,2.0,,,1.0,1,Business
Airline 13,smooth journey friendly service worth the fare,yes,10.0,5.0,5.0,3.0,4.0,3.0,2.0,5.0,1,Economy
Airline 17,good value and helpful cabin crew,no,4.0,3.0,3.0,,3.0,2.0,1.0,2.0,0,Economy
Airline 23,efficient ground team and comfortable flight,no,4.0,2.0,3.0,,2.0,,2.0,4.0,0,Economy
Airline 17,long delay weak communication would not recommend,no,3.0,3.0,2.0,4.0,1.0,,,2.0,0,Premium Economy
Airline 20,long delay weak communication would not recommend,no,4.0,3.0,3.0,3.0,3.0,,,2.0,0,Economy
Airline 39,disappointing experience uncomfortable and expensive,no,6.0,2.0,2.0,2.0,3.0,,,2.0,1,Economy
Airline 41,efficient ground team and comfortable flight,no,2.0,1.0,2.0,3.0,1.0,,4.0,2.0,1,Economy
Airline 01,long delay weak communication would not recommend,no,7.0,2.0,3.0,4.0,3.0,,,4.0,0,Economy
Airline 19,smooth journey friendly service worth the fare,no,3.0,3.0,3.0,3.0,2.0,4.0,,2.0,1,Premium Economy
Airline 43,poor value delay and unhelpful ground service,no,3.0,3.0,1.0,1.0,2.0,2.0,,1.0,0,Economy
Airline 27,disappointing experience uncomfortable and expensive,no,4.0,1.0,3.0,4.0,2.0,,1.0,3.0,1,Economy
Airline 11,smooth journey friendly service worth the fare,no,5.0,4.0,4.0,2.0,2.0,,2.0,4.0,1,Economy
Airline 30,efficient ground team and comfortable flight,no,4.0,3.0,3.0,2.0,3.0,2.0,3.0,3.0,1,Business
Airline 08,disappointing experience uncomfortable and expensive,no,5.0,4.0,3.0,,4.0,2.0,,4.0,1,Economy
Airline 02,long delay weak communication would not recommend,no,8.0,4.0,4.0,,2.0,2.0,4.0,4.0,1,Premium Economy
Airline 32,long delay weak communication would not recommend,yes,7.0,5.0,5.0,,3.0,4.0,,5.0,1,Economy
Airline 26,good value and helpful cabin crew,no,4.0,3.0,3.0,3.0,,5.0,,2.0,1,Premium Economy
Airline 38,long delay weak communication would not recommend,no,3.0,3.0,2.0,2.0,,3.0,1.0,2.0,1,Premium Economy
Airline 18,disappointing experience uncomfortable and expensive,no,6.0,3.0,3.0,,1.0,,,3.0,1,Business
Airline 43,good value and helpful cabin crew,yes,7.0,4.0,4.0,3.0,4.0,3.0,1.0,4.0,1,Economy
Airline 22,poor value delay and unhelpful ground service,no,3.0,1.0,2.0,2.0,3.0,,1.0,2.0,1,Economy
Airline 37,long delay weak communication would not recommend,no,4.0,2.0,2.0,1.0,2.0,,,2.0,0,Business
Airline 06,smooth journey friendly service worth the fare,yes,5.0,3.0,3.0,1.0,4.0,2.0,,3.0,0,Economy
Airline 05,long delay weak communication would not recommend,no,5.0,4.0,3.0,4.0,3.0,3.0,4.0,2.0,1,Economy
Airline 40,good value and helpful cabin crew,yes,3.0,2.0,4.0,3.0,,,2.0,3.0,1,Premium Economy
Airline 42,long delay weak communication would not recommend,no,7.0,4.0,4.0,3.0,3.0,4.0,,4.0,0,Economy
Airline 48,good value and helpful cabin crew,no,1.0,2.0,1.0,2.0,2.0,4.0,,2.0,0,Economy
Airline 17,long delay weak communication would not recommend,no,3.0,3.0,2.0,1.0,2.0,4.0,,1.0,0,Business
Airline 02,smooth journey friendly service worth the fare,no,4.0,2.0,4.0,1.0,4.0,4.0,,3.0,0,Economy
Airline 49,poor value delay and unhelpful ground service,no,5.0,4.0,4.0,,4.0,3.0,1.0,2.0,1,Premium Economy
Airline 31,efficient ground team and comfortable flight,no,2.0,2.0,1.0,,2.0,,1.0,2.0,1,Economy
Airline 13,long delay weak communication would not recommend,no,4.0,2.0,2.0,3.0,5.0,1.0,2.0,3.0,0,Economy
Airline 39,disappointing experience uncomfortable and expensive,no,5.0,3.0,3.0,4.0,4.0,3.0,,2.0,1,Economy
Airline 46,disappointing experience uncomfortable and expensive,yes,5.0,4.0,3.0,2.0,3.0,,,3.0,1,Business
Airline 15,long delay weak communication would not recommend,no,5.0,2.0,4.0,2.0,2.0,2.0,1.0,2.0,1,Economy
Airline 39,disappointing experience uncomfortable and expensive,no,3.0,1.0,2.0,1.0,,,,2.0,1,Economy
Airline 40,good value and helpful cabin crew,no,9.0,4.0,4.0,,3.0,,3.0,5.0,0,Economy
Airline 26,disappointing experience uncomfortable and expensive,no,5.0,2.0,4.0,3.0,3.0,,2.0,3.0,0,Economy
Airline 32,poor value delay and unhelpful ground service,no,6.0,4.0,2.0,1.0,3.0,4.0,,2.0,0,Economy
Airline 14,disappointing experience uncomfortable and expensive,no,7.0,4.0,3.0,4.0,3.0,3.0,,3.0,0,Economy
Airline 47,disappointing experience uncomfortable and expensive,no,4.0,4.0,2.0,5.0,,,,3.0,1,Business
Airline 50,disappointing experience uncomfortable and expensive,yes,9.0,4.0,5.0,,4.0,4.0,4.0,5.0,1,Economy
Airline 50,smooth journey friendly service worth the fare,no,6.0,4.0,3.0,2.0,2.0,2.0,3.0,2.0,1,Premium Economy
Airline 37,poor value delay and unhelpful ground service,no,6.0,5.0,5.0,,4.0,2.0,3.0,5.0,0,Business
Airline 03,long delay weak communication would not recommend,no,6.0,3.0,3.0,2.0,2.0,,,3.0,0,Business
Airline 19,smooth journey friendly service worth the fare,yes,8.0,5.0,3.0,,5.0,,,4.0,0,Economy
Airline 23,poor value delay and unhelpful ground service,yes,9.0,3.0,4.0,,4.0,,3.0,4.0,0,Economy
Airline 48,poor value delay and unhelpful ground service,no,5.0,3.0,3.0,4.0,2.0,3.0,,4.0,1,Premium Economy
Airline 28,disappointing experience uncomfortable and expensive,no,6.0,1.0,3.0,1.0,4.0,3.0,1.0,2.0,1,Business
Airline 27,smooth journey friendly service worth the fare,no,6.0,3.0,2.0,3.0,3.0,2.0,,3.0,1,Economy
Airline 08,long delay weak communication would not recommend,yes,5.0,3.0,3.0,4.0,2.0,,,3.0,0,Economy
Airline 40,smooth journey friendly service worth the fare,yes,10.0,4.0,4.0,3.0,5.0,3.0,,5.0,0,Economy
Airline 17,good value and helpful cabin crew,yes,7.0,3.0,3.0,3.0,3.0,4.0,5.0,4.0,1,Economy
Airline 05,disappointing experience uncomfortable and expensive,no,2.0,2.0,4.0,3.0,3.0,2.0,,3.0,0,Premium Economy
Airline 50,poor value delay and unhelpful ground service,no,1.0,3.0,1.0,3.0,,4.0,3.0,3.0,1,Business
Airline 10,disappointing experience uncomfortable and expensive,no,3.0,3.0,2.0,3.0,3.0,3.0,,3.0,0,Economy
Airline 01,smooth journey friendly service worth the fare,no,6.0,2.0,4.0,3.0,5.0,2.0,,2.0,0,Business
Airline 04,good value and helpful cabin crew,yes,2.0,3.0,2.0,3.0,1.0,,1.0,2.0,0,Economy
Airline 23,smooth journey friendly service worth the fare,no,7.0,4.0,4.0,,4.0,,1.0,4.0,1,Economy
Airline 06,poor value delay and unhelpful ground service,no,6.0,3.0,3.0,,1.0,3.0,,3.0,1,Economy
Airline 43,disappointing experience uncomfortable and expensive,no,4.0,3.0,5.0,1.0,5.0,2.0,3.0,4.0,0,Economy
Airline 26,good value and helpful cabin crew,no,9.0,3.0,5.0,4.0,5.0,,,5.0,0,Economy
Airline 17,disappointing experience uncomfortable and expensive,no,1.0,2.0,3.0,2.0,1.0,,,1.0,1,Economy
Airline 01,efficient ground team and comfortable flight,yes,8.0,5.0,4.0,4.0,4.0,4.0,,5.0,1,Business
Airline 24,efficient ground team and comfortable flight,no,4.0,2.0,2.0,2.0,2.0,,,2.0,0,Economy
Airline 08,disappointing experience uncomfortable and expensive,no,4.0,2.0,3.0,,4.0,,,3.0,0,Business
Airline 49,poor value delay and unhelpful ground service,no,5.0,3.0,4.0,,2.0,,3.0,5.0,0,Economy
Airline 15,long delay weak communication would not recommend,no,6.0,4.0,2.0,4.0,3.0,,,4.0,1,Economy
Airline 24,good value and helpful cabin crew,yes,5.0,4.0,3.0,,3.0,,4.0,3.0,1,Economy
Airline 01,long delay weak communication would not recommend,yes,7.0,5.0,3.0,3.0,4.0,,,5.0,0,Business
Airline 07,efficient ground team and comfortable flight,yes,7.0,4.0,4.0,4.0,4.0,1.0,3.0,2.0,0,Economy
Airline 11,smooth journey friendly service worth the fare,yes,8.0,4.0,5.0,3.0,4.0,4.0,,5.0,1,Economy
Airline 03,disappointing experience uncomfortable and expensive,yes,7.0,3.0,3.0,,4.0,,,3.0,1,Economy
Airline 37,smooth journey friendly service worth the fare,yes,9.0,3.0,5.0,5.0,4.0,,,5.0,1,Business
Airline 48,long delay weak communication would not recommend,no,7.0,3.0,3.0,3.0,4.0,4.0,,4.0,0,Economy
Airline 50,long delay weak communication would not recommend,no,1.0,2.0,1.0,,2.0,,,1.0,1,Economy
Airline 14,efficient ground team and comfortable flight,yes,10.0,4.0,4.0,3.0,,,3.0,5.0,0,Economy
Airline 40,disappointing experience uncomfortable and expensive,no,7.0,3.0,3.0,,3.0,,1.0,3.0,1,Economy
Airline 26,efficient ground team and comfortable flight,yes,10.0,3.0,4.0,3.0,4.0,1.0,3.0,4.0,1,Economy
Airline 03,efficient ground team and comfortable flight,no,5.0,2.0,4.0,3.0,2.0,,3.0,3.0,0,Economy
Airline 05,efficient ground team and comfortable flight,yes,6.0,4.0,4.0,4.0,3.0,4.0,2.0,4.0,1,Business
Airline 28,disappointing experience uncomfortable and expensive,no,6.0,2.0,2.0,,,3.0,,3.0,0,Economy
Airline 22,smooth journey friendly service worth the fare,yes,7.0,3.0,5.0,,3.0,,3.0,4.0,0,Economy
Airline 01,poor value delay and unhelpful ground service,no,4.0,3.0,3.0,3.0,3.0,3.0,2.0,2.0,1,Premium Economy
Airline 47,smooth journey friendly service worth the fare,yes,8.0,3.0,4.0,3.0,,4.0,,4.0,0,Economy
Airline 37,long delay weak communication would not recommend,no,9.0,4.0,3.0,4.0,3.0,3.0,,3.0,0,Economy
Airline 26,long delay weak communication would not recommend,no,7.0,2.0,3.0,,,4.0,,5.0,1,Business
Airline 50,poor value delay and unhelpful ground service,no,1.0,2.0,1.0,1.0,2.0,,2.0,1.0,0,Economy
Airline 49,poor value delay and unhelpful ground service,no,5.0,2.0,3.0,2.0,2.0,1.0,3.0,2.0,0,Economy
Airline 49,smooth journey friendly service worth the fare,yes,6.0,3.0,2.0,5.0,3.0,2.0,,4.0,1,Economy
Airline 13,disappointing experience uncomfortable and expensive,no,5.0,3.0,2.0,4.0,4.0,4.0,,3.0,1,Economy
Airline 45,long delay weak communication would not recommend,yes,9.0,4.0,4.0,2.0,3.0,2.0,,4.0,1,Economy
Airline 26,efficient ground team and comfortable flight,no,5.0,4.0,2.0,3.0,2.0,3.0,,2.0,1,Business
Airline 37,poor value delay and unhelpful ground service,no,4.0,2.0,3.0,3.0,3.0,,,4.0,0,Economy
Airline 43,good value and helpful cabin crew,yes,8.0,3.0,4.0,,5.0,,3.0,4.0,1,Economy
Airline 09,smooth journey friendly service worth the fare,no,1.0,1.0,1.0,2.0,2.0,,2.0,1.0,1,Economy
Airline 23,disappointing experience uncomfortable and expensive,no,7.0,5.0,4.0,3.0,,2.0,3.0,3.0,1,Business
Airline 07,disappointing experience uncomfortable and expensive,no,4.0,3.0,2.0,,3.0,2.0,,2.0,1,Premium Economy
Airline 14,poor value delay and unhelpful ground service,no,3.0,4.0,2.0,1.0,2.0,1.0,,3.0,1,Economy
Airline 21,disappointing experience uncomfortable and expensive,no,7.0,3.0,3.0,4.0,2.0,4.0,,3.0,1,Economy
Airline 43,disappointing experience uncomfortable and expensive,yes,10.0,5.0,4.0,,4.0,3.0,2.0,5.0,0,Economy
Airline 44,efficient ground team and comfortable flight,no,5.0,4.0,4.0,2.0,3.0,,3.0,4.0,1,Economy
Airline 20,disappointing experience uncomfortable and expensive,no,5.0,3.0,2.0,2.0,4.0,4.0,,3.0,1,Economy
Airline 17,poor value delay and unhelpful ground service,no,7.0,2.0,4.0,,5.0,2.0,2.0,5.0,1,Premium Economy
Airline 27,poor value delay and unhelpful ground service,yes,6.0,2.0,4.0,2.0,,,3.0,3.0,0,Business
Airline 46,efficient ground team and comfortable flight,no,3.0,4.0,3.0,4.0,2.0,2.0,2.0,2.0,0,Business
Airline 49,disappointing experience uncomfortable and expensive,no,4.0,4.0,3.0,3.0,3.0,4.0,1.0,2.0,0,Economy
Airline 12,poor value delay and unhelpful ground service,no,4.0,5.0,2.0,,3.0,,,3.0,0,Economy
Airline 10,poor value delay and unhelpful ground service,yes,7.0,2.0,4.0,3.0,3.0,4.0,,3.0,1,Economy
Airline 36,efficient ground team and comfortable flight,yes,7.0,3.0,4.0,2.0,3.0,,,3.0,0,Economy
Airline 16,efficient ground team and comfortable flight,no,3.0,1.0,2.0,2.0,2.0,,3.0,2.0,0,Economy
Airline 10,disappointing experience uncomfortable and expensive,no,1.0,1.0,1.0,4.0,1.0,,1.0,3.0,0,Economy
Airline 02,smooth journey friendly service worth the fare,yes,6.0,3.0,3.0,2.0,4.0,3.0,,5.0,0,Economy
Airline 21,disappointing experience uncomfortable and expensive,no,3.0,3.0,2.0,,2.0,1.0,,3.0,1,Economy
Airline 20,smooth journey friendly service worth the fare,yes,8.0,3.0,4.0,3.0,3.0,2.0,,4.0,1,Economy
Airline 29,smooth journey friendly service worth the fare,yes,9.0,4.0,5.0,5.0,4.0,4.0,,5.0,0,Premium Economy
Airline 11,disappointing experience uncomfortable and expensive,no,4.0,3.0,3.0,2.0,1.0,2.0,,1.0,1,Economy
Airline 36,good value and helpful cabin crew,no,4.0,4.0,2.0,2.0,1.0,3.0,,2.0,0,Economy
Airline 35,disappointing experience uncomfortable and expensive,no,6.0,4.0,4.0,3.0,4.0,3.0,,2.0,1,Economy
Airline 24,long delay weak communication would not recommend,no,8.0,4.0,4.0,4.0,3.0,,2.0,3.0,0,Business
Airline 10,disappointing experience uncomfortable and expensive,no,9.0,4.0,2.0,4.0,5.0,,,4.0,0,Economy
Airline 26,efficient ground team and comfortable flight,no,5.0,2.0,2.0,,,2.0,,1.0,1,Economy
Airline 34,long delay weak communication would not recommend,no,7.0,4.0,3.0,,3.0,2.0,,3.0,0,Premium Economy
Airline 19,smooth journey friendly service worth the fare,yes,8.0,3.0,5.0,2.0,5.0,2.0,,4.0,1,Economy
Airline 14,disappointing experience uncomfortable and expensive,no,2.0,3.0,2.0,3.0,4.0,3.0,,3.0,0,Economy
Airline 26,good value and helpful cabin crew,no,6.0,2.0,4.0,2.0,2.0,,,4.0,1,Business
Airline 18,poor value delay and unhelpful ground service,no,7.0,3.0,3.0,4.0,1.0,,4.0,4.0,1,Economy
Airline 21,disappointing experience uncomfortable and expensive,no,8.0,2.0,2.0,,4.0,,3.0,3.0,0,Economy
Airline 18,long delay weak communication would not recommend,no,6.0,3.0,3.0,,4.0,,,2.0,0,Economy
Airline 16,poor value delay and unhelpful ground service,yes,7.0,3.0,5.0,1.0,4.0,3.0,,4.0,1,Economy
Airline 36,efficient ground team and comfortable flight,yes,2.0,2.0,2.0,3.0,2.0,,,1.0,1,Economy
Airline 24,efficient ground team and comfortable flight,yes,6.0,4.0,5.0,3.0,3.0,3.0,,5.0,0,Business
Airline 24,efficient ground team and comfortable flight,yes,9.0,2.0,5.0,,4.0,2.0,,5.0,1,Economy
Airline 33,efficient ground team and comfortable flight,no,7.0,1.0,3.0,3.0,4.0,,,2.0,0,Economy
Airline 19,disappointing experience uncomfortable and expensive,no,4.0,3.0,1.0,,1.0,2.0,2.0,2.0,1,Economy
Airline 06,smooth journey friendly service worth the fare,yes,6.0,3.0,2.0,3.0,3.0,3.0,2.0,4.0,0,Economy
Airline 43,poor value delay and unhelpful ground service,no,8.0,2.0,5.0,4.0,2.0,,,4.0,0,Economy
Airline 03,poor value delay and unhelpful ground service,no,3.0,3.0,2.0,1.0,,1.0,1.0,1.0,1,Economy
Airline 29,disappointing experience uncomfortable and expensive,no,6.0,2.0,2.0,3.0,2.0,,,2.0,1,Premium Economy
Airline 14,disappointing experience uncomfortable and expensive,no,1.0,2.0,3.0,,2.0,,4.0,1.0,1,Economy
Airline 11,disappointing experience uncomfortable and expensive,no,3.0,3.0,2.0,,3.0,3.0,,4.0,1,Economy
Airline 03,long delay weak communication would not recommend,no,5.0,5.0,3.0,4.0,3.0,3.0,2.0,3.0,0,Economy
Airline 46,poor value delay and unhelpful ground service,no,2.0,2.0,2.0,3.0,3.0,,3.0,1.0,1,Business
Airline 22,smooth journey friendly service worth the fare,yes,7.0,3.0,5.0,5.0,3.0,3.0,3.0,3.0,0,Premium Economy
Airline 18,disappointing experience uncomfortable and expensive,no,5.0,3.0,4.0,3.0,3.0,1.0,2.0,3.0,1,Economy
Airline 38,good value and helpful cabin crew,yes,7.0,2.0,3.0,2.0,4.0,,4.0,4.0,0,Economy
Airline 02,poor value delay and unhelpful ground service,no,7.0,2.0,3.0,3.0,1.0,,,3.0,1,Economy
Airline 29,efficient ground team and comfortable flight,no,5.0,3.0,3.0,4.0,3.0,,3.0,2.0,0,Economy
Airline 25,long delay weak communication would not recommend,no,3.0,3.0,4.0,2.0,,,,1.0,0,Economy
Airline 28,disappointing experience uncomfortable and expensive,no,1.0,5.0,3.0,3.0,3.0,2.0,2.0,2.0,1,Economy
Airline 07,long delay weak communication would not recommend,no,4.0,3.0,3.0,1.0,1.0,3.0,,3.0,0,Economy
Airline 48,long delay weak communication would not recommend,no,7.0,4.0,3.0,4.0,3.0,,3.0,4.0,1,Economy
Airline 12,poor value delay and unhelpful ground service,no,4.0,4.0,4.0,4.0,2.0,,1.0,3.0,1,Economy
Airline 34,good value and helpful cabin crew,yes,5.0,3.0,4.0,1.0,4.0,3.0,,3.0,0,Economy
Airline 38,poor value delay and unhelpful ground service,no,6.0,3.0,1.0,3.0,4.0,2.0,3.0,3.0,0,Premium Economy
Airline 18,efficient ground team and comfortable flight,yes,10.0,4.0,5.0,2.0,5.0,3.0,,5.0,1,Business
Airline 07,poor value delay and unhelpful ground service,no,4.0,1.0,2.0,,1.0,,2.0,1.0,1,Economy
Airline 15,long delay weak communication would not recommend,no,4.0,3.0,3.0,,4.0,3.0,,3.0,1,Economy
Airline 41,disappointing experience uncomfortable and expensive,yes,10.0,5.0,5.0,4.0,5.0,,,5.0,1,Business
Airline 46,smooth journey friendly service worth the fare,yes,5.0,4.0,2.0,4.0,5.0,,,4.0,1,Economy
Airline 47,long delay weak communication would not recommend,no,4.0,2.0,3.0,2.0,2.0,2.0,,1.0,1,Premium Economy
Airline 12,poor value delay and unhelpful ground service,yes,8.0,4.0,4.0,,,4.0,,5.0,0,Premium Economy
Airline 31,poor value delay and unhelpful ground service,no,4.0,2.0,2.0,,2.0,3.0,,2.0,0,Economy
Airline 08,smooth journey friendly service worth the fare,yes,7.0,5.0,4.0,3.0,5.0,,,4.0,1,Economy
Airline 36,poor value delay and unhelpful ground service,no,3.0,2.0,4.0,,3.0,,3.0,2.0,1,Economy
Airline 21,good value and helpful cabin crew,no,3.0,3.0,3.0,3.0,4.0,,,3.0,1,Economy
Airline 36,long delay weak communication would not recommend,no,8.0,5.0,4.0,4.0,5.0,4.0,2.0,4.0,0,Premium Economy
Airline 35,smooth journey friendly service worth the fare,yes,7.0,3.0,3.0,4.0,3.0,,,5.0,0,Economy
Airline 50,good value and helpful cabin crew,yes,9.0,4.0,5.0,3.0,4.0,3.0,,4.0,0,Economy
Airline 25,efficient ground team and comfortable flight,yes,7.0,3.0,3.0,2.0,5.0,,,5.0,1,Premium Economy
Airline 18,poor value delay and unhelpful ground service,no,5.0,3.0,3.0,2.0,3.0,1.0,,2.0,1,Economy
Airline 27,disappointing experience uncomfortable and expensive,no,8.0,3.0,4.0,1.0,4.0,4.0,,5.0,1,Economy
Airline 09,poor value delay and unhelpful ground service,no,6.0,3.0,5.0,5.0,3.0,2.0,,4.0,0,Economy
Airline 06,disappointing experience uncomfortable and expensive,no,3.0,5.0,3.0,2.0,4.0,2.0,3.0,3.0,0,Economy
Airline 26,poor value delay and unhelpful ground service,no,7.0,3.0,4.0,3.0,3.0,,3.0,5.0,1,Economy
Airline 42,good value and helpful cabin crew,yes,8.0,1.0,5.0,5.0,4.0,2.0,2.0,4.0,1,Economy
Airline 27,poor value delay and unhelpful ground service,no,4.0,2.0,4.0,3.0,3.0,2.0,4.0,4.0,0,Economy
Airline 40,poor value delay and unhelpful ground service,no,6.0,3.0,4.0,3.0,2.0,4.0,,3.0,0,Economy
Airline 09,disappointing experience uncomfortable and expensive,yes,5.0,3.0,3.0,1.0,3.0,4.0,,3.0,1,Business
Airline 23,poor value delay and unhelpful ground service,no,3.0,3.0,2.0,,4.0,4.0,,2.0,0,Economy
Airline 31,poor value delay and unhelpful ground service,no,5.0,4.0,2.0,,3.0,3.0,1.0,2.0,1,Business
Airline 18,long delay weak communication would not recommend,yes,6.0,3.0,4.0,2.0,4.0,3.0,4.0,4.0,1,Economy
Airline 01,smooth journey friendly service worth the fare,yes,4.0,1.0,3.0,2.0,5.0,,2.0,2.0,0,Business
Airline 04,disappointing experience uncomfortable and expensive,yes,7.0,2.0,2.0,5.0,4.0,2.0,,4.0,0,Premium Economy
Airline 47,good value and helpful cabin crew,no,7.0,3.0,4.0,2.0,3.0,2.0,,3.0,0,Economy
Airline 31,poor value delay and unhelpful ground service,no,9.0,2.0,4.0,,4.0,,4.0,3.0,1,Economy
Airline 14,efficient ground team and comfortable flight,yes,6.0,3.0,4.0,3.0,4.0,3.0,4.0,4.0,0,Economy
Airline 13,smooth journey friendly service worth the fare,no,5.0,4.0,2.0,,4.0,1.0,,3.0,0,Economy
Airline 02,long delay weak communication would not recommend,no,3.0,2.0,2.0,2.0,3.0,3.0,,1.0,1,Economy
Airline 48,smooth journey friendly service worth the fare,yes,10.0,4.0,5.0,,2.0,4.0,,5.0,1,Premium Economy
Airline 06,disappointing experience uncomfortable and expensive,no,5.0,2.0,3.0,3.0,2.0,3.0,,4.0,0,Economy
Airline 38,efficient ground team and comfortable flight,no,6.0,3.0,3.0,3.0,3.0,1.0,2.0,3.0,0,Economy
Airline 13,disappointing experience uncomfortable and expensive,no,6.0,3.0,5.0,2.0,2.0,,,2.0,1,Economy
Airline 17,disappointing experience uncomfortable and expensive,no,5.0,3.0,2.0,5.0,1.0,2.0,,2.0,0,Premium Economy
Airline 14,efficient ground team and comfortable flight,yes,10.0,5.0,4.0,3.0,4.0,,,5.0,1,Economy
Airline 42,poor value delay and unhelpful ground service,no,7.0,5.0,5.0,5.0,4.0,3.0,3.0,4.0,1,Economy
Airline 02,disappointing experience uncomfortable and expensive,no,5.0,3.0,3.0,2.0,3.0,4.0,2.0,4.0,1,Premium Economy
Airline 18,long delay weak communication would not recommend,no,5.0,3.0,2.0,1.0,2.0,3.0,1.0,3.0,0,Economy
Airline 14,poor value delay and unhelpful ground service,no,8.0,3.0,5.0,1.0,4.0,,,3.0,1,Economy
Airline 14,disappointing experience uncomfortable and expensive,no,7.0,4.0,4.0,3.0,3.0,5.0,,2.0,0,Economy
Airline 10,long delay weak communication would not recommend,no,5.0,2.0,3.0,4.0,2.0,,2.0,2.0,1,Economy
Airline 46,smooth journey friendly service worth the fare,yes,7.0,3.0,4.0,2.0,4.0,2.0,,3.0,0,Economy
Airline 19,efficient ground team and comfortable flight,no,4.0,4.0,2.0,2.0,3.0,1.0,3.0,2.0,0,Premium Economy
Airline 21,smooth journey friendly service worth the fare,yes,5.0,3.0,3.0,3.0,3.0,,3.0,4.0,0,Economy
Airline 20,long delay weak communication would not recommend,no,4.0,2.0,3.0,3.0,,3.0,1.0,3.0,1,Business
Airline 50,disappointing experience uncomfortable and expensive,no,7.0,3.0,4.0,3.0,3.0,2.0,3.0,3.0,1,Economy
Airline 17,poor value delay and unhelpful ground service,no,4.0,4.0,3.0,1.0,3.0,3.0,,2.0,1,Economy
Airline 18,efficient ground team and comfortable flight,yes,8.0,1.0,3.0,3.0,3.0,3.0,,4.0,1,Economy
Airline 17,poor value delay and unhelpful ground service,no,4.0,3.0,3.0,3.0,,,,2.0,1,Economy
Airline 17,long delay weak communication would not recommend,no,4.0,2.0,1.0,3.0,3.0,3.0,,3.0,1,Economy
Airline 05,smooth journey friendly service worth the fare,no,4.0,3.0,3.0,3.0,4.0,2.0,1.0,2.0,1,Economy
Airline 31,disappointing experience uncomfortable and expensive,no,3.0,2.0,1.0,1.0,2.0,1.0,1.0,3.0,1,Economy
Airline 02,disappointing experience uncomfortable and expensive,no,5.0,4.0,3.0,4.0,3.0,4.0,2.0,4.0,1,Premium Economy
Airline 12,long delay weak communication would not recommend,no,2.0,2.0,4.0,3.0,3.0,,3.0,2.0,1,Economy
Airline 11,smooth journey friendly service worth the fare,no,5.0,3.0,1.0,1.0,3.0,,3.0,2.0,1,Economy
Airline 15,good value and helpful cabin crew,yes,8.0,5.0,4.0,3.0,4.0,3.0,,4.0,0,Premium Economy
Airline 38,disappointing experience uncomfortable and expensive,no,3.0,3.0,3.0,,2.0,,2.0,1.0,1,Premium Economy
Airline 30,long delay weak communication would not recommend,no,7.0,3.0,3.0,,,3.0,4.0,2.0,0,Economy
Airline 50,good value and helpful cabin crew,no,5.0,3.0,3.0,1.0,,,1.0,2.0,1,Economy
Airline 18,disappointing experience uncomfortable and expensive,no,9.0,4.0,5.0,3.0,,,2.0,3.0,1,Economy
Airline 47,long delay weak communication would not recommend,no,8.0,2.0,4.0,,4.0,4.0,,3.0,1,Premium Economy
Airline 03,poor value delay and unhelpful ground service,no,7.0,4.0,3.0,4.0,3.0,3.0,,3.0,1,Economy
Airline 26,poor value delay and unhelpful ground service,no,7.0,3.0,4.0,,2.0,,1.0,3.0,1,Premium Economy
Airline 40,poor value delay and unhelpful ground service,no,6.0,3.0,4.0,3.0,3.0,1.0,,3.0,0,Economy
Airline 27,long delay weak communication would not recommend,no,5.0,2.0,3.0,1.0,4.0,1.0,,2.0,0,Economy
Airline 47,long delay weak communication would not recommend,no,5.0,2.0,3.0,2.0,3.0,1.0,2.0,3.0,0,Business
Airline 16,poor value delay and unhelpful ground service,no,9.0,5.0,5.0,,5.0,2.0,3.0,5.0,1,Premium Economy
Airline 02,efficient ground team and comfortable flight,yes,3.0,3.0,4.0,,4.0,,,5.0,1,Economy
Airline 39,good value and helpful cabin crew,yes,5.0,4.0,3.0,4.0,3.0,,,1.0,1,Economy
Airline 04,long delay weak communication would not recommend,no,6.0,3.0,3.0,,3.0,3.0,2.0,2.0,1,Economy
Airline 39,smooth journey friendly service worth the fare,yes,3.0,2.0,4.0,,2.0,3.0,2.0,3.0,0,Economy
Airline 37,disappointing experience uncomfortable and expensive,no,3.0,2.0,3.0,2.0,1.0,3.0,,1.0,1,Economy
Airline 43,smooth journey friendly service worth the fare,yes,6.0,2.0,2.0,4.0,3.0,,3.0,4.0,1,Economy
Airline 24,poor value delay and unhelpful ground service,no,3.0,3.0,2.0,2.0,4.0,3.0,,3.0,0,Business
Airline 45,smooth journey friendly service worth the fare,yes,3.0,2.0,2.0,2.0,3.0,3.0,,3.0,1,Premium Economy
Airline 09,long delay weak communication would not recommend,no,1.0,3.0,2.0,2.0,1.0,1.0,,2.0,1,Economy
Airline 22,long delay weak communication would not recommend,no,1.0,3.0,3.0,1.0,2.0,,3.0,2.0,0,Business
Airline 07,disappointing experience uncomfortable and expensive,no,5.0,1.0,5.0,4.0,2.0,3.0,,2.0,1,Economy
Airline 39,good value and helpful cabin crew,no,5.0,3.0,1.0,3.0,3.0,3.0,,3.0,1,Economy
Airline 36,smooth journey friendly service worth the fare,no,4.0,1.0,3.0,1.0,2.0,1.0,,2.0,0,Economy
Airline 41,disappointing experience uncomfortable and expensive,no,8.0,5.0,4.0,4.0,5.0,4.0,,3.0,1,Economy
Airline 39,poor value delay and unhelpful ground service,no,5.0,3.0,3.0,2.0,3.0,3.0,,4.0,0,Economy
Airline 16,good value and helpful cabin crew,yes,8.0,2.0,4.0,,4.0,3.0,,4.0,1,Economy
Airline 04,efficient ground team and comfortable flight,yes,7.0,5.0,3.0,3.0,3.0,1.0,,3.0,1,Business
Airline 47,long delay weak communication would not recommend,no,5.0,2.0,2.0,,1.0,2.0,1.0,3.0,1,Business
Airline 25,good value and helpful cabin crew,yes,6.0,2.0,3.0,,,1.0,,3.0,1,Economy
Airline 05,disappointing experience uncomfortable and expensive,no,4.0,1.0,3.0,1.0,3.0,3.0,1.0,1.0,1,Business
Airline 47,long delay weak communication would not recommend,no,7.0,3.0,4.0,2.0,5.0,,4.0,4.0,0,Business
Airline 50,long delay weak communication would not recommend,no,5.0,2.0,3.0,3.0,1.0,,1.0,1.0,0,Economy
Airline 23,good value and helpful cabin crew,yes,6.0,3.0,3.0,4.0,3.0,4.0,,4.0,1,Economy
Airline 39,long delay weak communication would not recommend,no,5.0,2.0,5.0,4.0,3.0,3.0,,3.0,0,Economy
Airline 02,good value and helpful cabin crew,yes,8.0,4.0,4.0,3.0,5.0,4.0,4.0,4.0,0,Economy
Airline 05,long delay weak communication would not recommend,no,3.0,4.0,3.0,1.0,2.0,,3.0,2.0,0,Economy
Airline 14,long delay weak communication would not recommend,no,7.0,3.0,2.0,,3.0,,,3.0,0,Economy
Airline 33,disappointing experience uncomfortable and expensive,no,6.0,3.0,4.0,2.0,2.0,4.0,,4.0,1,Premium Economy
Airline 07,efficient ground team and comfortable flight,yes,6.0,3.0,4.0,3.0,4.0,2.0,,4.0,1,Economy
Airline 02,smooth journey friendly service worth the fare,yes,9.0,5.0,3.0,4.0,,2.0,3.0,5.0,0,Economy
Airline 34,smooth journey friendly service worth the fare,no,7.0,5.0,3.0,,3.0,2.0,1.0,2.0,0,Economy
Airline 39,smooth journey friendly service worth the fare,yes,8.0,3.0,4.0,3.0,3.0,3.0,2.0,5.0,1,Business
Airline 37,long delay weak communication would not recommend,no,5.0,4.0,2.0,1.0,4.0,,2.0,2.0,0,Economy
Airline 40,efficient ground team and comfortable flight,yes,8.0,3.0,3.0,4.0,5.0,4.0,2.0,4.0,0,Economy
Airline 41,smooth journey friendly service worth the fare,no,3.0,1.0,2.0,2.0,2.0,,1.0,1.0,1,Economy
Airline 31,good value and helpful cabin crew,yes,6.0,2.0,5.0,4.0,2.0,,,3.0,1,Premium Economy
Airline 26,poor value delay and unhelpful ground service,no,2.0,3.0,1.0,,1.0,,,1.0,1,Economy
Airline 43,poor value delay and unhelpful ground service,no,6.0,4.0,1.0,3.0,3.0,,,1.0,1,Economy
Airline 18,smooth journey friendly service worth the fare,no,5.0,3.0,3.0,3.0,4.0,3.0,,4.0,0,Economy
Airline 05,efficient ground team and comfortable flight,no,1.0,2.0,2.0,2.0,3.0,1.0,2.0,2.0,0,Economy
Airline 38,disappointing experience uncomfortable and expensive,no,6.0,2.0,2.0,2.0,3.0,1.0,,3.0,0,Premium Economy
Airline 14,disappointing experience uncomfortable and expensive,no,9.0,4.0,4.0,,,3.0,,4.0,0,Economy
Airline 49,efficient ground team and comfortable flight,no,4.0,3.0,4.0,3.0,2.0,,,3.0,1,Economy
Airline 21,poor value delay and unhelpful ground service,no,4.0,1.0,2.0,1.0,1.0,2.0,,3.0,0,Economy
Airline 43,poor value delay and unhelpful ground service,yes,3.0,3.0,3.0,3.0,4.0,4.0,,2.0,1,Premium Economy
Airline 03,disappointing experience uncomfortable and expensive,no,6.0,1.0,2.0,4.0,2.0,3.0,,1.0,1,Business
Airline 33,efficient ground team and comfortable flight,yes,5.0,3.0,3.0,2.0,,3.0,2.0,3.0,1,Economy
Airline 23,long delay weak communication would not recommend,no,6.0,2.0,3.0,,3.0,3.0,3.0,3.0,1,Economy
Airline 24,good value and helpful cabin crew,no,4.0,3.0,2.0,2.0,1.0,1.0,,2.0,0,Economy
Airline 14,smooth journey friendly service worth the fare,yes,8.0,3.0,4.0,2.0,,3.0,2.0,5.0,1,Business
Airline 49,poor value delay and unhelpful ground service,no,4.0,1.0,1.0,4.0,1.0,1.0,,2.0,1,Economy
Airline 20,smooth journey friendly service worth the fare,yes,9.0,5.0,4.0,4.0,5.0,,,5.0,1,Business
Airline 43,long delay weak communication would not recommend,no,4.0,3.0,3.0,2.0,2.0,,3.0,2.0,1,Business
Airline 22,disappointing experience uncomfortable and expensive,no,4.0,3.0,4.0,2.0,3.0,3.0,2.0,2.0,0,Business
Airline 03,disappointing experience uncomfortable and expensive,no,7.0,4.0,5.0,2.0,3.0,3.0,5.0,4.0,1,Economy
Airline 44,efficient ground team and comfortable flight,yes,7.0,4.0,4.0,4.0,4.0,,,4.0,1,Economy
Airline 10,good value and helpful cabin crew,no,5.0,3.0,4.0,4.0,2.0,1.0,,3.0,1,Economy
Airline 14,long delay weak communication would not recommend,no,5.0,5.0,3.0,,4.0,3.0,2.0,3.0,1,Economy
Airline 44,good value and helpful cabin crew,yes,6.0,4.0,4.0,,4.0,2.0,,3.0,0,Economy
Airline 45,poor value delay and unhelpful ground service,no,4.0,2.0,4.0,2.0,2.0,,,1.0,0,Business
Airline 46,disappointing experience uncomfortable and expensive,no,7.0,4.0,4.0,4.0,3.0,,3.0,4.0,0,Economy
Airline 22,good value and helpful cabin crew,yes,8.0,4.0,5.0,2.0,5.0,5.0,,5.0,1,Premium Economy
Airline 38,long delay weak communication would not recommend,no,5.0,2.0,3.0,,,,,4.0,1,Premium Economy
Airline 17,good value and helpful cabin crew,yes,7.0,4.0,4.0,3.0,2.0,1.0,3.0,4.0,1,Economy
Airline 38,long delay weak communication would not recommend,no,8.0,4.0,3.0,4.0,4.0,,1.0,3.0,1,Economy
Airline 26,good value and helpful cabin crew,no,3.0,1.0,2.0,2.0,1.0,2.0,,2.0,1,Premium Economy
Airline 03,smooth journey friendly service worth the fare,yes,8.0,3.0,4.0,3.0,4.0,5.0,,5.0,1,Economy
Airline 21,disappointing experience uncomfortable and expensive,no,5.0,3.0,2.0,2.0,3.0,3.0,,3.0,0,Economy
Airline 24,good value and helpful cabin crew,no,4.0,1.0,2.0,4.0,2.0,2.0,4.0,2.0,1,Economy
Airline 13,smooth journey friendly service worth the fare,yes,10.0,4.0,5.0,4.0,5.0,,5.0,5.0,0,Economy
Airline 19,long delay weak communication would not recommend,no,6.0,5.0,3.0,,3.0,,2.0,1.0,0,Economy
Airline 26,long delay weak communication would not recommend,no,3.0,2.0,2.0,3.0,4.0,,3.0,3.0,1,Business
Airline 03,long delay weak communication would not recommend,yes,7.0,5.0,3.0,4.0,4.0,,,5.0,0,Economy
Airline 08,poor value delay and unhelpful ground service,no,4.0,4.0,1.0,1.0,,2.0,,2.0,0,Economy
Airline 39,disappointing experience uncomfortable and expensive,no,6.0,2.0,2.0,,3.0,,1.0,2.0,1,Economy
Airline 18,efficient ground team and comfortable flight,yes,8.0,4.0,3.0,4.0,2.0,3.0,,4.0,0,Economy
Airline 31,poor value delay and unhelpful ground service,no,4.0,5.0,3.0,2.0,3.0,4.0,,3.0,1,Premium Economy
Airline 29,disappointing experience uncomfortable and expensive,no,3.0,2.0,2.0,,2.0,,,1.0,0,Economy
Airline 28,disappointing experience uncomfortable and expensive,yes,5.0,5.0,4.0,5.0,4.0,,3.0,4.0,0,Economy
Airline 21,efficient ground team and comfortable flight,yes,5.0,2.0,2.0,2.0,3.0,2.0,3.0,3.0,0,Economy
Airline 25,smooth journey friendly service worth the fare,yes,9.0,5.0,5.0,3.0,5.0,2.0,2.0,5.0,1,Economy
Airline 42,poor value delay and unhelpful ground service,no,3.0,3.0,2.0,3.0,3.0,2.0,,3.0,0,Economy
Airline 49,good value and helpful cabin crew,yes,10.0,3.0,5.0,3.0,5.0,2.0,,5.0,1,Premium Economy
Airline 13,efficient ground team and comfortable flight,yes,9.0,5.0,4.0,,5.0,,,3.0,0,Business
Airline 34,poor value delay and unhelpful ground service,no,2.0,2.0,2.0,,2.0,2.0,,1.0,1,Economy
Airline 49,poor value delay and unhelpful ground service,no,5.0,3.0,4.0,3.0,1.0,,4.0,3.0,1,Economy
Airline 01,poor value delay and unhelpful ground service,no,4.0,4.0,3.0,3.0,4.0,2.0,,4.0,0,Economy
Airline 40,efficient ground team and comfortable flight,yes,4.0,1.0,2.0,,3.0,1.0,3.0,3.0,0,Economy
Airline 25,poor value delay and unhelpful ground service,no,7.0,2.0,5.0,3.0,3.0,,2.0,3.0,0,Economy
Airline 49,poor value delay and unhelpful ground service,no,8.0,4.0,1.0,2.0,2.0,,,2.0,0,Premium Economy
Airline 29,poor value delay and unhelpful ground service,no,5.0,4.0,3.0,4.0,4.0,3.0,,1.0,1,Economy
Airline 42,efficient ground team and comfortable flight,yes,5.0,3.0,3.0,,,2.0,,4.0,1,Business
Airline 09,disappointing experience uncomfortable and expensive,yes,6.0,3.0,4.0,5.0,3.0,,,3.0,1,Economy
Airline 08,smooth journey friendly service worth the fare,yes,8.0,3.0,3.0,2.0,3.0,3.0,3.0,5.0,0,Economy
Airline 47,disappointing experience uncomfortable and expensive,no,5.0,4.0,5.0,4.0,,,1.0,2.0,1,Business
Airline 27,disappointing experience uncomfortable and expensive,no,5.0,1.0,3.0,,2.0,3.0,,4.0,0,Economy
Airline 28,disappointing experience uncomfortable and expensive,no,6.0,2.0,1.0,2.0,3.0,,2.0,3.0,0,Economy
Airline 09,disappointing experience uncomfortable and expensive,no,6.0,3.0,2.0,2.0,2.0,,,2.0,1,Economy
Airline 12,poor value delay and unhelpful ground service,no,3.0,3.0,3.0,2.0,2.0,,2.0,3.0,1,Economy
Airline 41,efficient ground team and comfortable flight,yes,4.0,1.0,3.0,4.0,,,,4.0,1,Economy
Airline 16,long delay weak communication would not recommend,no,1.0,1.0,2.0,1.0,,3.0,,1.0,0,Premium Economy
Airline 30,poor value delay and unhelpful ground service,no,3.0,3.0,2.0,2.0,3.0,2.0,3.0,3.0,1,Economy
Airline 16,efficient ground team and comfortable flight,no,4.0,4.0,2.0,2.0,3.0,2.0,3.0,3.0,0,Premium Economy
Airline 14,long delay weak communication would not recommend,no,6.0,2.0,2.0,1.0,1.0,,,2.0,0,Economy
Airline 09,smooth journey friendly service worth the fare,yes,8.0,3.0,5.0,3.0,5.0,,,5.0,1,Economy
Airline 47,poor value delay and unhelpful ground service,no,6.0,3.0,2.0,,3.0,,3.0,2.0,1,Business
Airline 48,disappointing experience uncomfortable and expensive,no,6.0,3.0,4.0,3.0,3.0,4.0,1.0,3.0,0,Business
Airline 06,smooth journey friendly service worth the fare,yes,5.0,4.0,4.0,2.0,3.0,,2.0,3.0,0,Economy
Airline 18,long delay weak communication would not recommend,no,6.0,3.0,3.0,3.0,4.0,3.0,3.0,2.0,1,Economy
Airline 29,smooth journey friendly service worth the fare,no,1.0,1.0,1.0,2.0,2.0,,,2.0,0,Economy
Airline 20,good value and helpful cabin crew,no,6.0,4.0,4.0,4.0,,4.0,3.0,3.0,1,Economy
Airline 37,poor value delay and unhelpful ground service,no,3.0,4.0,2.0,2.0,2.0,1.0,2.0,1.0,0,Economy
Airline 14,disappointing experience uncomfortable and expensive,no,4.0,2.0,2.0,4.0,2.0,,,2.0,0,Economy
Airline 03,disappointing experience uncomfortable and expensive,no,1.0,2.0,3.0,,1.0,1.0,1.0,1.0,1,Economy
Airline 17,smooth journey friendly service worth the fare,yes,4.0,2.0,2.0,3.0,2.0,,1.0,3.0,1,Economy
Airline 30,smooth journey friendly service worth the fare,yes,8.0,4.0,3.0,4.0,5.0,,,5.0,1,Economy
Airline 10,long delay weak communication would not recommend,yes,7.0,3.0,4.0,3.0,4.0,2.0,1.0,5.0,0,Economy
Airline 41,poor value delay and unhelpful ground service,no,9.0,5.0,4.0,,3.0,4.0,,4.0,1,Economy
Airline 01,long delay weak communication would not recommend,yes,9.0,5.0,5.0,3.0,5.0,,2.0,3.0,1,Economy
Airline 04,poor value delay and unhelpful ground service,no,7.0,3.0,3.0,4.0,3.0,2.0,,4.0,1,Economy
Airline 26,disappointing experience uncomfortable and expensive,no,3.0,3.0,3.0,1.0,1.0,,,2.0,0,Premium Economy
Airline 26,disappointing experience uncomfortable and expensive,no,3.0,3.0,3.0,,3.0,,2.0,2.0,0,Economy
Airline 15,disappointing experience uncomfortable and expensive,no,7.0,3.0,4.0,4.0,3.0,,4.0,4.0,0,Premium Economy
Airline 13,poor value delay and unhelpful ground service,no,4.0,2.0,3.0,3.0,4.0,2.0,1.0,3.0,1,Business
Airline 04,smooth journey friendly service worth the fare,yes,10.0,5.0,5.0,4.0,5.0,3.0,,5.0,0,Business
Airline 34,good value and helpful cabin crew,no,4.0,3.0,3.0,3.0,2.0,1.0,1.0,3.0,0,Economy
Airline 19,good value and helpful cabin crew,yes,10.0,3.0,4.0,5.0,5.0,4.0,,5.0,0,Business
Airline 06,long delay weak communication would not recommend,yes,6.0,3.0,4.0,3.0,5.0,3.0,,4.0,1,Business
Airline 20,long delay weak communication would not recommend,no,9.0,5.0,4.0,3.0,5.0,3.0,3.0,3.0,1,Economy
Airline 47,good value and helpful cabin crew,yes,9.0,5.0,5.0,3.0,,,3.0,4.0,0,Business
Airline 14,poor value delay and unhelpful ground service,no,3.0,2.0,3.0,1.0,,4.0,,1.0,0,Business
Airline 45,long delay weak communication would not recommend,no,8.0,2.0,2.0,1.0,3.0,1.0,,3.0,0,Premium Economy
Airline 13,long delay weak communication would not recommend,no,3.0,2.0,4.0,1.0,3.0,3.0,1.0,1.0,0,Economy
Airline 10,poor value delay and unhelpful ground service,no,3.0,4.0,2.0,2.0,1.0,2.0,2.0,1.0,1,Business
Airline 14,efficient ground team and comfortable flight,yes,9.0,4.0,3.0,4.0,2.0,3.0,,4.0,1,Economy
Airline 17,long delay weak communication would not recommend,no,4.0,4.0,3.0,4.0,3.0,2.0,,3.0,1,Premium Economy
Airline 07,long delay weak communication would not recommend,no,6.0,4.0,4.0,2.0,3.0,,2.0,2.0,1,Business
Airline 30,smooth journey friendly service worth the fare,yes,7.0,2.0,4.0,2.0,4.0,,,3.0,0,Economy
Airline 17,disappointing experience uncomfortable and expensive,no,1.0,1.0,2.0,1.0,1.0,,2.0,1.0,1,Economy
Airline 36,efficient ground team and comfortable flight,yes,9.0,3.0,4.0,1.0,5.0,,,5.0,1,Economy
Airline 25,disappointing experience uncomfortable and expensive,no,3.0,2.0,5.0,2.0,2.0,4.0,2.0,3.0,1,Business
Airline 23,efficient ground team and comfortable flight,yes,8.0,3.0,4.0,4.0,4.0,,,3.0,0,Premium Economy
Airline 24,good value and helpful cabin crew,yes,7.0,3.0,3.0,3.0,4.0,,,2.0,0,Economy
Airline 08,efficient ground team and comfortable flight,yes,9.0,4.0,4.0,2.0,4.0,,3.0,5.0,0,Economy
Airline 36,long delay weak communication would not recommend,no,5.0,3.0,3.0,,2.0,,,2.0,0,Economy
Airline 06,poor value delay and unhelpful ground service,no,2.0,3.0,2.0,,2.0,1.0,,1.0,0,Economy
Airline 37,long delay weak communication would not recommend,no,7.0,3.0,3.0,4.0,,2.0,3.0,2.0,0,Business
Airline 50,poor value delay and unhelpful ground service,no,4.0,3.0,3.0,,3.0,,,2.0,1,Economy
Airline 39,smooth journey friendly service worth the fare,no,2.0,3.0,3.0,3.0,3.0,,2.0,1.0,0,Economy
Airline 23,efficient ground team and comfortable flight,no,7.0,2.0,5.0,3.0,3.0,,3.0,3.0,1,Business
Airline 16,smooth journey friendly service worth the fare,no,6.0,1.0,3.0,3.0,2.0,,2.0,2.0,1,Premium Economy
Airline 44,long delay weak communication would not recommend,no,3.0,3.0,4.0,1.0,1.0,,,2.0,0,Economy
Airline 13,disappointing experience uncomfortable and expensive,no,8.0,4.0,4.0,2.0,4.0,,2.0,4.0,1,Economy
Airline 25,good value and helpful cabin crew,yes,4.0,3.0,5.0,1.0,3.0,,4.0,4.0,1,Business
Airline 39,poor value delay and unhelpful ground service,no,6.0,2.0,3.0,,4.0,3.0,4.0,1.0,1,Business
Airline 47,disappointing experience uncomfortable and expensive,no,4.0,2.0,3.0,2.0,3.0,,,3.0,1,Economy
Airline 47,long delay weak communication would not recommend,no,7.0,5.0,5.0,,5.0,,,4.0,0,Economy
Airline 05,disappointing experience uncomfortable and expensive,no,7.0,3.0,3.0,3.0,3.0,3.0,1.0,2.0,1,Premium Economy
Airline 45,smooth journey friendly service worth the fare,yes,7.0,3.0,4.0,,2.0,,,3.0,0,Economy
Airline 06,smooth journey friendly service worth the fare,no,4.0,3.0,4.0,2.0,2.0,3.0,,3.0,0,Economy
Airline 30,long delay weak communication would not recommend,no,6.0,3.0,4.0,4.0,3.0,3.0,,4.0,0,Economy
Airline 47,smooth journey friendly service worth the fare,yes,9.0,3.0,4.0,3.0,3.0,,,5.0,1,Premium Economy
Airline 33,smooth journey friendly service worth the fare,yes,6.0,4.0,4.0,1.0,5.0,4.0,,2.0,1,Economy
Airline 48,poor value delay and unhelpful ground service,no,7.0,3.0,4.0,5.0,,,1.0,3.0,1,Economy
Airline 18,good value and helpful cabin crew,yes,7.0,3.0,4.0,3.0,3.0,3.0,3.0,5.0,0,Business
Airline 16,long delay weak communication would not recommend,no,3.0,4.0,3.0,2.0,3.0,,,2.0,0,Economy
Airline 17,poor value delay and unhelpful ground service,no,1.0,2.0,3.0,2.0,1.0,4.0,,2.0,0,Premium Economy
Airline 18,smooth journey friendly service worth the fare,no,4.0,1.0,2.0,,,3.0,2.0,4.0,1,Economy
Airline 35,disappointing experience uncomfortable and expensive,no,4.0,2.0,2.0,3.0,,3.0,1.0,1.0,1,Economy
Airline 23,long delay weak communication would not recommend,no,5.0,1.0,3.0,,2.0,3.0,,2.0,0,Economy
Airline 37,poor value delay and unhelpful ground service,no,1.0,2.0,2.0,,3.0,1.0,2.0,2.0,0,Premium Economy
Airline 21,efficient ground team and comfortable flight,yes,4.0,1.0,3.0,,2.0,,2.0,1.0,0,Economy
Airline 16,good value and helpful cabin crew,yes,3.0,3.0,2.0,,4.0,4.0,1.0,5.0,1,Premium Economy
Airline 10,disappointing experience uncomfortable and expensive,no,5.0,3.0,3.0,3.0,4.0,,3.0,3.0,0,Economy
Airline 28,good value and helpful cabin crew,no,4.0,2.0,2.0,,2.0,4.0,,1.0,1,Economy
Airline 45,good value and helpful cabin crew,yes,6.0,3.0,2.0,4.0,3.0,3.0,,3.0,1,Economy
Airline 43,smooth journey friendly service worth the fare,no,6.0,3.0,3.0,3.0,3.0,2.0,,2.0,1,Economy
Airline 13,efficient ground team and comfortable flight,yes,7.0,4.0,5.0,,3.0,,5.0,5.0,1,Economy
Airline 24,poor value delay and unhelpful ground service,no,5.0,3.0,3.0,,3.0,,,3.0,0,Business
Airline 36,good value and helpful cabin crew,yes,8.0,3.0,5.0,2.0,4.0,3.0,,3.0,1,Economy
Airline 31,good value and helpful cabin crew,yes,5.0,3.0,3.0,3.0,5.0,,2.0,4.0,1,Economy
Airline 04,disappointing experience uncomfortable and expensive,no,1.0,2.0,2.0,2.0,2.0,3.0,3.0,2.0,1,Economy
Airline 30,long delay weak communication would not recommend,no,6.0,4.0,2.0,4.0,5.0,1.0,,2.0,1,Economy
Airline 02,poor value delay and unhelpful ground service,yes,2.0,2.0,2.0,3.0,1.0,,,2.0,1,Economy
Airline 06,long delay weak communication would not recommend,yes,7.0,3.0,2.0,3.0,2.0,3.0,,3.0,1,Economy
Airline 33,long delay weak communication would not recommend,no,2.0,5.0,1.0,2.0,2.0,3.0,1.0,2.0,1,Economy
Airline 06,poor value delay and unhelpful ground service,no,6.0,3.0,3.0,,5.0,3.0,,3.0,0,Business
Airline 17,poor value delay and unhelpful ground service,no,5.0,2.0,2.0,3.0,,2.0,,2.0,0,Economy
Airline 30,poor value delay and unhelpful ground service,no,8.0,2.0,3.0,3.0,2.0,3.0,1.0,2.0,0,Economy
Airline 33,disappointing experience uncomfortable and expensive,no,7.0,3.0,3.0,4.0,3.0,3.0,,2.0,1,Economy
Airline 23,efficient ground team and comfortable flight,yes,9.0,3.0,4.0,4.0,3.0,,1.0,4.0,1,Economy
Airline 05,disappointing experience uncomfortable and expensive,no,5.0,3.0,1.0,,1.0,,,1.0,0,Economy
Airline 40,efficient ground team and comfortable flight,no,5.0,4.0,3.0,2.0,5.0,2.0,4.0,2.0,1,Economy
Airline 48,disappointing experience uncomfortable and expensive,no,6.0,3.0,4.0,5.0,3.0,3.0,,2.0,0,Economy
Airline 45,efficient ground team and comfortable flight,yes,8.0,5.0,5.0,4.0,5.0,,,4.0,1,Premium Economy
Airline 38,good value and helpful cabin crew,no,1.0,1.0,2.0,2.0,2.0,3.0,,2.0,0,Business
Airline 21,poor value delay and unhelpful ground service,no,4.0,3.0,2.0,4.0,2.0,,,2.0,1,Economy
Airline 44,efficient ground team and comfortable flight,yes,10.0,5.0,5.0,,5.0,4.0,,5.0,1,Premium Economy
Airline 25,poor value delay and unhelpful ground service,no,4.0,3.0,3.0,,3.0,3.0,,2.0,0,Economy
Airline 07,good value and helpful cabin crew,no,1.0,2.0,3.0,1.0,2.0,,2.0,1.0,1,Economy
Airline 43,good value and helpful cabin crew,yes,3.0,2.0,3.0,2.0,4.0,1.0,,3.0,1,Economy
Airline 17,poor value delay and unhelpful ground service,no,1.0,1.0,1.0,1.0,,3.0,1.0,1.0,0,Economy
Airline 47,disappointing experience uncomfortable and expensive,no,5.0,3.0,4.0,,2.0,4.0,2.0,4.0,1,Premium Economy
Airline 19,efficient ground team and comfortable flight,yes,8.0,4.0,4.0,3.0,5.0,3.0,,5.0,1,Economy
Airline 44,disappointing experience uncomfortable and expensive,no,3.0,2.0,3.0,,3.0,3.0,,2.0,0,Economy
Airline 27,long delay weak communication would not recommend,no,3.0,3.0,3.0,3.0,2.0,2.0,3.0,1.0,1,Premium Economy
Airline 24,smooth journey friendly service worth the fare,yes,9.0,3.0,4.0,3.0,4.0,4.0,3.0,3.0,1,Economy
Airline 15,good value and helpful cabin crew,no,2.0,2.0,3.0,1.0,2.0,1.0,,1.0,1,Economy
Airline 42,disappointing experience uncomfortable and expensive,no,4.0,2.0,1.0,3.0,2.0,,,1.0,1,Economy
Airline 04,poor value delay and unhelpful ground service,no,6.0,3.0,3.0,3.0,,1.0,4.0,2.0,1,Economy
Airline 24,long delay weak communication would not recommend,no,5.0,3.0,2.0,,2.0,,1.0,2.0,0,Economy
Airline 19,good value and helpful cabin crew,yes,5.0,3.0,1.0,,4.0,,,4.0,0,Business
Airline 28,poor value delay and unhelpful ground service,no,3.0,1.0,1.0,2.0,1.0,,,1.0,0,Economy
Airline 13,good value and helpful cabin crew,yes,6.0,3.0,3.0,3.0,4.0,3.0,2.0,3.0,0,Business
Airline 34,good value and helpful cabin crew,no,5.0,2.0,3.0,4.0,3.0,,2.0,2.0,1,Economy
Airline 20,smooth journey friendly service worth the fare,yes,8.0,3.0,4.0,4.0,4.0,4.0,,4.0,0,Business
Airline 10,poor value delay and unhelpful ground service,no,6.0,1.0,4.0,,3.0,4.0,,4.0,0,Economy
Airline 10,disappointing experience uncomfortable and expensive,no,6.0,3.0,2.0,3.0,4.0,2.0,,4.0,0,Economy
Airline 35,long delay weak communication would not recommend,no,3.0,3.0,2.0,3.0,2.0,1.0,1.0,2.0,1,Economy
Airline 14,long delay weak communication would not recommend,no,7.0,3.0,4.0,3.0,2.0,2.0,,3.0,0,Economy
Airline 16,long delay weak communication would not recommend,no,4.0,2.0,3.0,1.0,2.0,,,2.0,1,Premium Economy
Airline 32,smooth journey friendly service worth the fare,yes,5.0,5.0,3.0,1.0,3.0,,,4.0,0,Business
Airline 17,poor value delay and unhelpful ground service,no,6.0,5.0,2.0,,3.0,3.0,1.0,5.0,0,Economy
Airline 20,poor value delay and unhelpful ground service,no,4.0,2.0,2.0,3.0,4.0,3.0,,1.0,1,Economy
Airline 13,efficient ground team and comfortable flight,yes,9.0,4.0,5.0,,5.0,1.0,2.0,5.0,0,Economy
Airline 18,poor value delay and unhelpful ground service,yes,10.0,2.0,4.0,3.0,5.0,,,4.0,1,Business
Airline 35,poor value delay and unhelpful ground service,no,8.0,4.0,5.0,3.0,5.0,3.0,3.0,4.0,1,Economy
Airline 27,efficient ground team and comfortable flight,no,4.0,1.0,1.0,,2.0,3.0,,2.0,1,Economy
Airline 50,long delay weak communication would not recommend,no,1.0,2.0,3.0,2.0,1.0,1.0,2.0,1.0,1,Economy
Airline 39,smooth journey friendly service worth the fare,yes,8.0,5.0,4.0,4.0,2.0,4.0,,4.0,0,Economy
Airline 01,poor value delay and unhelpful ground service,no,4.0,3.0,4.0,,3.0,5.0,,3.0,0,Economy
Airline 19,disappointing experience uncomfortable and expensive,no,5.0,2.0,2.0,,,,,2.0,1,Premium Economy
Airline 15,smooth journey friendly service worth the fare,yes,7.0,5.0,4.0,3.0,3.0,3.0,,5.0,0,Economy
Airline 30,long delay weak communication would not recommend,no,3.0,2.0,3.0,2.0,2.0,3.0,,3.0,1,Business
Airline 14,poor value delay and unhelpful ground service,no,6.0,3.0,2.0,2.0,2.0,3.0,,3.0,0,Economy
Airline 49,efficient ground team and comfortable flight,yes,9.0,2.0,4.0,3.0,4.0,1.0,2.0,4.0,1,Economy
Airline 15,efficient ground team and comfortable flight,yes,4.0,3.0,2.0,2.0,3.0,3.0,1.0,3.0,0,Economy
Airline 27,good value and helpful cabin crew,yes,5.0,3.0,3.0,4.0,2.0,2.0,,4.0,1,Economy
Airline 07,smooth journey friendly service worth the fare,yes,7.0,2.0,2.0,5.0,3.0,3.0,3.0,5.0,1,Economy
Airline 46,disappointing experience uncomfortable and expensive,no,5.0,4.0,3.0,3.0,4.0,,,3.0,1,Premium Economy
Airline 46,long delay weak communication would not recommend,no,8.0,5.0,5.0,2.0,5.0,3.0,3.0,5.0,0,Economy
Airline 40,good value and helpful cabin crew,yes,8.0,5.0,5.0,3.0,4.0,,,4.0,1,Economy
Airline 18,long delay weak communication would not recommend,no,4.0,4.0,4.0,3.0,4.0,3.0,,3.0,0,Business
Airline 03,efficient ground team and comfortable flight,no,2.0,3.0,1.0,2.0,1.0,2.0,2.0,2.0,0,Economy
Airline 36,smooth journey friendly service worth the fare,yes,5.0,1.0,4.0,2.0,3.0,3.0,,1.0,0,Economy
Airline 22,poor value delay and unhelpful ground service,yes,9.0,3.0,4.0,2.0,4.0,4.0,,5.0,0,Economy
Airline 50,disappointing experience uncomfortable and expensive,no,1.0,2.0,1.0,,2.0,1.0,2.0,1.0,0,Business
Airline 35,long delay weak communication would not recommend,no,4.0,3.0,4.0,2.0,1.0,3.0,,2.0,1,Economy
Airline 27,good value and helpful cabin crew,yes,7.0,3.0,4.0,,3.0,3.0,1.0,3.0,1,Premium Economy
Airline 50,efficient ground team and comfortable flight,yes,9.0,3.0,5.0,4.0,,2.0,4.0,4.0,0,Economy
Airline 41,disappointing experience uncomfortable and expensive,no,4.0,3.0,2.0,2.0,2.0,,,3.0,1,Economy
Airline 23,efficient ground team and comfortable flight,no,3.0,3.0,3.0,3.0,3.0,3.0,,2.0,0,Economy
Airline 01,efficient ground team and comfortable flight,no,4.0,4.0,4.0,2.0,4.0,2.0,3.0,2.0,0,Economy
Airline 05,efficient ground team and comfortable flight,yes,9.0,3.0,4.0,3.0,3.0,5.0,3.0,4.0,1,Economy
Airline 23,long delay weak communication would not recommend,no,3.0,1.0,2.0,2.0,,4.0,2.0,4.0,1,Economy
Airline 29,long delay weak communication would not recommend,no,6.0,4.0,4.0,2.0,3.0,4.0,,5.0,0,Premium Economy
Airline 02,long delay weak communication would not recommend,no,2.0,4.0,2.0,2.0,2.0,4.0,2.0,2.0,0,Economy
Airline 07,disappointing experience uncomfortable and expensive,yes,6.0,3.0,3.0,2.0,4.0,,,3.0,1,Business
Airline 36,poor value delay and unhelpful ground service,yes,6.0,4.0,2.0,2.0,3.0,3.0,,4.0,1,Business
Airline 38,long delay weak communication would not recommend,no,5.0,2.0,4.0,1.0,3.0,,,2.0,0,Business
Airline 02,good value and helpful cabin crew,yes,6.0,4.0,3.0,,3.0,,3.0,4.0,0,Premium Economy
Airline 26,disappointing experience uncomfortable and expensive,yes,6.0,2.0,3.0,,3.0,4.0,2.0,3.0,0,Economy
Airline 05,long delay weak communication would not recommend,no,7.0,3.0,2.0,4.0,4.0,,3.0,3.0,1,Economy
Airline 37,efficient ground team and comfortable flight,yes,8.0,3.0,4.0,2.0,3.0,1.0,3.0,3.0,0,Economy
Airline 42,efficient ground team and comfortable flight,yes,8.0,4.0,3.0,1.0,,2.0,,3.0,1,Business
Airline 44,smooth journey friendly service worth the fare,no,4.0,2.0,2.0,3.0,3.0,,3.0,2.0,0,Economy
Airline 30,poor value delay and unhelpful ground service,no,5.0,1.0,2.0,1.0,3.0,,,3.0,1,Economy
Airline 32,smooth journey friendly service worth the fare,yes,8.0,4.0,5.0,3.0,3.0,5.0,,5.0,0,Economy
Airline 47,efficient ground team and comfortable flight,no,8.0,4.0,3.0,,4.0,,2.0,3.0,1,Economy
Airline 31,smooth journey friendly service worth the fare,no,4.0,2.0,1.0,1.0,,2.0,,2.0,1,Business
Airline 23,poor value delay and unhelpful ground service,no,7.0,4.0,2.0,4.0,2.0,5.0,4.0,3.0,1,Business
Airline 38,smooth journey friendly service worth the fare,no,2.0,1.0,1.0,1.0,1.0,1.0,,1.0,1,Economy
Airline 30,disappointing experience uncomfortable and expensive,no,5.0,3.0,3.0,2.0,3.0,,,2.0,0,Premium Economy
Airline 43,long delay weak communication would not recommend,no,8.0,3.0,5.0,3.0,3.0,4.0,,4.0,0,Economy
Airline 27,long delay weak communication would not recommend,no,6.0,3.0,4.0,,2.0,,,3.0,1,Economy
Airline 44,long delay weak communication would not recommend,no,6.0,3.0,2.0,3.0,4.0,,2.0,3.0,1,Economy
Airline 03,disappointing experience uncomfortable and expensive,no,1.0,3.0,1.0,,1.0,2.0,1.0,1.0,0,Economy
Airline 02,long delay weak communication would not recommend,no,3.0,3.0,2.0,3.0,,3.0,,3.0,0,Economy
Airline 05,disappointing experience uncomfortable and expensive,no,7.0,4.0,5.0,3.0,4.0,2.0,,4.0,1,Economy
Airline 28,poor value delay and unhelpful ground service,no,7.0,4.0,5.0,,5.0,1.0,4.0,3.0,0,Economy
Airline 36,good value and helpful cabin crew,yes,5.0,1.0,5.0,,5.0,2.0,,5.0,1,Business
Airline 11,long delay weak communication would not recommend,yes,4.0,3.0,4.0,2.0,,2.0,2.0,3.0,0,Premium Economy
Airline 08,efficient ground team and comfortable flight,no,6.0,4.0,3.0,2.0,3.0,3.0,,3.0,0,Economy
Airline 44,disappointing experience uncomfortable and expensive,no,3.0,2.0,2.0,2.0,1.0,,,2.0,1,Economy
Airline 38,good value and helpful cabin crew,yes,5.0,3.0,3.0,2.0,3.0,,2.0,3.0,1,Economy
Airline 33,long delay weak communication would not recommend,no,4.0,1.0,2.0,3.0,2.0,,,2.0,1,Business
Airline 25,long delay weak communication would not recommend,no,1.0,2.0,2.0,2.0,1.0,2.0,3.0,1.0,1,Economy
Airline 22,disappointing experience uncomfortable and expensive,no,4.0,2.0,4.0,1.0,1.0,,,2.0,0,Business
Airline 02,long delay weak communication would not recommend,no,7.0,5.0,4.0,4.0,3.0,3.0,,3.0,0,Premium Economy
Airline 10,smooth journey friendly service worth the fare,no,5.0,4.0,2.0,,3.0,2.0,3.0,3.0,0,Premium Economy
Airline 45,good value and helpful cabin crew,yes,4.0,5.0,2.0,2.0,,3.0,2.0,3.0,0,Economy
Airline 17,efficient ground team and comfortable flight,no,3.0,2.0,3.0,2.0,2.0,3.0,2.0,3.0,1,Economy
Airline 36,poor value delay and unhelpful ground service,no,1.0,1.0,3.0,3.0,2.0,3.0,,1.0,1,Economy
Airline 36,good value and helpful cabin crew,yes,8.0,3.0,5.0,3.0,3.0,3.0,,4.0,1,Economy
Airline 16,poor value delay and unhelpful ground service,no,1.0,1.0,3.0,4.0,1.0,1.0,,1.0,0,Economy
Airline 11,disappointing experience uncomfortable and expensive,yes,3.0,2.0,3.0,4.0,3.0,4.0,3.0,3.0,1,Premium Economy
Airline 35,good value and helpful cabin crew,yes,6.0,3.0,3.0,3.0,4.0,2.0,,3.0,0,Economy
Airline 05,poor value delay and unhelpful ground service,no,6.0,4.0,4.0,3.0,3.0,,4.0,3.0,0,Economy
Airline 25,poor value delay and unhelpful ground service,no,5.0,2.0,2.0,2.0,3.0,3.0,,3.0,1,Economy
Airline 45,long delay weak communication would not recommend,no,1.0,3.0,1.0,1.0,1.0,3.0,,1.0,1,Economy
Airline 36,disappointing experience uncomfortable and expensive,yes,6.0,4.0,4.0,3.0,2.0,,1.0,2.0,1,Economy
Airline 39,disappointing experience uncomfortable and expensive,no,6.0,3.0,2.0,3.0,2.0,1.0,4.0,1.0,0,Economy
Airline 05,disappointing experience uncomfortable and expensive,no,5.0,4.0,3.0,1.0,3.0,4.0,,3.0,1,Economy
Airline 10,poor value delay and unhelpful ground service,yes,8.0,2.0,4.0,4.0,4.0,3.0,,4.0,1,Economy
Airline 14,disappointing experience uncomfortable and expensive,no,4.0,2.0,2.0,,2.0,,2.0,1.0,1,Economy
Airline 15,long delay weak communication would not recommend,no,7.0,3.0,4.0,4.0,,2.0,2.0,3.0,0,Economy
Airline 10,disappointing experience uncomfortable and expensive,no,4.0,3.0,5.0,3.0,3.0,4.0,,3.0,0,Economy
Airline 49,poor value delay and unhelpful ground service,yes,7.0,5.0,4.0,4.0,4.0,2.0,4.0,3.0,0,Business
Airline 09,long delay weak communication would not recommend,no,5.0,2.0,4.0,4.0,3.0,1.0,2.0,1.0,0,Economy
Airline 36,poor value delay and unhelpful ground service,no,6.0,3.0,3.0,3.0,3.0,,,4.0,0,Economy
Airline 30,poor value delay and unhelpful ground service,no,7.0,3.0,3.0,3.0,4.0,2.0,,1.0,1,Economy
Airline 31,smooth journey friendly service worth the fare,yes,7.0,3.0,5.0,5.0,2.0,4.0,3.0,4.0,1,Economy
Airline 11,poor value delay and unhelpful ground service,no,4.0,1.0,4.0,,,3.0,,2.0,1,Premium Economy
Airline 16,disappointing experience uncomfortable and expensive,no,1.0,1.0,1.0,1.0,1.0,2.0,2.0,1.0,0,Economy
Airline 31,long delay weak communication would not recommend,no,5.0,3.0,3.0,4.0,2.0,2.0,5.0,4.0,1,Economy
Airline 15,smooth journey friendly service worth the fare,yes,8.0,5.0,4.0,3.0,3.0,4.0,3.0,3.0,0,Business
Airline 35,smooth journey friendly service worth the fare,yes,6.0,2.0,4.0,2.0,4.0,,,5.0,1,Economy
Airline 02,long delay weak communication would not recommend,no,6.0,3.0,4.0,1.0,1.0,,,2.0,1,Economy
Airline 04,smooth journey friendly service worth the fare,yes,10.0,5.0,5.0,4.0,4.0,3.0,,3.0,0,Economy
Airline 37,good value and helpful cabin crew,yes,6.0,2.0,3.0,,1.0,3.0,,2.0,1,Economy
Airline 31,poor value delay and unhelpful ground service,no,8.0,3.0,4.0,2.0,5.0,,,5.0,0,Economy
Airline 03,smooth journey friendly service worth the fare,yes,7.0,4.0,4.0,,4.0,,4.0,4.0,0,Economy
Airline 45,long delay weak communication would not recommend,yes,9.0,4.0,5.0,4.0,5.0,3.0,,5.0,0,Economy
Airline 01,smooth journey friendly service worth the fare,yes,7.0,3.0,2.0,3.0,3.0,,3.0,3.0,1,Premium Economy
Airline 48,smooth journey friendly service worth the fare,yes,4.0,2.0,3.0,3.0,3.0,,,3.0,1,Business
Airline 37,long delay weak communication would not recommend,no,2.0,3.0,2.0,1.0,2.0,2.0,,1.0,1,Business
Airline 50,smooth journey friendly service worth the fare,yes,9.0,4.0,5.0,2.0,3.0,,,5.0,0,Business
Airline 48,long delay weak communication would not recommend,no,8.0,3.0,3.0,3.0,4.0,,,3.0,1,Economy
Airline 16,poor value delay and unhelpful ground service,no,8.0,3.0,5.0,4.0,4.0,1.0,3.0,4.0,0,Economy
Airline 38,good value and helpful cabin crew,yes,10.0,5.0,5.0,5.0,,,,5.0,1,Economy
Airline 11,good value and helpful cabin crew,no,7.0,5.0,3.0,3.0,3.0,5.0,5.0,3.0,0,Business
Airline 24,long delay weak communication would not recommend,no,4.0,2.0,1.0,2.0,1.0,,3.0,1.0,1,Economy
Airline 13,poor value delay and unhelpful ground service,no,5.0,3.0,4.0,1.0,2.0,3.0,,3.0,0,Premium Economy
Airline 25,disappointing experience uncomfortable and expensive,no,2.0,1.0,3.0,3.0,3.0,,,2.0,1,Economy
Airline 44,poor value delay and unhelpful ground service,no,6.0,4.0,3.0,3.0,4.0,3.0,,3.0,0,Business
Airline 22,disappointing experience uncomfortable and expensive,no,6.0,3.0,3.0,3.0,3.0,3.0,2.0,1.0,0,Economy
Airline 05,poor value delay and unhelpful ground service,no,6.0,2.0,3.0,1.0,2.0,3.0,,3.0,0,Economy
Airline 17,disappointing experience uncomfortable and expensive,no,1.0,2.0,2.0,,3.0,,2.0,2.0,0,Premium Economy
Airline 40,good value and helpful cabin crew,yes,9.0,4.0,4.0,5.0,5.0,3.0,,5.0,0,Economy
Airline 27,good value and helpful cabin crew,yes,6.0,3.0,4.0,3.0,3.0,,1.0,4.0,1,Economy
Airline 29,disappointing experience uncomfortable and expensive,no,7.0,4.0,4.0,4.0,5.0,3.0,3.0,2.0,1,Business
Airline 22,good value and helpful cabin crew,yes,8.0,4.0,4.0,,3.0,,,3.0,0,Economy
Airline 15,poor value delay and unhelpful ground service,no,6.0,4.0,3.0,4.0,2.0,,2.0,3.0,0,Economy
Airline 30,disappointing experience uncomfortable and expensive,no,6.0,3.0,2.0,,3.0,3.0,,3.0,0,Business
Airline 32,smooth journey friendly service worth the fare,yes,8.0,3.0,4.0,1.0,3.0,,,5.0,0,Economy
Airline 45,poor value delay and unhelpful ground service,no,7.0,3.0,4.0,2.0,3.0,,3.0,4.0,1,Business
Airline 31,good value and helpful cabin crew,yes,9.0,4.0,5.0,2.0,4.0,,3.0,3.0,1,Business
Airline 50,efficient ground team and comfortable flight,yes,9.0,4.0,4.0,3.0,4.0,4.0,,5.0,1,Economy
Airline 42,poor value delay and unhelpful ground service,no,7.0,2.0,3.0,3.0,3.0,4.0,4.0,3.0,0,Economy
Airline 04,long delay weak communication would not recommend,no,4.0,3.0,2.0,,3.0,2.0,1.0,3.0,0,Economy
Airline 20,efficient ground team and comfortable flight,yes,8.0,3.0,4.0,4.0,3.0,3.0,1.0,5.0,0,Economy
Airline 20,disappointing experience uncomfortable and expensive,no,3.0,2.0,3.0,1.0,1.0,,2.0,1.0,0,Economy
Airline 01,long delay weak communication would not recommend,no,7.0,3.0,4.0,,,,,3.0,1,Business
Airline 10,long delay weak communication would not recommend,no,6.0,2.0,3.0,3.0,3.0,,,3.0,1,Business
Airline 39,disappointing experience uncomfortable and expensive,no,5.0,2.0,2.0,2.0,2.0,3.0,1.0,2.0,1,Economy
Airline 18,poor value delay and unhelpful ground service,no,5.0,4.0,4.0,2.0,3.0,1.0,3.0,2.0,0,Economy
Airline 08,smooth journey friendly service worth the fare,yes,5.0,4.0,4.0,,3.0,2.0,3.0,3.0,0,Economy
Airline 15,poor value delay and unhelpful ground service,no,6.0,5.0,2.0,4.0,1.0,,,2.0,0,Premium Economy
Airline 14,long delay weak communication would not recommend,no,2.0,3.0,3.0,,1.0,2.0,3.0,2.0,0,Economy
Airline 09,good value and helpful cabin crew,yes,2.0,3.0,2.0,4.0,4.0,3.0,,2.0,1,Economy
Airline 06,long delay weak communication would not recommend,no,5.0,3.0,3.0,,4.0,,,3.0,0,Economy
Airline 39,efficient ground team and comfortable flight,yes,9.0,3.0,4.0,4.0,5.0,,,4.0,1,Economy
Airline 42,good value and helpful cabin crew,yes,9.0,4.0,4.0,4.0,2.0,3.0,2.0,5.0,0,Economy
Airline 25,poor value delay and unhelpful ground service,no,2.0,3.0,2.0,2.0,1.0,1.0,1.0,1.0,0,Business
Airline 31,efficient ground team and comfortable flight,yes,7.0,4.0,4.0,2.0,,2.0,,3.0,0,Economy
Airline 46,disappointing experience uncomfortable and expensive,no,6.0,2.0,3.0,4.0,3.0,2.0,2.0,1.0,1,Economy
Airline 43,long delay weak communication would not recommend,no,5.0,4.0,3.0,3.0,3.0,,,2.0,0,Economy
Airline 02,poor value delay and unhelpful ground service,no,7.0,2.0,3.0,,3.0,3.0,,3.0,0,Economy
Airline 48,disappointing experience uncomfortable and expensive,no,6.0,3.0,3.0,3.0,2.0,2.0,,3.0,1,Premium Economy
Airline 04,poor value delay and unhelpful ground service,no,6.0,4.0,2.0,4.0,2.0,4.0,,2.0,1,Economy
Airline 02,long delay weak communication would not recommend,no,3.0,2.0,4.0,,4.0,4.0,,3.0,0,Economy
Airline 21,long delay weak communication would not recommend,yes,9.0,5.0,4.0,,5.0,3.0,4.0,4.0,0,Economy
Airline 38,poor value delay and unhelpful ground service,no,8.0,3.0,3.0,5.0,3.0,3.0,,2.0,1,Economy
Airline 05,disappointing experience uncomfortable and expensive,no,8.0,3.0,4.0,,4.0,4.0,,5.0,0,Economy
Airline 15,smooth journey friendly service worth the fare,yes,7.0,4.0,4.0,3.0,4.0,,,5.0,0,Business
Airline 14,efficient ground team and comfortable flight,yes,7.0,3.0,4.0,2.0,,,,3.0,0,Economy
Airline 20,poor value delay and unhelpful ground service,no,1.0,1.0,3.0,3.0,2.0,3.0,,1.0,0,Economy
Airline 50,long delay weak communication would not recommend,no,8.0,4.0,5.0,2.0,5.0,4.0,3.0,3.0,0,Business
Airline 17,disappointing experience uncomfortable and expensive,no,3.0,2.0,1.0,3.0,3.0,4.0,,1.0,1,Economy
Airline 11,poor value delay and unhelpful ground service,no,8.0,3.0,4.0,4.0,3.0,3.0,2.0,3.0,1,Economy
Airline 07,poor value delay and unhelpful ground service,no,5.0,2.0,3.0,2.0,,2.0,,3.0,0,Premium Economy
Airline 10,poor value delay and unhelpful ground service,no,3.0,1.0,2.0,1.0,2.0,1.0,,1.0,0,Economy
Airline 07,poor value delay and unhelpful ground service,yes,10.0,3.0,5.0,3.0,4.0,,2.0,5.0,1,Economy
Airline 29,disappointing experience uncomfortable and expensive,yes,3.0,1.0,4.0,1.0,3.0,,,2.0,1,Economy
Airline 22,good value and helpful cabin crew,yes,8.0,5.0,3.0,4.0,5.0,4.0,,4.0,1,Economy
Airline 25,disappointing experience uncomfortable and expensive,no,7.0,3.0,3.0,,1.0,,,3.0,1,Economy
Airline 42,long delay weak communication would not recommend,yes,5.0,3.0,4.0,,2.0,3.0,4.0,4.0,1,Economy
Airline 30,poor value delay and unhelpful ground service,no,6.0,3.0,2.0,2.0,3.0,5.0,,3.0,0,Economy
Airline 08,poor value delay and unhelpful ground service,no,3.0,3.0,2.0,3.0,1.0,,1.0,2.0,0,Premium Economy
Airline 19,disappointing experience uncomfortable and expensive,no,7.0,4.0,3.0,,2.0,3.0,1.0,3.0,0,Economy
Airline 16,long delay weak communication would not recommend,no,4.0,3.0,3.0,,2.0,1.0,2.0,2.0,1,Economy
Airline 42,disappointing experience uncomfortable and expensive,yes,5.0,4.0,4.0,,3.0,4.0,,3.0,0,Economy
Airline 16,long delay weak communication would not recommend,no,8.0,4.0,4.0,,4.0,,,5.0,0,Economy
Airline 07,efficient ground team and comfortable flight,yes,6.0,4.0,3.0,2.0,4.0,4.0,2.0,3.0,1,Premium Economy
Airline 37,disappointing experience uncomfortable and expensive,no,3.0,3.0,1.0,3.0,2.0,2.0,3.0,2.0,0,Economy
Airline 22,long delay weak communication would not recommend,no,6.0,3.0,5.0,,3.0,,,4.0,0,Business
Airline 05,poor value delay and unhelpful ground service,no,3.0,3.0,3.0,2.0,2.0,3.0,,4.0,1,Economy
Airline 35,poor value delay and unhelpful ground service,no,5.0,1.0,3.0,3.0,2.0,2.0,,2.0,1,Economy
Airline 11,good value and helpful cabin crew,yes,6.0,3.0,5.0,3.0,4.0,3.0,,4.0,0,Economy
Airline 44,efficient ground team and comfortable flight,yes,8.0,3.0,3.0,,3.0,4.0,2.0,3.0,1,Economy
Airline 42,poor value delay and unhelpful ground service,no,2.0,2.0,3.0,,2.0,2.0,1.0,2.0,0,Economy
Airline 19,smooth journey friendly service worth the fare,yes,10.0,4.0,5.0,5.0,,4.0,2.0,5.0,1,Economy
Airline 28,efficient ground team and comfortable flight,yes,5.0,3.0,3.0,2.0,4.0,,3.0,3.0,1,Economy
Airline 29,long delay weak communication would not recommend,no,5.0,2.0,3.0,3.0,3.0,2.0,1.0,3.0,1,Business
Airline 33,efficient ground team and comfortable flight,no,3.0,4.0,2.0,,4.0,,,1.0,0,Economy
Airline 04,disappointing experience uncomfortable and expensive,no,7.0,4.0,4.0,4.0,3.0,,,3.0,0,Economy
Airline 17,poor value delay and unhelpful ground service,no,5.0,2.0,4.0,5.0,2.0,2.0,,2.0,1,Economy
Airline 09,poor value delay and unhelpful ground service,no,2.0,3.0,1.0,1.0,1.0,,,1.0,1,Economy
Airline 35,long delay weak communication would not recommend,no,5.0,3.0,2.0,3.0,3.0,3.0,,3.0,0,Business
Airline 04,good value and helpful cabin crew,yes,10.0,4.0,4.0,,3.0,,,4.0,1,Economy
Airline 26,smooth journey friendly service worth the fare,yes,5.0,3.0,4.0,4.0,3.0,3.0,,4.0,0,Premium Economy
Airline 37,long delay weak communication would not recommend,no,6.0,5.0,4.0,2.0,1.0,1.0,,2.0,1,Economy
Airline 48,smooth journey friendly service worth the fare,yes,7.0,4.0,5.0,4.0,5.0,2.0,2.0,5.0,0,Economy
Airline 15,long delay weak communication would not recommend,no,7.0,2.0,2.0,3.0,5.0,4.0,3.0,3.0,0,Economy
Airline 01,long delay weak communication would not recommend,no,3.0,3.0,4.0,5.0,3.0,,,3.0,1,Economy
Airline 37,disappointing experience uncomfortable and expensive,no,4.0,3.0,3.0,1.0,4.0,3.0,3.0,3.0,0,Premium Economy
Airline 01,efficient ground team and comfortable flight,yes,4.0,3.0,4.0,3.0,4.0,4.0,,4.0,1,Business
Airline 04,disappointing experience uncomfortable and expensive,no,3.0,1.0,2.0,2.0,3.0,,1.0,3.0,0,Economy
Airline 50,long delay weak communication would not recommend,no,6.0,3.0,3.0,3.0,3.0,,,3.0,1,Economy
Airline 44,long delay weak communication would not recommend,no,6.0,2.0,3.0,3.0,4.0,2.0,1.0,2.0,0,Economy
Airline 36,poor value delay and unhelpful ground service,no,1.0,2.0,1.0,2.0,1.0,3.0,,1.0,0,Premium Economy
Airline 42,poor value delay and unhelpful ground service,no,3.0,3.0,3.0,3.0,3.0,,3.0,3.0,1,Economy
Airline 04,disappointing experience uncomfortable and expensive,no,5.0,2.0,2.0,3.0,3.0,,,3.0,0,Economy
Airline 05,disappointing experience uncomfortable and expensive,no,9.0,3.0,3.0,5.0,4.0,3.0,1.0,4.0,1,Business
Airline 16,long delay weak communication would not recommend,no,2.0,3.0,2.0,1.0,1.0,,2.0,2.0,1,Premium Economy
Airline 02,disappointing experience uncomfortable and expensive,no,7.0,2.0,4.0,4.0,2.0,,2.0,3.0,0,Economy
Airline 45,poor value delay and unhelpful ground service,no,4.0,2.0,3.0,5.0,3.0,2.0,,2.0,0,Economy
Airline 03,good value and helpful cabin crew,yes,8.0,2.0,3.0,2.0,5.0,5.0,,4.0,0,Economy
Airline 28,smooth journey friendly service worth the fare,yes,5.0,2.0,3.0,3.0,3.0,2.0,,4.0,0,Economy
Airline 43,efficient ground team and comfortable flight,yes,8.0,4.0,4.0,,5.0,4.0,,5.0,1,Economy
Airline 37,efficient ground team and comfortable flight,no,7.0,4.0,4.0,4.0,3.0,,,4.0,0,Economy
Airline 12,long delay weak communication would not recommend,no,6.0,2.0,2.0,4.0,3.0,2.0,,2.0,0,Economy
Airline 24,long delay weak communication would not recommend,no,7.0,4.0,4.0,3.0,4.0,3.0,,3.0,1,Business
Airline 28,long delay weak communication would not recommend,no,5.0,3.0,3.0,1.0,4.0,,,2.0,0,Economy
Airline 39,efficient ground team and comfortable flight,yes,9.0,2.0,5.0,5.0,4.0,2.0,,4.0,1,Economy
Airline 22,smooth journey friendly service worth the fare,no,3.0,2.0,3.0,,3.0,1.0,1.0,1.0,0,Economy
Airline 15,poor value delay and unhelpful ground service,no,4.0,4.0,3.0,4.0,2.0,2.0,3.0,2.0,0,Economy
Airline 40,disappointing experience uncomfortable and expensive,no,8.0,2.0,2.0,,5.0,,,3.0,0,Premium Economy
Airline 45,disappointing experience uncomfortable and expensive,yes,7.0,5.0,5.0,2.0,5.0,,,4.0,1,Economy
Airline 25,disappointing experience uncomfortable and expensive,no,3.0,1.0,2.0,2.0,1.0,,1.0,1.0,1,Economy
Airline 02,disappointing experience uncomfortable and expensive,no,7.0,2.0,4.0,5.0,4.0,3.0,3.0,5.0,0,Economy
Airline 26,long delay weak communication would not recommend,no,5.0,3.0,4.0,4.0,2.0,3.0,3.0,2.0,1,Economy
Airline 45,smooth journey friendly service worth the fare,no,1.0,3.0,2.0,1.0,3.0,2.0,,1.0,0,Economy
Airline 50,long delay weak communication would not recommend,no,1.0,1.0,1.0,1.0,1.0,1.0,2.0,1.0,0,Economy
Airline 21,good value and helpful cabin crew,no,4.0,2.0,3.0,5.0,3.0,,,1.0,0,Premium Economy
Airline 08,disappointing experience uncomfortable and expensive,no,4.0,5.0,3.0,2.0,3.0,3.0,,3.0,1,Economy
Airline 29,long delay weak communication would not recommend,no,5.0,3.0,3.0,3.0,1.0,2.0,,4.0,1,Premium Economy
Airline 42,poor value delay and unhelpful ground service,no,7.0,5.0,3.0,3.0,5.0,2.0,2.0,3.0,1,Economy
Airline 48,poor value delay and unhelpful ground service,no,4.0,4.0,2.0,3.0,3.0,2.0,,2.0,0,Economy
Airline 03,poor value delay and unhelpful ground service,no,2.0,2.0,2.0,1.0,1.0,2.0,4.0,1.0,0,Economy
Airline 15,poor value delay and unhelpful ground service,no,5.0,3.0,3.0,2.0,4.0,4.0,3.0,1.0,0,Business
Airline 24,long delay weak communication would not recommend,no,7.0,3.0,2.0,2.0,5.0,,3.0,3.0,1,Economy
Airline 05,poor value delay and unhelpful ground service,no,5.0,3.0,2.0,2.0,,3.0,5.0,2.0,1,Economy
Airline 45,long delay weak communication would not recommend,no,4.0,3.0,3.0,2.0,2.0,4.0,,2.0,0,Economy
Airline 06,disappointing experience uncomfortable and expensive,yes,8.0,3.0,3.0,4.0,4.0,3.0,2.0,5.0,1,Economy
Airline 34,disappointing experience uncomfortable and expensive,no,4.0,1.0,3.0,4.0,2.0,4.0,2.0,4.0,0,Economy
Airline 46,long delay weak communication would not recommend,no,4.0,4.0,4.0,2.0,2.0,4.0,5.0,2.0,0,Economy
Airline 35,good value and helpful cabin crew,yes,4.0,4.0,3.0,2.0,4.0,4.0,,3.0,1,Economy
Airline 39,good value and helpful cabin crew,yes,8.0,2.0,5.0,3.0,4.0,,,4.0,0,Business
Airline 14,long delay weak communication would not recommend,no,5.0,3.0,3.0,2.0,2.0,3.0,,3.0,1,Economy
Airline 42,poor value delay and unhelpful ground service,no,2.0,4.0,3.0,1.0,2.0,,1.0,1.0,0,Economy
Airline 21,disappointing experience uncomfortable and expensive,no,5.0,4.0,4.0,4.0,5.0,,,5.0,1,Economy
Airline 04,long delay weak communication would not recommend,no,7.0,4.0,5.0,4.0,3.0,,,5.0,0,Business
Airline 19,long delay weak communication would not recommend,no,5.0,4.0,3.0,,,,,4.0,0,Economy
Airline 18,good value and helpful cabin crew,yes,9.0,4.0,4.0,1.0,5.0,5.0,3.0,5.0,1,Economy
Airline 27,efficient ground team and comfortable flight,yes,7.0,4.0,4.0,3.0,5.0,4.0,2.0,3.0,0,Economy
Airline 14,efficient ground team and comfortable flight,no,4.0,2.0,2.0,1.0,3.0,,,3.0,1,Economy
Airline 24,good value and helpful cabin crew,yes,5.0,1.0,3.0,3.0,,,2.0,5.0,1,Economy
Airline 22,smooth journey friendly service worth the fare,no,2.0,2.0,2.0,2.0,3.0,2.0,,3.0,1,Economy
Airline 17,poor value delay and unhelpful ground service,no,8.0,3.0,3.0,3.0,3.0,,,2.0,0,Premium Economy
Airline 35,long delay weak communication would not recommend,no,3.0,2.0,2.0,,3.0,2.0,,2.0,1,Economy
Airline 16,disappointing experience uncomfortable and expensive,no,3.0,3.0,3.0,,4.0,1.0,,3.0,0,Economy
Airline 39,smooth journey friendly service worth the fare,no,3.0,4.0,4.0,2.0,1.0,3.0,,2.0,1,Economy
Airline 13,smooth journey friendly service worth the fare,yes,5.0,3.0,4.0,,3.0,4.0,1.0,4.0,1,Business
Airline 44,smooth journey friendly service worth the fare,yes,6.0,3.0,5.0,,4.0,3.0,,4.0,1,Economy
Airline 19,poor value delay and unhelpful ground service,no,6.0,1.0,3.0,2.0,3.0,3.0,,2.0,1,Economy
Airline 03,poor value delay and unhelpful ground service,no,1.0,1.0,1.0,1.0,1.0,4.0,,1.0,0,Economy
Airline 08,long delay weak communication would not recommend,yes,3.0,1.0,3.0,2.0,3.0,,1.0,2.0,0,Economy
Airline 41,long delay weak communication would not recommend,no,1.0,3.0,2.0,,2.0,2.0,,1.0,1,Economy
Airline 44,poor value delay and unhelpful ground service,no,6.0,3.0,2.0,,4.0,2.0,,3.0,1,Premium Economy
Airline 11,efficient ground team and comfortable flight,yes,7.0,3.0,4.0,3.0,4.0,3.0,2.0,4.0,1,Economy
Airline 31,smooth journey friendly service worth the fare,yes,7.0,3.0,3.0,4.0,3.0,5.0,2.0,4.0,0,Economy
Airline 29,good value and helpful cabin crew,no,6.0,2.0,1.0,2.0,2.0,4.0,,2.0,0,Premium Economy
Airline 07,efficient ground team and comfortable flight,no,4.0,4.0,3.0,2.0,3.0,3.0,,3.0,0,Economy
Airline 23,efficient ground team and comfortable flight,no,3.0,3.0,3.0,1.0,3.0,4.0,4.0,2.0,0,Premium Economy
Airline 35,smooth journey friendly service worth the fare,no,2.0,3.0,2.0,4.0,1.0,3.0,,1.0,1,Economy
Airline 49,smooth journey friendly service worth the fare,yes,7.0,1.0,4.0,4.0,4.0,1.0,,4.0,0,Economy
Airline 43,efficient ground team and comfortable flight,yes,6.0,4.0,5.0,3.0,,4.0,3.0,5.0,0,Economy
Airline 05,disappointing experience uncomfortable and expensive,no,7.0,3.0,3.0,4.0,5.0,3.0,,3.0,1,Business
Airline 12,long delay weak communication would not recommend,no,5.0,2.0,3.0,,2.0,,,2.0,1,Economy
Airline 22,efficient ground team and comfortable flight,no,9.0,5.0,3.0,3.0,3.0,,,4.0,0,Business
Airline 08,long delay weak communication would not recommend,no,5.0,2.0,4.0,1.0,3.0,3.0,,3.0,0,Economy
Airline 29,poor value delay and unhelpful ground service,no,7.0,4.0,3.0,5.0,4.0,2.0,2.0,3.0,1,Business
Airline 01,disappointing experience uncomfortable and expensive,no,4.0,2.0,3.0,2.0,2.0,2.0,3.0,1.0,0,Economy
Airline 06,good value and helpful cabin crew,no,5.0,3.0,4.0,2.0,3.0,2.0,,2.0,0,Economy
Airline 03,efficient ground team and comfortable flight,no,2.0,1.0,2.0,2.0,1.0,3.0,,1.0,1,Economy
Airline 15,good value and helpful cabin crew,no,6.0,3.0,4.0,3.0,2.0,,,2.0,1,Economy
Airline 39,long delay weak communication would not recommend,no,7.0,3.0,2.0,3.0,4.0,1.0,2.0,3.0,0,Economy
Airline 09,smooth journey friendly service worth the fare,no,6.0,4.0,3.0,3.0,2.0,2.0,3.0,4.0,0,Economy
Airline 50,long delay weak communication would not recommend,yes,9.0,3.0,5.0,3.0,5.0,2.0,,4.0,1,Economy
Airline 14,disappointing experience uncomfortable and expensive,no,4.0,2.0,2.0,2.0,1.0,1.0,,2.0,1,Economy
Airline 03,poor value delay and unhelpful ground service,yes,4.0,2.0,3.0,3.0,3.0,4.0,1.0,3.0,1,Business
Airline 17,good value and helpful cabin crew,yes,4.0,2.0,4.0,2.0,2.0,3.0,,3.0,0,Business
Airline 38,long delay weak communication would not recommend,no,6.0,2.0,4.0,4.0,1.0,2.0,,1.0,1,Economy
Airline 06,efficient ground team and comfortable flight,yes,10.0,2.0,5.0,3.0,,,5.0,4.0,1,Business
Airline 04,poor value delay and unhelpful ground service,no,9.0,3.0,5.0,,3.0,3.0,2.0,5.0,0,Economy
Airline 43,long delay weak communication would not recommend,no,5.0,3.0,4.0,1.0,2.0,,1.0,4.0,1,Premium Economy
Airline 30,poor value delay and unhelpful ground service,no,6.0,2.0,2.0,3.0,3.0,2.0,,2.0,0,Economy
Airline 18,poor value delay and unhelpful ground service,no,2.0,3.0,1.0,1.0,2.0,2.0,,1.0,1,Economy
Airline 38,smooth journey friendly service worth the fare,yes,10.0,5.0,4.0,3.0,3.0,4.0,,5.0,1,Premium Economy
Airline 43,smooth journey friendly service worth the fare,yes,8.0,3.0,4.0,4.0,5.0,,,5.0,0,Economy
Airline 18,smooth journey friendly service worth the fare,yes,5.0,2.0,4.0,,3.0,2.0,,3.0,1,Economy
Airline 29,long delay weak communication would not recommend,no,2.0,3.0,2.0,5.0,,2.0,,1.0,1,Economy
Airline 01,efficient ground team and comfortable flight,no,1.0,2.0,3.0,3.0,3.0,,3.0,1.0,1,Economy
Airline 16,long delay weak communication would not recommend,no,8.0,3.0,2.0,2.0,2.0,,,3.0,1,Economy
Airline 30,efficient ground team and comfortable flight,no,7.0,4.0,5.0,4.0,3.0,,2.0,4.0,0,Economy
Airline 10,long delay weak communication would not recommend,no,1.0,2.0,2.0,2.0,2.0,1.0,,1.0,0,Economy
Airline 50,poor value delay and unhelpful ground service,no,5.0,3.0,3.0,3.0,2.0,,2.0,3.0,0,Economy
Airline 49,smooth journey friendly service worth the fare,yes,8.0,4.0,5.0,3.0,5.0,,,4.0,0,Economy
Airline 13,disappointing experience uncomfortable and expensive,no,3.0,4.0,4.0,3.0,3.0,3.0,3.0,4.0,0,Premium Economy
Airline 20,good value and helpful cabin crew,yes,8.0,3.0,4.0,4.0,5.0,2.0,,5.0,1,Economy
Airline 10,poor value delay and unhelpful ground service,no,5.0,3.0,4.0,3.0,4.0,3.0,3.0,4.0,1,Premium Economy
Airline 26,smooth journey friendly service worth the fare,no,4.0,2.0,5.0,3.0,2.0,,,2.0,0,Economy
Airline 07,long delay weak communication would not recommend,yes,7.0,2.0,5.0,,2.0,,2.0,3.0,0,Economy
Airline 20,disappointing experience uncomfortable and expensive,no,4.0,3.0,4.0,3.0,3.0,,2.0,2.0,1,Business
Airline 28,disappointing experience uncomfortable and expensive,no,4.0,3.0,1.0,2.0,3.0,,,1.0,1,Economy
Airline 31,poor value delay and unhelpful ground service,yes,3.0,2.0,3.0,1.0,1.0,,1.0,3.0,1,Economy
Airline 30,smooth journey friendly service worth the fare,yes,9.0,4.0,4.0,3.0,,4.0,,5.0,1,Business
Airline 12,disappointing experience uncomfortable and expensive,no,2.0,4.0,3.0,2.0,3.0,,,2.0,1,Economy
Airline 40,poor value delay and unhelpful ground service,no,9.0,4.0,3.0,3.0,3.0,,1.0,3.0,0,Economy
Airline 35,disappointing experience uncomfortable and expensive,no,6.0,3.0,3.0,3.0,3.0,2.0,,2.0,1,Economy
Airline 38,disappointing experience uncomfortable and expensive,no,6.0,3.0,3.0,3.0,3.0,3.0,2.0,4.0,1,Premium Economy
Airline 24,good value and helpful cabin crew,no,7.0,5.0,3.0,3.0,,3.0,3.0,5.0,1,Economy
Airline 45,disappointing experience uncomfortable and expensive,no,5.0,2.0,3.0,,4.0,1.0,2.0,2.0,1,Economy
Airline 20,good value and helpful cabin crew,yes,6.0,2.0,3.0,3.0,3.0,3.0,,4.0,0,Economy
Airline 41,disappointing experience uncomfortable and expensive,no,3.0,2.0,3.0,,1.0,2.0,,1.0,0,Economy
Airline 11,disappointing experience uncomfortable and expensive,no,6.0,4.0,3.0,3.0,3.0,1.0,,3.0,1,Economy
Airline 13,long delay weak communication would not recommend,no,1.0,2.0,1.0,2.0,1.0,2.0,,2.0,0,Economy
Airline 27,disappointing experience uncomfortable and expensive,no,4.0,4.0,4.0,1.0,2.0,3.0,2.0,2.0,1,Economy
Airline 28,smooth journey friendly service worth the fare,yes,8.0,3.0,5.0,4.0,3.0,,2.0,5.0,1,Business
Airline 38,long delay weak communication would not recommend,yes,6.0,2.0,3.0,3.0,5.0,4.0,,4.0,1,Premium Economy
Airline 15,long delay weak communication would not recommend,no,3.0,2.0,1.0,1.0,2.0,2.0,1.0,2.0,0,Economy
Airline 44,long delay weak communication would not recommend,yes,3.0,3.0,2.0,1.0,2.0,,,3.0,1,Economy
Airline 17,good value and helpful cabin crew,no,4.0,2.0,2.0,3.0,3.0,3.0,3.0,2.0,0,Economy
Airline 27,efficient ground team and comfortable flight,no,7.0,1.0,4.0,,2.0,,,3.0,0,Economy
Airline 47,efficient ground team and comfortable flight,no,3.0,2.0,2.0,1.0,2.0,,,2.0,0,Business
Airline 27,good value and helpful cabin crew,yes,4.0,2.0,4.0,1.0,4.0,,,4.0,0,Premium Economy
Airline 35,disappointing experience uncomfortable and expensive,yes,7.0,2.0,4.0,3.0,5.0,3.0,,4.0,1,Premium Economy
Airline 46,poor value delay and unhelpful ground service,no,5.0,3.0,4.0,3.0,4.0,,,1.0,1,Economy
Airline 49,long delay weak communication would not recommend,no,5.0,3.0,3.0,4.0,4.0,3.0,,4.0,1,Economy
Airline 25,smooth journey friendly service worth the fare,no,7.0,5.0,3.0,2.0,4.0,2.0,,3.0,1,Premium Economy
Airline 21,disappointing experience uncomfortable and expensive,no,7.0,3.0,3.0,,2.0,2.0,,2.0,1,Economy
Airline 10,long delay weak communication would not recommend,no,1.0,2.0,2.0,,,,,1.0,1,Business
Airline 27,good value and helpful cabin crew,no,6.0,3.0,4.0,4.0,3.0,3.0,,3.0,0,Economy
Airline 46,efficient ground team and comfortable flight,no,2.0,2.0,2.0,4.0,3.0,4.0,,2.0,1,Economy
Airline 25,disappointing experience uncomfortable and expensive,no,4.0,2.0,3.0,4.0,2.0,4.0,,2.0,0,Economy
Airline 18,long delay weak communication would not recommend,no,7.0,4.0,3.0,4.0,3.0,2.0,4.0,5.0,0,Premium Economy
Airline 06,efficient ground team and comfortable flight,yes,10.0,5.0,4.0,5.0,4.0,,3.0,5.0,1,Economy
Airline 20,good value and helpful cabin crew,yes,4.0,2.0,4.0,4.0,4.0,3.0,,3.0,1,Economy
Airline 12,poor value delay and unhelpful ground service,no,8.0,2.0,3.0,2.0,3.0,4.0,,4.0,1,Economy
Airline 49,poor value delay and unhelpful ground service,no,3.0,1.0,3.0,4.0,2.0,1.0,2.0,2.0,1,Economy
Airline 27,poor value delay and unhelpful ground service,no,9.0,4.0,2.0,,4.0,3.0,,4.0,0,Economy
Airline 07,good value and helpful cabin crew,yes,6.0,1.0,2.0,5.0,4.0,,3.0,3.0,1,Business
Airline 04,good value and helpful cabin crew,yes,8.0,4.0,3.0,,4.0,2.0,,5.0,1,Business
Airline 43,disappointing experience uncomfortable and expensive,no,5.0,3.0,3.0,,,1.0,,3.0,1,Economy
Airline 47,poor value delay and unhelpful ground service,yes,6.0,3.0,4.0,,4.0,3.0,,4.0,1,Business
Airline 39,efficient ground team and comfortable flight,yes,9.0,3.0,5.0,4.0,4.0,5.0,,5.0,1,Business
Airline 07,good value and helpful cabin crew,yes,6.0,4.0,4.0,,4.0,2.0,1.0,2.0,1,Economy
Airline 05,poor value delay and unhelpful ground service,no,1.0,2.0,3.0,,4.0,3.0,,3.0,0,Business
Airline 10,good value and helpful cabin crew,yes,10.0,3.0,5.0,4.0,5.0,3.0,,4.0,0,Economy
Airline 38,disappointing experience uncomfortable and expensive,no,4.0,1.0,2.0,3.0,1.0,3.0,4.0,2.0,0,Premium Economy
Airline 39,good value and helpful cabin crew,no,4.0,1.0,4.0,3.0,2.0,2.0,,2.0,1,Economy
Airline 42,good value and helpful cabin crew,yes,7.0,4.0,5.0,3.0,3.0,,,5.0,0,Economy
Airline 05,disappointing experience uncomfortable and expensive,no,4.0,4.0,3.0,1.0,4.0,,,3.0,0,Economy
Airline 08,efficient ground team and comfortable flight,no,5.0,4.0,4.0,4.0,3.0,3.0,4.0,2.0,1,Economy
Airline 46,long delay weak communication would not recommend,no,6.0,3.0,2.0,2.0,5.0,1.0,1.0,3.0,1,Premium Economy
Airline 47,poor value delay and unhelpful ground service,yes,6.0,2.0,3.0,3.0,3.0,3.0,,2.0,0,Premium Economy
Airline 37,poor value delay and unhelpful ground service,no,4.0,1.0,2.0,4.0,2.0,3.0,,2.0,1,Economy
Airline 06,poor value delay and unhelpful ground service,yes,9.0,3.0,5.0,3.0,4.0,4.0,,5.0,1,Economy
Airline 04,disappointing experience uncomfortable and expensive,no,3.0,3.0,3.0,3.0,4.0,2.0,,2.0,1,Economy
Airline 03,long delay weak communication would not recommend,no,8.0,5.0,3.0,3.0,4.0,2.0,2.0,4.0,0,Business
Airline 35,poor value delay and unhelpful ground service,no,5.0,4.0,3.0,2.0,1.0,2.0,1.0,3.0,0,Premium Economy
Airline 43,long delay weak communication would not recommend,no,5.0,2.0,3.0,4.0,3.0,,1.0,2.0,1,Premium Economy
Airline 32,good value and helpful cabin crew,no,7.0,1.0,4.0,2.0,2.0,,,1.0,0,Economy
Airline 14,long delay weak communication would not recommend,no,1.0,1.0,3.0,,1.0,,2.0,2.0,1,Economy
Airline 38,smooth journey friendly service worth the fare,yes,7.0,4.0,3.0,2.0,3.0,,2.0,3.0,1,Economy
Airline 03,poor value delay and unhelpful ground service,no,4.0,3.0,2.0,5.0,2.0,3.0,1.0,3.0,0,Business
Airline 42,good value and helpful cabin crew,yes,9.0,3.0,3.0,3.0,4.0,,,5.0,0,Economy
Airline 45,long delay weak communication would not recommend,no,3.0,2.0,4.0,3.0,1.0,,1.0,3.0,0,Business
Airline 36,good value and helpful cabin crew,no,4.0,2.0,4.0,4.0,2.0,2.0,1.0,3.0,0,Premium Economy
Airline 44,good value and helpful cabin crew,no,2.0,1.0,3.0,1.0,1.0,2.0,3.0,4.0,0,Business
Airline 30,smooth journey friendly service worth the fare,yes,8.0,5.0,4.0,4.0,4.0,,,5.0,1,Economy
Airline 24,long delay weak communication would not recommend,no,4.0,4.0,3.0,1.0,2.0,,,1.0,0,Business
Airline 17,good value and helpful cabin crew,no,7.0,3.0,5.0,1.0,4.0,,3.0,2.0,0,Economy
Airline 47,smooth journey friendly service worth the fare,yes,9.0,2.0,3.0,3.0,4.0,5.0,2.0,4.0,0,Economy
Airline 35,smooth journey friendly service worth the fare,yes,4.0,3.0,3.0,2.0,,,2.0,3.0,0,Economy
Airline 10,disappointing experience uncomfortable and expensive,no,4.0,2.0,1.0,,3.0,,,1.0,0,Business
Airline 48,disappointing experience uncomfortable and expensive,no,3.0,3.0,2.0,2.0,2.0,,,2.0,1,Premium Economy
Airline 03,good value and helpful cabin crew,yes,8.0,4.0,5.0,,,3.0,,4.0,1,Economy
Airline 30,long delay weak communication would not recommend,no,3.0,1.0,3.0,1.0,2.0,3.0,,1.0,0,Business
Airline 10,disappointing experience uncomfortable and expensive,no,6.0,4.0,4.0,3.0,4.0,2.0,,3.0,0,Business
Airline 34,smooth journey friendly service worth the fare,no,6.0,3.0,1.0,4.0,3.0,2.0,,3.0,1,Premium Economy
Airline 21,disappointing experience uncomfortable and expensive,yes,7.0,4.0,3.0,,3.0,3.0,,4.0,1,Premium Economy
Airline 22,smooth journey friendly service worth the fare,no,7.0,3.0,4.0,3.0,3.0,1.0,,3.0,1,Economy
Airline 34,efficient ground team and comfortable flight,no,5.0,3.0,2.0,,3.0,3.0,,2.0,0,Economy
Airline 38,disappointing experience uncomfortable and expensive,no,3.0,1.0,2.0,2.0,2.0,1.0,,2.0,1,Economy
Airline 20,smooth journey friendly service worth the fare,yes,6.0,4.0,4.0,,5.0,5.0,,4.0,1,Economy
Airline 50,good value and helpful cabin crew,no,6.0,2.0,2.0,3.0,3.0,2.0,,3.0,0,Premium Economy
Airline 25,long delay weak communication would not recommend,no,1.0,1.0,1.0,1.0,1.0,3.0,3.0,1.0,1,Business
Airline 09,poor value delay and unhelpful ground service,no,8.0,5.0,4.0,2.0,5.0,3.0,,3.0,0,Economy
Airline 01,long delay weak communication would not recommend,no,2.0,2.0,2.0,3.0,1.0,,3.0,2.0,0,Premium Economy
Airline 11,smooth journey friendly service worth the fare,yes,6.0,2.0,5.0,2.0,5.0,4.0,,4.0,1,Economy
Airline 35,smooth journey friendly service worth the fare,yes,8.0,4.0,4.0,3.0,3.0,,,4.0,1,Premium Economy
Airline 27,efficient ground team and comfortable flight,no,4.0,3.0,1.0,4.0,3.0,3.0,1.0,4.0,1,Economy
Airline 17,disappointing experience uncomfortable and expensive,yes,6.0,3.0,5.0,4.0,4.0,3.0,4.0,5.0,1,Economy
Airline 25,disappointing experience uncomfortable and expensive,no,4.0,3.0,3.0,3.0,4.0,,1.0,3.0,0,Economy
Airline 42,smooth journey friendly service worth the fare,yes,10.0,4.0,5.0,2.0,4.0,5.0,1.0,5.0,1,Economy
Airline 29,efficient ground team and comfortable flight,no,3.0,3.0,2.0,1.0,1.0,1.0,1.0,1.0,0,Business
Airline 03,long delay weak communication would not recommend,no,6.0,2.0,4.0,3.0,3.0,,,4.0,0,Economy
Airline 03,long delay weak communication would not recommend,no,7.0,3.0,4.0,4.0,3.0,4.0,3.0,3.0,0,Economy
Airline 25,smooth journey friendly service worth the fare,yes,5.0,3.0,4.0,3.0,1.0,,3.0,3.0,0,Economy
Airline 21,poor value delay and unhelpful ground service,yes,7.0,3.0,4.0,3.0,4.0,2.0,,4.0,1,Economy
Airline 43,poor value delay and unhelpful ground service,no,6.0,3.0,2.0,2.0,2.0,1.0,,2.0,0,Economy
Airline 30,long delay weak communication would not recommend,yes,8.0,4.0,5.0,4.0,,5.0,3.0,5.0,0,Economy
Airline 38,efficient ground team and comfortable flight,yes,8.0,5.0,5.0,3.0,5.0,,5.0,5.0,1,Premium Economy
Airline 30,smooth journey friendly service worth the fare,yes,8.0,2.0,2.0,3.0,5.0,2.0,,5.0,0,Economy
Airline 18,efficient ground team and comfortable flight,yes,7.0,3.0,3.0,2.0,3.0,,,4.0,0,Economy
Airline 33,good value and helpful cabin crew,yes,6.0,3.0,5.0,2.0,4.0,2.0,,5.0,1,Economy
Airline 32,disappointing experience uncomfortable and expensive,no,3.0,2.0,1.0,2.0,2.0,3.0,2.0,1.0,0,Economy
Airline 37,long delay weak communication would not recommend,no,1.0,3.0,2.0,3.0,1.0,2.0,,3.0,0,Economy
Airline 10,long delay weak communication would not recommend,no,10.0,3.0,4.0,4.0,4.0,2.0,,3.0,0,Business
Airline 33,efficient ground team and comfortable flight,yes,7.0,1.0,5.0,2.0,4.0,2.0,1.0,3.0,0,Economy
Airline 15,long delay weak communication would not recommend,no,8.0,2.0,2.0,1.0,3.0,,,2.0,0,Business
Airline 40,disappointing experience uncomfortable and expensive,yes,5.0,2.0,3.0,,3.0,,,4.0,0,Business
Airline 40,long delay weak communication would not recommend,no,1.0,1.0,2.0,1.0,1.0,2.0,1.0,1.0,0,Economy
Airline 32,poor value delay and unhelpful ground service,no,4.0,4.0,3.0,4.0,3.0,3.0,1.0,1.0,1,Economy
Airline 48,disappointing experience uncomfortable and expensive,no,3.0,3.0,2.0,1.0,3.0,1.0,,1.0,0,Economy
Airline 27,efficient ground team and comfortable flight,yes,8.0,4.0,4.0,,5.0,,3.0,3.0,0,Economy
Airline 02,efficient ground team and comfortable flight,yes,5.0,3.0,4.0,2.0,4.0,4.0,,5.0,0,Economy
Airline 31,long delay weak communication would not recommend,no,7.0,4.0,3.0,,2.0,,2.0,4.0,1,Economy
Airline 39,poor value delay and unhelpful ground service,no,5.0,3.0,4.0,,4.0,,,3.0,1,Business
Airline 06,disappointing experience uncomfortable and expensive,no,2.0,3.0,2.0,,2.0,1.0,,1.0,0,Economy
Airline 06,long delay weak communication would not recommend,yes,8.0,4.0,4.0,3.0,5.0,4.0,,4.0,0,Premium Economy
Airline 14,efficient ground team and comfortable flight,yes,8.0,3.0,4.0,4.0,4.0,2.0,,3.0,0,Premium Economy
Airline 43,good value and helpful cabin crew,yes,9.0,4.0,5.0,4.0,4.0,,,5.0,0,Economy
Airline 27,smooth journey friendly service worth the fare,yes,10.0,5.0,5.0,5.0,5.0,4.0,3.0,5.0,0,Economy
Airline 49,smooth journey friendly service worth the fare,no,2.0,2.0,2.0,3.0,1.0,2.0,,1.0,1,Economy
Airline 44,poor value delay and unhelpful ground service,no,5.0,2.0,4.0,2.0,2.0,1.0,2.0,3.0,1,Premium Economy
Airline 28,poor value delay and unhelpful ground service,no,2.0,3.0,2.0,3.0,2.0,,,2.0,1,Premium Economy
Airline 34,poor value delay and unhelpful ground service,no,4.0,4.0,2.0,,2.0,3.0,,4.0,1,Business
Airline 17,long delay weak communication would not recommend,no,6.0,3.0,5.0,4.0,3.0,,,2.0,0,Economy
Airline 05,efficient ground team and comfortable flight,yes,4.0,3.0,3.0,,,3.0,1.0,3.0,0,Economy
Airline 20,smooth journey friendly service worth the fare,yes,8.0,3.0,4.0,4.0,5.0,4.0,,5.0,0,Economy
Airline 30,long delay weak communication would not recommend,no,3.0,2.0,1.0,3.0,2.0,,1.0,2.0,0,Economy
Airline 10,disappointing experience uncomfortable and expensive,no,3.0,1.0,1.0,3.0,3.0,2.0,,2.0,0,Economy
Airline 12,disappointing experience uncomfortable and expensive,no,3.0,2.0,2.0,,1.0,,,2.0,0,Economy
Airline 01,smooth journey friendly service worth the fare,yes,5.0,2.0,3.0,,5.0,,1.0,3.0,1,Economy
Airline 37,efficient ground team and comfortable flight,yes,4.0,3.0,2.0,3.0,2.0,1.0,,2.0,0,Business
Airline 45,poor value delay and unhelpful ground service,no,4.0,4.0,3.0,,5.0,2.0,1.0,2.0,1,Economy
Airline 42,good value and helpful cabin crew,yes,5.0,2.0,2.0,3.0,4.0,2.0,1.0,3.0,0,Economy
Airline 19,long delay weak communication would not recommend,no,4.0,3.0,4.0,,1.0,3.0,2.0,1.0,1,Economy
Airline 30,disappointing experience uncomfortable and expensive,no,8.0,3.0,5.0,2.0,5.0,5.0,,4.0,0,Business
Airline 49,long delay weak communication would not recommend,no,6.0,3.0,3.0,,3.0,,,3.0,1,Economy
Airline 30,poor value delay and unhelpful ground service,no,8.0,4.0,5.0,3.0,4.0,,2.0,4.0,1,Premium Economy
Airline 15,disappointing experience uncomfortable and expensive,no,6.0,3.0,3.0,1.0,3.0,,2.0,3.0,1,Economy
Airline 17,poor value delay and unhelpful ground service,no,5.0,3.0,3.0,1.0,2.0,,,2.0,1,Economy
Airline 37,smooth journey friendly service worth the fare,yes,3.0,2.0,3.0,3.0,3.0,,,3.0,1,Economy
Airline 23,poor value delay and unhelpful ground service,no,7.0,4.0,4.0,2.0,2.0,2.0,,3.0,1,Business
Airline 42,disappointing experience uncomfortable and expensive,no,8.0,3.0,3.0,3.0,4.0,3.0,3.0,3.0,0,Economy
Airline 44,efficient ground team and comfortable flight,yes,3.0,3.0,3.0,,4.0,,,3.0,1,Economy
Airline 02,disappointing experience uncomfortable and expensive,no,7.0,4.0,5.0,2.0,4.0,,,4.0,1,Premium Economy
Airline 37,long delay weak communication would not recommend,no,5.0,3.0,3.0,2.0,,2.0,,3.0,0,Business
Airline 19,efficient ground team and comfortable flight,yes,7.0,3.0,4.0,3.0,4.0,,2.0,5.0,1,Economy
Airline 26,poor value delay and unhelpful ground service,no,5.0,4.0,3.0,2.0,1.0,,3.0,3.0,1,Business
Airline 14,good value and helpful cabin crew,yes,9.0,2.0,4.0,3.0,3.0,,,4.0,0,Business
Airline 19,poor value delay and unhelpful ground service,yes,6.0,2.0,2.0,3.0,3.0,5.0,3.0,3.0,0,Economy
Airline 17,smooth journey friendly service worth the fare,yes,10.0,5.0,5.0,4.0,5.0,,,4.0,1,Economy
Airline 03,disappointing experience uncomfortable and expensive,no,4.0,2.0,3.0,2.0,2.0,4.0,,2.0,1,Economy
Airline 40,long delay weak communication would not recommend,no,3.0,1.0,2.0,1.0,2.0,,,2.0,0,Economy
Airline 08,disappointing experience uncomfortable and expensive,no,4.0,2.0,3.0,1.0,2.0,1.0,1.0,3.0,1,Economy
Airline 19,long delay weak communication would not recommend,no,3.0,1.0,2.0,3.0,1.0,3.0,3.0,1.0,1,Economy
Airline 10,efficient ground team and comfortable flight,no,2.0,3.0,2.0,1.0,3.0,1.0,1.0,2.0,0,Business
Airline 09,disappointing experience uncomfortable and expensive,no,5.0,4.0,4.0,3.0,3.0,3.0,4.0,4.0,0,Economy
Airline 19,efficient ground team and comfortable flight,no,4.0,3.0,3.0,5.0,3.0,1.0,,3.0,0,Economy
Airline 46,poor value delay and unhelpful ground service,no,4.0,4.0,2.0,3.0,2.0,1.0,2.0,3.0,1,Economy
Airline 48,disappointing experience uncomfortable and expensive,no,6.0,2.0,3.0,1.0,3.0,2.0,2.0,3.0,0,Economy
Airline 20,long delay weak communication would not recommend,no,5.0,3.0,4.0,4.0,2.0,2.0,2.0,2.0,1,Economy
Airline 26,smooth journey friendly service worth the fare,yes,9.0,5.0,4.0,4.0,5.0,3.0,,5.0,1,Economy
Airline 50,disappointing experience uncomfortable and expensive,no,6.0,3.0,1.0,3.0,3.0,,3.0,1.0,1,Economy
Airline 12,efficient ground team and comfortable flight,yes,5.0,3.0,2.0,2.0,3.0,2.0,,2.0,0,Economy
Airline 48,good value and helpful cabin crew,yes,6.0,3.0,5.0,4.0,4.0,4.0,1.0,4.0,1,Economy
Airline 06,long delay weak communication would not recommend,no,6.0,4.0,4.0,,2.0,3.0,,2.0,1,Economy
Airline 12,efficient ground team and comfortable flight,yes,8.0,4.0,4.0,2.0,5.0,3.0,,5.0,0,Economy
Airline 17,efficient ground team and comfortable flight,yes,5.0,3.0,3.0,3.0,2.0,3.0,3.0,3.0,1,Economy
Airline 02,efficient ground team and comfortable flight,yes,6.0,5.0,4.0,,4.0,,3.0,5.0,0,Premium Economy
Airline 41,efficient ground team and comfortable flight,yes,7.0,3.0,3.0,,4.0,4.0,2.0,5.0,0,Economy
Airline 43,poor value delay and unhelpful ground service,no,5.0,1.0,2.0,2.0,2.0,1.0,,1.0,1,Economy
Airline 20,disappointing experience uncomfortable and expensive,no,3.0,4.0,3.0,2.0,2.0,4.0,,1.0,0,Economy
Airline 42,good value and helpful cabin crew,yes,6.0,4.0,5.0,,3.0,4.0,1.0,4.0,1,Economy
Airline 39,good value and helpful cabin crew,yes,6.0,3.0,3.0,3.0,4.0,3.0,,4.0,1,Economy
Airline 41,disappointing experience uncomfortable and expensive,no,1.0,2.0,3.0,3.0,2.0,3.0,2.0,1.0,1,Economy
Airline 41,poor value delay and unhelpful ground service,no,4.0,1.0,2.0,2.0,4.0,,,3.0,0,Economy
Airline 29,disappointing experience uncomfortable and expensive,no,2.0,2.0,1.0,2.0,2.0,1.0,1.0,1.0,0,Business
Airline 06,poor value delay and unhelpful ground service,yes,7.0,3.0,4.0,3.0,4.0,2.0,,4.0,1,Economy
Airline 47,disappointing experience uncomfortable and expensive,no,6.0,3.0,3.0,3.0,3.0,,,3.0,0,Economy
Airline 31,efficient ground team and comfortable flight,yes,4.0,3.0,4.0,2.0,,3.0,,3.0,1,Economy
Airline 46,long delay weak communication would not recommend,no,2.0,1.0,2.0,4.0,1.0,,2.0,3.0,0,Economy
Airline 48,good value and helpful cabin crew,yes,5.0,3.0,2.0,3.0,2.0,3.0,,1.0,1,Economy
Airline 10,disappointing experience uncomfortable and expensive,no,4.0,3.0,3.0,,1.0,,,2.0,0,Economy
Airline 21,smooth journey friendly service worth the fare,no,5.0,3.0,2.0,,3.0,2.0,,2.0,0,Economy
Airline 10,good value and helpful cabin crew,yes,5.0,3.0,3.0,3.0,4.0,,,4.0,1,Economy
Airline 03,long delay weak communication would not recommend,no,7.0,3.0,3.0,3.0,3.0,4.0,,4.0,0,Economy
Airline 49,smooth journey friendly service worth the fare,yes,9.0,5.0,4.0,1.0,5.0,5.0,,5.0,0,Economy
Airline 47,poor value delay and unhelpful ground service,no,6.0,3.0,2.0,2.0,2.0,,2.0,2.0,1,Economy
Airline 47,smooth journey friendly service worth the fare,yes,8.0,4.0,4.0,5.0,4.0,,,5.0,1,Economy
Airline 45,smooth journey friendly service worth the fare,no,5.0,3.0,1.0,4.0,2.0,2.0,4.0,2.0,0,Economy
Airline 33,disappointing experience uncomfortable and expensive,no,1.0,4.0,1.0,2.0,3.0,,,2.0,0,Economy
Airline 27,long delay weak communication would not recommend,no,5.0,2.0,3.0,1.0,2.0,2.0,2.0,3.0,1,Economy
Airline 50,good value and helpful cabin crew,no,4.0,2.0,2.0,3.0,2.0,,,2.0,1,Economy
Airline 28,efficient ground team and comfortable flight,yes,4.0,5.0,3.0,3.0,4.0,4.0,,3.0,0,Economy
Airline 33,long delay weak communication would not recommend,no,1.0,2.0,1.0,3.0,3.0,,,2.0,0,Business
Airline 11,long delay weak communication would not recommend,no,1.0,3.0,3.0,1.0,2.0,1.0,1.0,1.0,0,Economy
Airline 38,smooth journey friendly service worth the fare,yes,10.0,4.0,3.0,3.0,5.0,,3.0,4.0,1,Economy
Airline 41,long delay weak communication would not recommend,no,4.0,2.0,2.0,3.0,2.0,1.0,4.0,3.0,0,Economy
Airline 34,good value and helpful cabin crew,no,1.0,3.0,1.0,4.0,3.0,2.0,2.0,2.0,1,Business
Airline 25,smooth journey friendly service worth the fare,yes,7.0,4.0,5.0,,,2.0,,5.0,1,Economy
Airline 10,long delay weak communication would not recommend,no,4.0,1.0,3.0,1.0,2.0,2.0,,3.0,1,Economy
Airline 02,poor value delay and unhelpful ground service,yes,6.0,4.0,4.0,4.0,,5.0,,4.0,1,Premium Economy
Airline 32,long delay weak communication would not recommend,no,4.0,2.0,2.0,1.0,2.0,2.0,,3.0,0,Business
Airline 35,smooth journey friendly service worth the fare,yes,5.0,4.0,3.0,1.0,3.0,3.0,,3.0,0,Economy
Airline 39,smooth journey friendly service worth the fare,yes,6.0,5.0,2.0,3.0,3.0,4.0,2.0,4.0,1,Economy
Airline 48,long delay weak communication would not recommend,yes,5.0,5.0,4.0,5.0,5.0,2.0,,5.0,0,Economy
Airline 25,efficient ground team and comfortable flight,yes,9.0,4.0,3.0,2.0,5.0,4.0,,4.0,1,Economy
Airline 42,poor value delay and unhelpful ground service,yes,4.0,3.0,4.0,2.0,3.0,3.0,,3.0,1,Business
Airline 36,poor value delay and unhelpful ground service,yes,7.0,4.0,4.0,3.0,4.0,4.0,,4.0,1,Business
Airline 14,long delay weak communication would not recommend,no,8.0,3.0,3.0,3.0,4.0,2.0,2.0,3.0,0,Business
Airline 43,disappointing experience uncomfortable and expensive,no,6.0,5.0,2.0,1.0,3.0,,,2.0,1,Economy
Airline 03,poor value delay and unhelpful ground service,no,5.0,4.0,3.0,,,,,2.0,1,Business
Airline 30,poor value delay and unhelpful ground service,no,1.0,2.0,1.0,2.0,2.0,3.0,4.0,1.0,0,Economy
Airline 48,disappointing experience uncomfortable and expensive,no,8.0,4.0,4.0,3.0,2.0,2.0,3.0,3.0,1,Economy
Airline 33,disappointing experience uncomfortable and expensive,no,4.0,3.0,3.0,3.0,3.0,,,2.0,1,Economy
Airline 47,disappointing experience uncomfortable and expensive,no,6.0,2.0,2.0,4.0,3.0,,,3.0,0,Business
Airline 03,efficient ground team and comfortable flight,yes,10.0,2.0,3.0,3.0,4.0,,,4.0,0,Economy
Airline 27,poor value delay and unhelpful ground service,no,1.0,2.0,3.0,1.0,,2.0,,2.0,1,Economy
Airline 40,efficient ground team and comfortable flight,yes,7.0,4.0,4.0,5.0,4.0,,,5.0,1,Economy
Airline 33,efficient ground team and comfortable flight,yes,5.0,3.0,5.0,1.0,4.0,2.0,,3.0,0,Economy
Airline 45,poor value delay and unhelpful ground service,no,7.0,3.0,3.0,3.0,4.0,,1.0,3.0,0,Economy
Airline 24,good value and helpful cabin crew,yes,4.0,3.0,3.0,3.0,4.0,,1.0,3.0,1,Economy
Airline 35,poor value delay and unhelpful ground service,no,2.0,3.0,2.0,2.0,2.0,4.0,,1.0,1,Economy
Airline 21,good value and helpful cabin crew,no,5.0,2.0,3.0,1.0,3.0,2.0,3.0,3.0,1,Premium Economy
Airline 44,smooth journey friendly service worth the fare,yes,7.0,4.0,4.0,,4.0,3.0,,3.0,0,Economy
Airline 06,poor value delay and unhelpful ground service,no,6.0,3.0,5.0,4.0,2.0,,2.0,3.0,1,Economy
Airline 13,disappointing experience uncomfortable and expensive,no,4.0,3.0,2.0,4.0,5.0,,2.0,3.0,1,Business
Airline 05,long delay weak communication would not recommend,no,1.0,3.0,2.0,1.0,1.0,1.0,1.0,1.0,0,Business
Airline 36,good value and helpful cabin crew,no,1.0,3.0,2.0,1.0,3.0,2.0,3.0,2.0,1,Economy
Airline 12,smooth journey friendly service worth the fare,yes,10.0,4.0,5.0,,4.0,4.0,4.0,5.0,1,Economy
Airline 16,smooth journey friendly service worth the fare,yes,3.0,3.0,4.0,3.0,1.0,1.0,,2.0,1,Economy
Airline 42,efficient ground team and comfortable flight,yes,7.0,5.0,5.0,5.0,5.0,5.0,,5.0,0,Economy
Airline 19,disappointing experience uncomfortable and expensive,no,2.0,1.0,3.0,,2.0,1.0,3.0,2.0,1,Business
Airline 08,poor value delay and unhelpful ground service,no,5.0,2.0,3.0,1.0,3.0,3.0,,2.0,1,Economy
Airline 02,good value and helpful cabin crew,no,6.0,3.0,3.0,3.0,4.0,,,3.0,0,Economy
Airline 12,good value and helpful cabin crew,no,3.0,1.0,3.0,3.0,2.0,,2.0,2.0,1,Business
Airline 46,disappointing experience uncomfortable and expensive,no,8.0,4.0,5.0,3.0,3.0,,3.0,3.0,1,Economy
Airline 28,long delay weak communication would not recommend,no,6.0,3.0,2.0,3.0,3.0,,,2.0,1,Economy
Airline 50,efficient ground team and comfortable flight,yes,5.0,3.0,4.0,,2.0,,,5.0,0,Economy
Airline 11,good value and helpful cabin crew,yes,5.0,3.0,3.0,3.0,2.0,4.0,,3.0,0,Economy
Airline 18,poor value delay and unhelpful ground service,yes,8.0,4.0,2.0,,3.0,,4.0,3.0,1,Economy
Airline 09,efficient ground team and comfortable flight,yes,8.0,4.0,5.0,4.0,5.0,1.0,,5.0,1,Economy
Airline 20,poor value delay and unhelpful ground service,no,4.0,3.0,4.0,2.0,4.0,3.0,4.0,1.0,1,Economy
Airline 29,poor value delay and unhelpful ground service,yes,10.0,4.0,4.0,,5.0,,,5.0,0,Business
Airline 41,good value and helpful cabin crew,no,4.0,3.0,2.0,1.0,4.0,3.0,,3.0,1,Economy
Airline 19,long delay weak communication would not recommend,no,7.0,3.0,5.0,3.0,,3.0,,4.0,0,Business
Airline 39,long delay weak communication would not recommend,no,7.0,5.0,3.0,4.0,4.0,2.0,3.0,2.0,1,Economy
Airline 32,disappointing experience uncomfortable and expensive,no,3.0,1.0,3.0,2.0,,2.0,,2.0,0,Business
Airline 15,efficient ground team and comfortable flight,no,6.0,2.0,2.0,3.0,2.0,5.0,,4.0,1,Economy
Airline 46,poor value delay and unhelpful ground service,no,4.0,2.0,4.0,,3.0,,,3.0,0,Economy
Airline 22,efficient ground team and comfortable flight,no,3.0,3.0,3.0,3.0,2.0,3.0,,1.0,0,Business
Airline 08,long delay weak communication would not recommend,no,8.0,3.0,4.0,5.0,4.0,2.0,1.0,5.0,0,Economy
Airline 49,disappointing experience uncomfortable and expensive,no,5.0,3.0,5.0,5.0,2.0,2.0,,2.0,1,Business
Airline 46,poor value delay and unhelpful ground service,no,5.0,4.0,2.0,3.0,4.0,2.0,,3.0,0,Economy
Airline 03,disappointing experience uncomfortable and expensive,no,7.0,3.0,4.0,2.0,3.0,,,2.0,1,Economy
Airline 46,poor value delay and unhelpful ground service,no,6.0,4.0,2.0,,4.0,1.0,,2.0,0,Business
Airline 48,poor value delay and unhelpful ground service,no,5.0,4.0,2.0,3.0,3.0,,,2.0,0,Economy
Airline 42,disappointing experience uncomfortable and expensive,no,5.0,1.0,3.0,4.0,4.0,3.0,,4.0,1,Economy
Airline 13,good value and helpful cabin crew,no,3.0,3.0,3.0,1.0,2.0,3.0,1.0,3.0,0,Economy
Airline 32,poor value delay and unhelpful ground service,no,10.0,3.0,5.0,4.0,5.0,1.0,,5.0,0,Economy
Airline 27,long delay weak communication would not recommend,no,3.0,2.0,4.0,1.0,1.0,1.0,1.0,1.0,1,Economy
Airline 32,efficient ground team and comfortable flight,yes,6.0,3.0,2.0,2.0,,3.0,,3.0,1,Economy
Airline 31,efficient ground team and comfortable flight,no,5.0,3.0,3.0,,4.0,,,3.0,1,Economy
Airline 32,good value and helpful cabin crew,yes,9.0,3.0,5.0,4.0,4.0,3.0,5.0,5.0,1,Economy
Airline 26,disappointing experience uncomfortable and expensive,no,3.0,3.0,3.0,4.0,2.0,,,2.0,1,Business
Airline 35,poor value delay and unhelpful ground service,no,7.0,2.0,3.0,3.0,4.0,2.0,,3.0,0,Economy
Airline 27,efficient ground team and comfortable flight,yes,6.0,4.0,3.0,,4.0,,,3.0,0,Economy
Airline 01,poor value delay and unhelpful ground service,no,6.0,2.0,3.0,2.0,,3.0,,3.0,0,Economy
Airline 02,efficient ground team and comfortable flight,yes,7.0,4.0,4.0,3.0,5.0,1.0,,5.0,1,Economy
Airline 48,good value and helpful cabin crew,yes,9.0,5.0,4.0,,4.0,3.0,,5.0,1,Premium Economy
Airline 46,disappointing experience uncomfortable and expensive,no,4.0,5.0,3.0,3.0,2.0,2.0,1.0,3.0,0,Business
Airline 30,disappointing experience uncomfortable and expensive,no,6.0,2.0,3.0,1.0,3.0,,,3.0,1,Economy
Airline 09,disappointing experience uncomfortable and expensive,no,1.0,1.0,1.0,,2.0,,1.0,1.0,1,Economy
Airline 40,efficient ground team and comfortable flight,yes,5.0,3.0,4.0,3.0,4.0,2.0,1.0,3.0,0,Economy
Airline 08,long delay weak communication would not recommend,no,4.0,5.0,3.0,1.0,2.0,,1.0,3.0,0,Premium Economy
Airline 19,smooth journey friendly service worth the fare,no,4.0,3.0,5.0,2.0,2.0,3.0,1.0,3.0,0,Economy
Airline 17,long delay weak communication would not recommend,no,1.0,3.0,2.0,3.0,1.0,3.0,,1.0,0,Economy
Airline 01,long delay weak communication would not recommend,no,8.0,4.0,3.0,,,,4.0,4.0,1,Economy
Airline 41,disappointing experience uncomfortable and expensive,no,3.0,1.0,1.0,1.0,1.0,3.0,1.0,1.0,0,Economy
Airline 26,long delay weak communication would not recommend,no,6.0,1.0,3.0,3.0,3.0,,,2.0,1,Economy
Airline 16,efficient ground team and comfortable flight,no,2.0,2.0,3.0,1.0,4.0,,,2.0,1,Economy
Airline 26,good value and helpful cabin crew,no,4.0,5.0,2.0,2.0,,,,2.0,1,Business
Airline 01,smooth journey friendly service worth the fare,yes,8.0,4.0,3.0,4.0,5.0,3.0,,5.0,0,Economy
Airline 22,disappointing experience uncomfortable and expensive,no,6.0,4.0,3.0,5.0,3.0,,,4.0,0,Economy
Airline 26,long delay weak communication would not recommend,no,8.0,2.0,4.0,5.0,3.0,,,4.0,0,Economy
Airline 17,disappointing experience uncomfortable and expensive,no,7.0,4.0,5.0,4.0,5.0,3.0,1.0,4.0,0,Business
Airline 42,disappointing experience uncomfortable and expensive,no,1.0,3.0,1.0,2.0,2.0,,,2.0,0,Economy
Airline 13,smooth journey friendly service worth the fare,yes,9.0,3.0,5.0,5.0,5.0,,,5.0,0,Business
Airline 07,poor value delay and unhelpful ground service,no,3.0,2.0,2.0,2.0,2.0,3.0,2.0,2.0,1,Economy
Airline 27,poor value delay and unhelpful ground service,no,7.0,3.0,3.0,4.0,5.0,4.0,,4.0,1,Economy
Airline 45,disappointing experience uncomfortable and expensive,no,5.0,3.0,2.0,2.0,2.0,3.0,1.0,2.0,1,Economy
Airline 19,poor value delay and unhelpful ground service,no,4.0,3.0,2.0,4.0,2.0,2.0,2.0,3.0,1,Economy
Airline 03,poor value delay and unhelpful ground service,no,9.0,4.0,4.0,2.0,3.0,3.0,3.0,3.0,1,Economy
Airline 49,smooth journey friendly service worth the fare,yes,9.0,4.0,5.0,4.0,5.0,3.0,,5.0,1,Business
Airline 23,good value and helpful cabin crew,yes,7.0,3.0,5.0,3.0,,,,5.0,0,Economy
Airline 09,good value and helpful cabin crew,no,6.0,4.0,2.0,3.0,3.0,2.0,,2.0,1,Economy
Airline 31,good value and helpful cabin crew,no,6.0,3.0,3.0,,3.0,3.0,4.0,3.0,1,Economy
Airline 16,long delay weak communication would not recommend,no,5.0,4.0,2.0,1.0,5.0,4.0,4.0,4.0,1,Economy
Airline 47,smooth journey friendly service worth the fare,no,7.0,1.0,4.0,3.0,4.0,3.0,,3.0,1,Business
Airline 15,poor value delay and unhelpful ground service,no,7.0,3.0,4.0,,2.0,2.0,,3.0,0,Business
Airline 28,long delay weak communication would not recommend,no,4.0,5.0,5.0,3.0,3.0,,,2.0,1,Economy
Airline 28,good value and helpful cabin crew,no,9.0,4.0,2.0,4.0,5.0,1.0,,4.0,0,Economy
Airline 13,poor value delay and unhelpful ground service,no,2.0,3.0,1.0,2.0,1.0,,,1.0,1,Business
Airline 25,poor value delay and unhelpful ground service,no,5.0,2.0,3.0,2.0,3.0,1.0,,2.0,0,Premium Economy
Airline 06,long delay weak communication would not recommend,no,2.0,1.0,1.0,2.0,3.0,3.0,3.0,2.0,1,Economy
Airline 33,smooth journey friendly service worth the fare,yes,6.0,3.0,4.0,2.0,2.0,,2.0,3.0,0,Business
Airline 38,smooth journey friendly service worth the fare,yes,10.0,4.0,5.0,4.0,4.0,,,4.0,0,Economy
Airline 48,poor value delay and unhelpful ground service,no,4.0,4.0,2.0,2.0,2.0,5.0,,2.0,0,Economy
Airline 17,long delay weak communication would not recommend,no,5.0,4.0,3.0,,4.0,2.0,,2.0,1,Economy
Airline 15,smooth journey friendly service worth the fare,yes,7.0,4.0,3.0,2.0,5.0,2.0,3.0,4.0,0,Business
Airline 28,disappointing experience uncomfortable and expensive,no,1.0,2.0,3.0,1.0,,2.0,,1.0,0,Business
Airline 35,smooth journey friendly service worth the fare,yes,5.0,3.0,3.0,,2.0,4.0,,2.0,0,Business
Airline 50,smooth journey friendly service worth the fare,yes,5.0,2.0,3.0,3.0,4.0,3.0,1.0,4.0,1,Economy
Airline 02,smooth journey friendly service worth the fare,no,1.0,1.0,1.0,3.0,1.0,2.0,,1.0,0,Economy
Airline 12,disappointing experience uncomfortable and expensive,no,2.0,3.0,3.0,3.0,3.0,2.0,3.0,1.0,0,Economy
Airline 14,good value and helpful cabin crew,yes,7.0,4.0,5.0,3.0,5.0,,2.0,3.0,0,Economy
Airline 13,efficient ground team and comfortable flight,yes,6.0,2.0,3.0,,5.0,,,4.0,0,Economy
Airline 24,disappointing experience uncomfortable and expensive,no,6.0,1.0,3.0,4.0,3.0,,,3.0,0,Economy
Airline 44,poor value delay and unhelpful ground service,no,5.0,4.0,3.0,2.0,4.0,4.0,1.0,4.0,0,Business
Airline 02,long delay weak communication would not recommend,no,3.0,3.0,5.0,3.0,4.0,,,3.0,1,Economy
Airline 41,smooth journey friendly service worth the fare,no,6.0,4.0,2.0,,5.0,2.0,,4.0,1,Economy
Airline 31,long delay weak communication would not recommend,no,3.0,3.0,4.0,2.0,2.0,2.0,3.0,3.0,1,Economy
Airline 31,long delay weak communication would not recommend,no,8.0,3.0,3.0,4.0,2.0,3.0,2.0,3.0,0,Economy
Airline 34,disappointing experience uncomfortable and expensive,no,4.0,2.0,3.0,,3.0,1.0,4.0,3.0,1,Economy
Airline 06,good value and helpful cabin crew,yes,9.0,4.0,4.0,,3.0,,,5.0,0,Economy
Airline 38,smooth journey friendly service worth the fare,yes,9.0,4.0,5.0,5.0,3.0,3.0,,5.0,1,Premium Economy
Airline 13,good value and helpful cabin crew,yes,7.0,4.0,4.0,,4.0,,,5.0,0,Economy
Airline 26,long delay weak communication would not recommend,no,4.0,2.0,4.0,3.0,3.0,,,3.0,0,Economy
Airline 34,long delay weak communication would not recommend,no,4.0,3.0,3.0,3.0,1.0,3.0,1.0,2.0,1,Economy
Airline 31,disappointing experience uncomfortable and expensive,no,9.0,4.0,3.0,2.0,4.0,5.0,,5.0,0,Business
Airline 17,disappointing experience uncomfortable and expensive,no,8.0,2.0,4.0,5.0,4.0,2.0,,3.0,0,Economy
Airline 20,poor value delay and unhelpful ground service,no,5.0,3.0,3.0,2.0,3.0,4.0,,3.0,1,Economy
Airline 24,smooth journey friendly service worth the fare,no,5.0,2.0,3.0,5.0,4.0,,3.0,3.0,0,Economy
Airline 03,efficient ground team and comfortable flight,yes,6.0,3.0,5.0,,4.0,,,4.0,0,Economy
Airline 37,poor value delay and unhelpful ground service,no,4.0,4.0,2.0,3.0,3.0,4.0,1.0,2.0,1,Economy
Airline 05,disappointing experience uncomfortable and expensive,no,8.0,4.0,4.0,2.0,2.0,4.0,3.0,3.0,0,Economy
Airline 23,good value and helpful cabin crew,yes,7.0,5.0,5.0,3.0,3.0,,,3.0,0,Economy
Airline 33,efficient ground team and comfortable flight,yes,9.0,4.0,4.0,3.0,5.0,4.0,3.0,5.0,1,Economy
Airline 05,efficient ground team and comfortable flight,yes,6.0,3.0,4.0,2.0,5.0,2.0,2.0,4.0,1,Business
Airline 50,long delay weak communication would not recommend,no,4.0,2.0,2.0,3.0,1.0,3.0,,1.0,0,Economy
Airline 19,efficient ground team and comfortable flight,no,5.0,3.0,2.0,2.0,3.0,,5.0,3.0,1,Economy
Airline 01,smooth journey friendly service worth the fare,no,10.0,5.0,4.0,3.0,4.0,,2.0,5.0,1,Economy
Airline 33,smooth journey friendly service worth the fare,no,5.0,2.0,2.0,2.0,,2.0,1.0,2.0,1,Premium Economy
Airline 28,long delay weak communication would not recommend,no,5.0,3.0,3.0,4.0,3.0,2.0,1.0,2.0,1,Economy
Airline 33,poor value delay and unhelpful ground service,yes,10.0,3.0,5.0,5.0,4.0,4.0,,4.0,1,Economy
Airline 38,good value and helpful cabin crew,no,7.0,4.0,4.0,,3.0,,2.0,2.0,1,Economy
Airline 24,efficient ground team and comfortable flight,yes,10.0,3.0,4.0,3.0,4.0,3.0,2.0,5.0,0,Economy
Airline 42,disappointing experience uncomfortable and expensive,no,3.0,3.0,2.0,4.0,1.0,3.0,1.0,3.0,0,Economy
Airline 19,efficient ground team and comfortable flight,no,3.0,1.0,3.0,2.0,2.0,4.0,,1.0,1,Economy
Airline 28,long delay weak communication would not recommend,yes,6.0,4.0,5.0,3.0,5.0,3.0,,5.0,0,Premium Economy
Airline 08,smooth journey friendly service worth the fare,no,3.0,2.0,2.0,2.0,2.0,,1.0,2.0,1,Economy
Airline 31,efficient ground team and comfortable flight,no,4.0,1.0,2.0,2.0,2.0,1.0,,3.0,0,Economy
Airline 14,poor value delay and unhelpful ground service,no,4.0,4.0,3.0,3.0,,3.0,,3.0,0,Premium Economy
Airline 35,good value and helpful cabin crew,yes,6.0,1.0,4.0,2.0,4.0,,,4.0,1,Economy
Airline 41,poor value delay and unhelpful ground service,no,6.0,3.0,4.0,3.0,4.0,3.0,3.0,3.0,1,Economy
Airline 43,poor value delay and unhelpful ground service,no,7.0,4.0,3.0,1.0,,3.0,1.0,4.0,0,Economy
Airline 47,poor value delay and unhelpful ground service,no,5.0,4.0,4.0,3.0,2.0,,,4.0,1,Economy
Airline 07,smooth journey friendly service worth the fare,yes,9.0,2.0,4.0,2.0,4.0,4.0,,5.0,0,Economy
Airline 07,smooth journey friendly service worth the fare,yes,10.0,5.0,5.0,4.0,5.0,5.0,,5.0,1,Economy
Airline 47,smooth journey friendly service worth the fare,yes,6.0,4.0,3.0,3.0,5.0,2.0,2.0,3.0,0,Economy
Airline 20,poor value delay and unhelpful ground service,no,5.0,4.0,4.0,4.0,3.0,3.0,,3.0,1,Economy
Airline 02,good value and helpful cabin crew,no,3.0,3.0,3.0,3.0,2.0,,,2.0,1,Economy
Airline 15,poor value delay and unhelpful ground service,no,4.0,5.0,3.0,2.0,2.0,3.0,2.0,1.0,1,Economy
Airline 42,disappointing experience uncomfortable and expensive,no,7.0,2.0,2.0,2.0,3.0,2.0,1.0,2.0,1,Economy
Airline 18,efficient ground team and comfortable flight,no,4.0,3.0,4.0,,2.0,3.0,,3.0,0,Economy
Airline 04,good value and helpful cabin crew,no,6.0,3.0,4.0,5.0,4.0,3.0,,3.0,1,Economy
Airline 37,efficient ground team and comfortable flight,yes,9.0,2.0,5.0,4.0,5.0,4.0,,4.0,0,Premium Economy
Airline 10,smooth journey friendly service worth the fare,yes,9.0,4.0,4.0,2.0,4.0,5.0,,4.0,1,Economy
Airline 18,poor value delay and unhelpful ground service,no,6.0,1.0,3.0,2.0,5.0,3.0,,3.0,0,Premium Economy
Airline 01,long delay weak communication would not recommend,no,3.0,2.0,2.0,3.0,2.0,,3.0,1.0,1,Economy
Airline 31,smooth journey friendly service worth the fare,yes,7.0,2.0,5.0,3.0,4.0,5.0,,5.0,1,Premium Economy
Airline 23,efficient ground team and comfortable flight,yes,6.0,3.0,3.0,2.0,2.0,5.0,1.0,2.0,0,Business
Airline 44,poor value delay and unhelpful ground service,no,3.0,1.0,1.0,1.0,3.0,,2.0,1.0,1,Economy
Airline 17,smooth journey friendly service worth the fare,yes,7.0,2.0,3.0,3.0,4.0,,,5.0,0,Economy
Airline 11,long delay weak communication would not recommend,yes,4.0,4.0,4.0,2.0,3.0,3.0,3.0,4.0,1,Business
Airline 09,long delay weak communication would not recommend,no,1.0,1.0,2.0,2.0,1.0,2.0,,1.0,0,Economy
Airline 11,efficient ground team and comfortable flight,no,5.0,2.0,1.0,,3.0,,,2.0,0,Economy
Airline 23,poor value delay and unhelpful ground service,no,4.0,2.0,3.0,2.0,3.0,1.0,,4.0,0,Economy
Airline 05,long delay weak communication would not recommend,yes,8.0,4.0,4.0,2.0,4.0,4.0,2.0,4.0,0,Economy
Airline 21,smooth journey friendly service worth the fare,no,4.0,3.0,4.0,4.0,4.0,3.0,2.0,3.0,1,Economy
Airline 43,disappointing experience uncomfortable and expensive,no,3.0,2.0,3.0,,1.0,4.0,,2.0,0,Economy
Airline 39,disappointing experience uncomfortable and expensive,no,7.0,2.0,5.0,3.0,4.0,,4.0,4.0,0,Business
Airline 32,poor value delay and unhelpful ground service,no,3.0,5.0,3.0,3.0,3.0,3.0,,3.0,0,Economy
Airline 45,smooth journey friendly service worth the fare,no,8.0,5.0,3.0,3.0,3.0,,2.0,3.0,1,Economy
Airline 40,disappointing experience uncomfortable and expensive,no,5.0,4.0,3.0,3.0,3.0,3.0,,2.0,0,Economy
Airline 33,long delay weak communication would not recommend,no,1.0,2.0,1.0,1.0,1.0,1.0,,1.0,1,Economy
Airline 44,long delay weak communication would not recommend,no,7.0,3.0,2.0,2.0,2.0,,,4.0,1,Economy
Airline 07,efficient ground team and comfortable flight,no,8.0,4.0,4.0,2.0,3.0,3.0,,2.0,0,Business
Airline 41,good value and helpful cabin crew,no,9.0,3.0,4.0,,4.0,4.0,,4.0,0,Premium Economy
Airline 15,disappointing experience uncomfortable and expensive,no,2.0,2.0,4.0,3.0,1.0,,,3.0,0,Economy
Airline 37,poor value delay and unhelpful ground service,no,5.0,4.0,2.0,,1.0,2.0,,2.0,0,Economy
Airline 46,poor value delay and unhelpful ground service,yes,4.0,4.0,5.0,4.0,5.0,3.0,,5.0,1,Economy
Airline 25,long delay weak communication would not recommend,no,3.0,1.0,3.0,2.0,2.0,3.0,,1.0,1,Economy
Airline 05,good value and helpful cabin crew,yes,7.0,5.0,4.0,4.0,4.0,3.0,4.0,4.0,1,Premium Economy
Airline 19,long delay weak communication would not recommend,yes,9.0,3.0,4.0,,5.0,2.0,,5.0,1,Business
Airline 21,efficient ground team and comfortable flight,no,8.0,2.0,4.0,,5.0,2.0,3.0,4.0,1,Economy
Airline 47,disappointing experience uncomfortable and expensive,no,4.0,2.0,2.0,3.0,4.0,3.0,,2.0,1,Economy
Airline 48,long delay weak communication would not recommend,no,4.0,2.0,2.0,3.0,1.0,,1.0,2.0,0,Economy
Airline 29,good value and helpful cabin crew,no,4.0,3.0,3.0,2.0,2.0,3.0,2.0,3.0,1,Economy
Airline 48,long delay weak communication would not recommend,no,2.0,2.0,2.0,1.0,2.0,2.0,2.0,1.0,1,Economy
Airline 22,poor value delay and unhelpful ground service,no,5.0,4.0,1.0,1.0,2.0,3.0,1.0,3.0,0,Economy
Airline 21,good value and helpful cabin crew,yes,7.0,3.0,4.0,4.0,5.0,3.0,3.0,4.0,0,Premium Economy
Airline 42,long delay weak communication would not recommend,no,6.0,3.0,4.0,4.0,2.0,3.0,4.0,4.0,1,Economy
Airline 34,smooth journey friendly service worth the fare,no,3.0,3.0,3.0,1.0,3.0,3.0,1.0,1.0,0,Economy
Airline 27,good value and helpful cabin crew,yes,7.0,4.0,4.0,,4.0,5.0,,4.0,0,Economy
Airline 23,long delay weak communication would not recommend,no,6.0,3.0,4.0,3.0,4.0,2.0,,3.0,0,Premium Economy
Airline 36,efficient ground team and comfortable flight,yes,9.0,4.0,5.0,4.0,4.0,3.0,,4.0,0,Economy
Airline 38,efficient ground team and comfortable flight,no,6.0,3.0,4.0,3.0,4.0,3.0,3.0,4.0,0,Economy
Airline 25,smooth journey friendly service worth the fare,yes,10.0,3.0,2.0,4.0,3.0,,,4.0,0,Premium Economy
Airline 02,smooth journey friendly service worth the fare,yes,7.0,5.0,5.0,3.0,3.0,3.0,2.0,2.0,1,Economy
Airline 06,good value and helpful cabin crew,yes,5.0,3.0,3.0,5.0,3.0,,,4.0,0,Premium Economy
Airline 08,disappointing experience uncomfortable and expensive,no,3.0,2.0,1.0,1.0,,,2.0,2.0,1,Economy
Airline 24,poor value delay and unhelpful ground service,no,4.0,2.0,2.0,1.0,3.0,3.0,,3.0,1,Economy
Airline 31,poor value delay and unhelpful ground service,no,5.0,4.0,5.0,2.0,3.0,,3.0,3.0,0,Economy
Airline 41,poor value delay and unhelpful ground service,no,5.0,2.0,3.0,3.0,2.0,2.0,2.0,1.0,0,Economy
Airline 12,long delay weak communication would not recommend,no,7.0,5.0,3.0,3.0,2.0,2.0,3.0,2.0,1,Premium Economy
Airline 40,poor value delay and unhelpful ground service,no,8.0,5.0,3.0,4.0,5.0,2.0,3.0,3.0,1,Economy
Airline 34,poor value delay and unhelpful ground service,no,7.0,4.0,4.0,3.0,3.0,3.0,2.0,4.0,0,Economy
Airline 03,poor value delay and unhelpful ground service,no,7.0,3.0,3.0,4.0,3.0,,,1.0,0,Economy
Airline 18,disappointing experience uncomfortable and expensive,no,3.0,2.0,3.0,2.0,1.0,,,2.0,0,Economy
Airline 16,long delay weak communication would not recommend,no,9.0,4.0,3.0,5.0,5.0,4.0,3.0,3.0,1,Economy
Airline 45,efficient ground team and comfortable flight,yes,8.0,4.0,4.0,4.0,3.0,3.0,,3.0,0,Economy
Airline 47,long delay weak communication would not recommend,no,4.0,2.0,2.0,2.0,2.0,,,3.0,0,Economy
Airline 41,disappointing experience uncomfortable and expensive,no,6.0,4.0,4.0,,2.0,3.0,,3.0,0,Economy
Airline 27,poor value delay and unhelpful ground service,no,3.0,1.0,2.0,2.0,,3.0,,1.0,0,Economy
Airline 25,efficient ground team and comfortable flight,no,5.0,4.0,3.0,,1.0,3.0,2.0,4.0,0,Economy
Airline 16,long delay weak communication would not recommend,no,4.0,3.0,4.0,4.0,2.0,3.0,,3.0,1,Economy
Airline 39,poor value delay and unhelpful ground service,no,4.0,2.0,3.0,3.0,2.0,2.0,1.0,2.0,1,Economy
Airline 05,good value and helpful cabin crew,yes,9.0,4.0,4.0,4.0,4.0,4.0,,5.0,0,Economy
Airline 14,efficient ground team and comfortable flight,yes,3.0,3.0,3.0,3.0,4.0,,,2.0,1,Premium Economy
Airline 07,efficient ground team and comfortable flight,yes,6.0,2.0,4.0,2.0,3.0,5.0,3.0,4.0,0,Economy
Airline 25,smooth journey friendly service worth the fare,yes,9.0,4.0,5.0,4.0,5.0,5.0,5.0,5.0,1,Economy
Airline 15,disappointing experience uncomfortable and expensive,yes,7.0,2.0,5.0,,5.0,,,4.0,1,Economy
Airline 10,disappointing experience uncomfortable and expensive,no,5.0,2.0,3.0,3.0,4.0,,3.0,4.0,0,Economy
Airline 19,poor value delay and unhelpful ground service,no,2.0,2.0,1.0,3.0,1.0,2.0,1.0,2.0,1,Economy
Airline 44,poor value delay and unhelpful ground service,no,3.0,2.0,2.0,2.0,1.0,1.0,,2.0,0,Economy
Airline 28,good value and helpful cabin crew,no,4.0,2.0,3.0,,3.0,2.0,1.0,2.0,0,Premium Economy
Airline 42,good value and helpful cabin crew,yes,5.0,2.0,3.0,1.0,4.0,,,3.0,1,Economy
Airline 46,good value and helpful cabin crew,no,6.0,4.0,1.0,3.0,,,,3.0,1,Economy
Airline 46,poor value delay and unhelpful ground service,no,6.0,5.0,3.0,2.0,4.0,2.0,,2.0,1,Economy
Airline 18,poor value delay and unhelpful ground service,no,4.0,2.0,2.0,,5.0,,,3.0,1,Economy
Airline 44,disappointing experience uncomfortable and expensive,no,6.0,4.0,4.0,,4.0,,,3.0,1,Economy
Airline 46,efficient ground team and comfortable flight,no,1.0,3.0,4.0,3.0,1.0,1.0,2.0,2.0,0,Economy
Airline 48,poor value delay and unhelpful ground service,no,4.0,1.0,2.0,,2.0,,,2.0,1,Economy
Airline 18,good value and helpful cabin crew,yes,5.0,2.0,3.0,4.0,4.0,3.0,2.0,3.0,0,Economy
Airline 12,poor value delay and unhelpful ground service,no,5.0,1.0,3.0,2.0,3.0,2.0,1.0,3.0,0,Economy
Airline 30,efficient ground team and comfortable flight,yes,8.0,4.0,5.0,4.0,5.0,,3.0,5.0,1,Economy
Airline 47,good value and helpful cabin crew,yes,5.0,2.0,3.0,4.0,3.0,1.0,1.0,2.0,1,Economy
Airline 46,disappointing experience uncomfortable and expensive,no,3.0,2.0,1.0,1.0,,1.0,1.0,1.0,0,Economy
Airline 29,efficient ground team and comfortable flight,yes,7.0,5.0,3.0,3.0,3.0,,,4.0,1,Economy
Airline 08,poor value delay and unhelpful ground service,no,6.0,5.0,5.0,1.0,4.0,4.0,1.0,4.0,1,Premium Economy
Airline 22,good value and helpful cabin crew,no,4.0,2.0,3.0,2.0,3.0,2.0,,2.0,1,Business
Airline 36,long delay weak communication would not recommend,no,3.0,1.0,3.0,1.0,1.0,4.0,4.0,3.0,0,Business
Airline 29,efficient ground team and comfortable flight,yes,9.0,5.0,5.0,4.0,,4.0,3.0,5.0,1,Economy
Airline 18,poor value delay and unhelpful ground service,no,2.0,1.0,3.0,,1.0,2.0,1.0,1.0,1,Economy
Airline 18,efficient ground team and comfortable flight,no,7.0,4.0,3.0,4.0,3.0,4.0,,3.0,0,Economy
Airline 03,poor value delay and unhelpful ground service,yes,5.0,5.0,3.0,3.0,3.0,3.0,,3.0,0,Economy
Airline 15,smooth journey friendly service worth the fare,yes,6.0,4.0,4.0,4.0,4.0,,1.0,3.0,0,Premium Economy
Airline 34,smooth journey friendly service worth the fare,yes,9.0,5.0,5.0,3.0,5.0,,,5.0,0,Economy
Airline 13,smooth journey friendly service worth the fare,no,7.0,4.0,5.0,,4.0,,5.0,4.0,1,Economy
Airline 50,long delay weak communication would not recommend,no,4.0,2.0,3.0,1.0,,1.0,2.0,2.0,1,Business
Airline 05,long delay weak communication would not recommend,no,9.0,4.0,4.0,5.0,4.0,2.0,4.0,5.0,1,Economy
Airline 30,poor value delay and unhelpful ground service,no,4.0,2.0,2.0,4.0,1.0,4.0,,3.0,0,Business
Airline 25,poor value delay and unhelpful ground service,no,7.0,4.0,3.0,4.0,3.0,,,3.0,1,Economy
Airline 42,long delay weak communication would not recommend,no,1.0,1.0,2.0,4.0,2.0,,,2.0,0,Economy
Airline 45,disappointing experience uncomfortable and expensive,no,4.0,3.0,1.0,1.0,3.0,,1.0,2.0,0,Economy
Airline 28,poor value delay and unhelpful ground service,no,5.0,4.0,3.0,4.0,3.0,3.0,2.0,3.0,1,Business
Airline 32,smooth journey friendly service worth the fare,yes,7.0,3.0,4.0,3.0,4.0,3.0,,3.0,0,Economy
Airline 35,poor value delay and unhelpful ground service,no,2.0,1.0,2.0,2.0,2.0,2.0,,1.0,1,Economy
Airline 27,disappointing experience uncomfortable and expensive,no,8.0,3.0,3.0,,3.0,,3.0,3.0,0,Economy
Airline 10,disappointing experience uncomfortable and expensive,no,3.0,2.0,1.0,,3.0,,2.0,2.0,1,Economy
Airline 22,disappointing experience uncomfortable and expensive,yes,7.0,4.0,5.0,4.0,5.0,3.0,3.0,3.0,0,Economy
Airline 13,long delay weak communication would not recommend,no,5.0,2.0,3.0,2.0,2.0,3.0,2.0,3.0,0,Economy
Airline 24,efficient ground team and comfortable flight,no,3.0,2.0,2.0,,2.0,3.0,,2.0,1,Economy
Airline 31,poor value delay and unhelpful ground service,no,5.0,4.0,1.0,,,2.0,,2.0,1,Economy
Airline 11,long delay weak communication would not recommend,no,4.0,3.0,2.0,2.0,1.0,4.0,2.0,2.0,0,Business
Airline 13,smooth journey friendly service worth the fare,yes,8.0,3.0,5.0,4.0,4.0,,,4.0,0,Premium Economy
Airline 42,long delay weak communication would not recommend,no,6.0,2.0,3.0,4.0,2.0,1.0,,3.0,0,Premium Economy
Airline 19,efficient ground team and comfortable flight,no,3.0,4.0,3.0,,3.0,4.0,,2.0,1,Premium Economy
Airline 10,good value and helpful cabin crew,no,6.0,3.0,4.0,4.0,2.0,,,3.0,0,Economy
Airline 36,disappointing experience uncomfortable and expensive,no,4.0,4.0,3.0,3.0,2.0,,1.0,2.0,1,Business
Airline 36,long delay weak communication would not recommend,no,3.0,2.0,3.0,2.0,,3.0,3.0,1.0,0,Business
Airline 42,smooth journey friendly service worth the fare,yes,7.0,3.0,3.0,3.0,4.0,4.0,,3.0,0,Economy
Airline 38,disappointing experience uncomfortable and expensive,no,3.0,2.0,1.0,3.0,2.0,,1.0,2.0,1,Business
Airline 50,disappointing experience uncomfortable and expensive,no,4.0,3.0,3.0,1.0,1.0,2.0,,2.0,0,Economy
Airline 29,good value and helpful cabin crew,no,7.0,5.0,4.0,2.0,4.0,,2.0,4.0,0,Economy
Airline 15,poor value delay and unhelpful ground service,no,7.0,3.0,4.0,,3.0,3.0,3.0,5.0,0,Economy
Airline 44,efficient ground team and comfortable flight,no,1.0,3.0,2.0,1.0,3.0,,,1.0,1,Business
Airline 14,efficient ground team and comfortable flight,no,1.0,3.0,2.0,1.0,2.0,,2.0,3.0,0,Business
Airline 15,smooth journey friendly service worth the fare,no,5.0,4.0,3.0,2.0,2.0,2.0,1.0,1.0,0,Premium Economy
Airline 42,efficient ground team and comfortable flight,yes,9.0,2.0,5.0,5.0,5.0,2.0,,5.0,0,Economy
Airline 45,smooth journey friendly service worth the fare,no,5.0,5.0,4.0,3.0,4.0,2.0,,3.0,1,Economy
Airline 17,good value and helpful cabin crew,yes,4.0,3.0,5.0,1.0,3.0,,1.0,4.0,0,Economy
Airline 37,efficient ground team and comfortable flight,yes,6.0,3.0,3.0,3.0,,2.0,2.0,3.0,0,Business
Airline 47,long delay weak communication would not recommend,no,3.0,3.0,5.0,,1.0,,1.0,2.0,0,Economy
Airline 40,poor value delay and unhelpful ground service,no,5.0,3.0,2.0,2.0,3.0,3.0,,3.0,1,Economy
Airline 01,poor value delay and unhelpful ground service,no,5.0,2.0,4.0,2.0,3.0,2.0,1.0,3.0,0,Economy
Airline 34,disappointing experience uncomfortable and expensive,no,8.0,1.0,3.0,,4.0,2.0,,3.0,1,Business
Airline 09,poor value delay and unhelpful ground service,no,4.0,5.0,3.0,1.0,3.0,,2.0,2.0,0,Business
Airline 43,efficient ground team and comfortable flight,no,3.0,3.0,4.0,1.0,2.0,,2.0,4.0,1,Business
Airline 04,efficient ground team and comfortable flight,yes,6.0,2.0,3.0,3.0,4.0,4.0,,3.0,1,Economy
Airline 50,long delay weak communication would not recommend,no,5.0,2.0,4.0,,2.0,,,2.0,1,Business
Airline 09,disappointing experience uncomfortable and expensive,yes,3.0,4.0,3.0,4.0,2.0,,2.0,3.0,0,Business
Airline 22,good value and helpful cabin crew,no,5.0,2.0,1.0,2.0,3.0,3.0,2.0,2.0,0,Business
Airline 12,long delay weak communication would not recommend,no,4.0,4.0,4.0,3.0,4.0,2.0,2.0,3.0,0,Economy
Airline 41,efficient ground team and comfortable flight,no,6.0,3.0,4.0,4.0,3.0,,,4.0,0,Economy
Airline 20,long delay weak communication would not recommend,no,7.0,2.0,3.0,,3.0,1.0,5.0,3.0,0,Premium Economy
Airline 38,disappointing experience uncomfortable and expensive,no,3.0,3.0,2.0,3.0,2.0,2.0,3.0,1.0,0,Economy
Airline 04,disappointing experience uncomfortable and expensive,no,4.0,3.0,3.0,2.0,3.0,1.0,2.0,3.0,0,Economy
Airline 23,disappointing experience uncomfortable and expensive,no,6.0,3.0,3.0,4.0,4.0,,2.0,3.0,0,Economy
Airline 46,good value and helpful cabin crew,yes,9.0,4.0,5.0,3.0,4.0,3.0,4.0,4.0,1,Business
Airline 47,poor value delay and unhelpful ground service,no,6.0,3.0,4.0,3.0,4.0,4.0,,3.0,0,Economy
Airline 11,long delay weak communication would not recommend,no,4.0,3.0,5.0,2.0,4.0,1.0,2.0,3.0,0,Economy
Airline 20,smooth journey friendly service worth the fare,yes,5.0,5.0,5.0,,5.0,,2.0,3.0,0,Economy
Airline 21,long delay weak communication would not recommend,no,4.0,2.0,2.0,2.0,2.0,1.0,2.0,2.0,1,Economy
Airline 29,efficient ground team and comfortable flight,yes,10.0,3.0,4.0,4.0,4.0,,,5.0,0,Economy
Airline 27,long delay weak communication would not recommend,no,8.0,3.0,3.0,5.0,3.0,4.0,,2.0,0,Economy
Airline 06,smooth journey friendly service worth the fare,no,1.0,2.0,2.0,2.0,1.0,,2.0,4.0,0,Economy
Airline 39,long delay weak communication would not recommend,no,7.0,1.0,4.0,3.0,3.0,2.0,,4.0,1,Economy
Airline 12,poor value delay and unhelpful ground service,no,4.0,3.0,3.0,5.0,3.0,3.0,2.0,2.0,1,Economy
Airline 16,efficient ground team and comfortable flight,yes,10.0,4.0,5.0,4.0,4.0,,,4.0,1,Economy
Airline 43,disappointing experience uncomfortable and expensive,no,4.0,3.0,2.0,1.0,3.0,2.0,1.0,3.0,1,Economy
Airline 35,disappointing experience uncomfortable and expensive,no,4.0,3.0,4.0,2.0,2.0,4.0,,2.0,0,Economy
Airline 20,disappointing experience uncomfortable and expensive,yes,7.0,3.0,3.0,2.0,3.0,,,5.0,1,Economy
Airline 46,long delay weak communication would not recommend,no,3.0,3.0,3.0,3.0,4.0,3.0,,2.0,1,Economy
Airline 20,poor value delay and unhelpful ground service,no,5.0,3.0,3.0,3.0,4.0,,,4.0,0,Economy
Airline 29,disappointing experience uncomfortable and expensive,no,7.0,4.0,3.0,,4.0,,,3.0,0,Economy
Airline 13,disappointing experience uncomfortable and expensive,no,4.0,2.0,3.0,3.0,2.0,4.0,3.0,1.0,1,Economy
Airline 10,poor value delay and unhelpful ground service,no,5.0,4.0,3.0,4.0,3.0,3.0,1.0,4.0,1,Economy
Airline 25,poor value delay and unhelpful ground service,no,7.0,4.0,2.0,2.0,2.0,3.0,3.0,3.0,0,Economy
Airline 29,long delay weak communication would not recommend,no,4.0,4.0,2.0,3.0,3.0,2.0,3.0,3.0,1,Business
Airline 41,disappointing experience uncomfortable and expensive,no,5.0,3.0,4.0,,1.0,,3.0,4.0,0,Economy
Airline 20,poor value delay and unhelpful ground service,no,9.0,2.0,4.0,,3.0,2.0,,3.0,0,Economy
Airline 45,smooth journey friendly service worth the fare,yes,9.0,5.0,4.0,3.0,4.0,,,4.0,0,Economy
Airline 31,efficient ground team and comfortable flight,no,2.0,2.0,2.0,,2.0,1.0,1.0,1.0,1,Business
Airline 04,good value and helpful cabin crew,yes,5.0,3.0,3.0,,4.0,,2.0,3.0,0,Business
Airline 37,smooth journey friendly service worth the fare,yes,8.0,2.0,5.0,5.0,5.0,,1.0,4.0,0,Economy
Airline 29,disappointing experience uncomfortable and expensive,no,7.0,5.0,4.0,4.0,4.0,4.0,3.0,4.0,0,Business
Airline 20,poor value delay and unhelpful ground service,no,8.0,1.0,4.0,3.0,3.0,,,3.0,0,Economy
Airline 24,good value and helpful cabin crew,yes,10.0,5.0,5.0,5.0,5.0,4.0,,5.0,1,Economy
Airline 16,long delay weak communication would not recommend,no,6.0,4.0,5.0,4.0,4.0,2.0,,2.0,1,Premium Economy
Airline 31,disappointing experience uncomfortable and expensive,no,7.0,2.0,3.0,,3.0,,4.0,5.0,1,Economy
Airline 29,poor value delay and unhelpful ground service,no,4.0,5.0,2.0,2.0,3.0,1.0,,3.0,1,Economy
Airline 23,disappointing experience uncomfortable and expensive,no,3.0,3.0,2.0,3.0,3.0,,,2.0,1,Business
Airline 15,disappointing experience uncomfortable and expensive,no,4.0,1.0,4.0,2.0,2.0,,,3.0,0,Economy
Airline 20,disappointing experience uncomfortable and expensive,no,7.0,3.0,4.0,3.0,4.0,,2.0,3.0,0,Economy
Airline 25,efficient ground team and comfortable flight,yes,7.0,4.0,4.0,2.0,4.0,,,3.0,1,Premium Economy
Airline 24,efficient ground team and comfortable flight,no,5.0,5.0,4.0,4.0,2.0,,2.0,5.0,1,Premium Economy
Airline 16,poor value delay and unhelpful ground service,no,4.0,3.0,3.0,4.0,3.0,2.0,2.0,3.0,0,Economy
Airline 30,poor value delay and unhelpful ground service,no,4.0,1.0,3.0,,2.0,4.0,1.0,2.0,0,Economy
Airline 12,disappointing experience uncomfortable and expensive,no,5.0,4.0,4.0,,4.0,,1.0,2.0,0,Business
Airline 26,disappointing experience uncomfortable and expensive,no,7.0,4.0,3.0,3.0,3.0,,,3.0,1,Economy
Airline 07,disappointing experience uncomfortable and expensive,yes,8.0,1.0,4.0,,4.0,4.0,,4.0,0,Economy
Airline 24,long delay weak communication would not recommend,no,5.0,3.0,1.0,4.0,1.0,2.0,,3.0,0,Business
Airline 40,good value and helpful cabin crew,yes,6.0,4.0,4.0,3.0,3.0,3.0,,4.0,0,Economy
Airline 41,disappointing experience uncomfortable and expensive,no,5.0,2.0,3.0,,1.0,,,1.0,0,Economy
Airline 35,disappointing experience uncomfortable and expensive,no,8.0,3.0,4.0,4.0,3.0,3.0,3.0,3.0,0,Economy
Airline 38,smooth journey friendly service worth the fare,yes,7.0,2.0,3.0,3.0,3.0,,2.0,3.0,0,Business
Airline 04,poor value delay and unhelpful ground service,no,9.0,4.0,4.0,4.0,5.0,2.0,,4.0,1,Premium Economy
Airline 18,disappointing experience uncomfortable and expensive,no,5.0,3.0,3.0,,1.0,3.0,3.0,3.0,1,Economy
Airline 33,efficient ground team and comfortable flight,yes,4.0,4.0,5.0,3.0,3.0,2.0,,4.0,0,Premium Economy
Airline 41,poor value delay and unhelpful ground service,no,6.0,1.0,2.0,2.0,,,,4.0,1,Business
Airline 30,disappointing experience uncomfortable and expensive,no,2.0,3.0,2.0,2.0,,2.0,3.0,1.0,0,Premium Economy
Airline 43,disappointing experience uncomfortable and expensive,no,7.0,3.0,3.0,3.0,3.0,4.0,,3.0,1,Business
Airline 14,long delay weak communication would not recommend,no,5.0,3.0,2.0,4.0,3.0,3.0,2.0,2.0,0,Business
Airline 08,good value and helpful cabin crew,no,4.0,2.0,3.0,4.0,2.0,,3.0,2.0,0,Economy
Airline 05,smooth journey friendly service worth the fare,yes,4.0,4.0,3.0,3.0,4.0,4.0,2.0,3.0,0,Economy
Airline 30,efficient ground team and comfortable flight,yes,6.0,5.0,4.0,3.0,3.0,3.0,2.0,4.0,0,Business
Airline 34,disappointing experience uncomfortable and expensive,no,5.0,2.0,3.0,3.0,2.0,2.0,,4.0,0,Business
Airline 15,long delay weak communication would not recommend,yes,7.0,3.0,4.0,,4.0,1.0,,4.0,0,Economy
Airline 40,disappointing experience uncomfortable and expensive,no,7.0,4.0,2.0,4.0,3.0,,,2.0,1,Economy
Airline 37,long delay weak communication would not recommend,no,1.0,3.0,2.0,,,1.0,1.0,1.0,1,Economy
Airline 19,disappointing experience uncomfortable and expensive,no,8.0,3.0,2.0,,2.0,3.0,2.0,3.0,0,Economy
Airline 12,smooth journey friendly service worth the fare,no,2.0,1.0,2.0,1.0,1.0,2.0,1.0,3.0,0,Economy
Airline 38,smooth journey friendly service worth the fare,yes,8.0,4.0,4.0,,3.0,2.0,2.0,4.0,1,Premium Economy
Airline 34,disappointing experience uncomfortable and expensive,no,1.0,2.0,4.0,,4.0,2.0,2.0,4.0,0,Economy
Airline 09,long delay weak communication would not recommend,no,6.0,1.0,5.0,,5.0,1.0,2.0,3.0,0,Economy
Airline 13,poor value delay and unhelpful ground service,no,3.0,1.0,2.0,1.0,2.0,,3.0,1.0,0,Economy
Airline 25,poor value delay and unhelpful ground service,no,5.0,3.0,3.0,,,,,2.0,0,Economy
Airline 26,disappointing experience uncomfortable and expensive,no,7.0,5.0,4.0,3.0,4.0,5.0,1.0,4.0,0,Economy
Airline 09,long delay weak communication would not recommend,no,3.0,2.0,4.0,3.0,1.0,4.0,3.0,2.0,1,Economy
Airline 48,long delay weak communication would not recommend,no,3.0,3.0,4.0,2.0,2.0,,,2.0,1,Business
Airline 20,good value and helpful cabin crew,no,5.0,3.0,3.0,1.0,3.0,,2.0,5.0,1,Business
Airline 20,long delay weak communication would not recommend,no,7.0,3.0,3.0,3.0,3.0,3.0,2.0,3.0,0,Economy
Airline 04,efficient ground team and comfortable flight,no,2.0,1.0,2.0,1.0,1.0,1.0,,1.0,0,Economy
Airline 44,good value and helpful cabin crew,yes,10.0,5.0,5.0,3.0,4.0,5.0,3.0,4.0,0,Economy
Airline 12,poor value delay and unhelpful ground service,no,7.0,2.0,4.0,,3.0,4.0,,5.0,1,Economy
Airline 50,efficient ground team and comfortable flight,yes,6.0,3.0,3.0,1.0,4.0,,,4.0,0,Economy
Airline 25,poor value delay and unhelpful ground service,no,8.0,3.0,4.0,3.0,,3.0,1.0,3.0,1,Economy
Airline 44,disappointing experience uncomfortable and expensive,no,2.0,2.0,2.0,,1.0,,,2.0,0,Economy
Airline 09,long delay weak communication would not recommend,no,8.0,2.0,3.0,2.0,2.0,3.0,4.0,3.0,1,Economy
Airline 09,efficient ground team and comfortable flight,yes,3.0,3.0,4.0,2.0,3.0,2.0,,3.0,0,Economy
Airline 41,poor value delay and unhelpful ground service,no,7.0,2.0,4.0,3.0,3.0,4.0,,4.0,1,Economy
Airline 41,disappointing experience uncomfortable and expensive,no,4.0,2.0,2.0,3.0,4.0,,4.0,2.0,0,Economy
Airline 28,poor value delay and unhelpful ground service,no,8.0,4.0,4.0,1.0,3.0,,3.0,3.0,0,Premium Economy
Airline 02,disappointing experience uncomfortable and expensive,no,3.0,2.0,3.0,4.0,,2.0,,2.0,1,Economy
Airline 48,poor value delay and unhelpful ground service,yes,7.0,5.0,5.0,2.0,2.0,,,4.0,0,Economy
Airline 20,disappointing experience uncomfortable and expensive,no,2.0,2.0,4.0,3.0,4.0,4.0,,3.0,0,Economy
Airline 47,good value and helpful cabin crew,yes,10.0,5.0,5.0,,5.0,3.0,,5.0,1,Business
Airline 44,good value and helpful cabin crew,yes,10.0,5.0,5.0,,5.0,4.0,2.0,5.0,0,Economy
Airline 43,efficient ground team and comfortable flight,yes,9.0,4.0,2.0,2.0,5.0,,3.0,5.0,1,Economy
Airline 35,long delay weak communication would not recommend,yes,8.0,3.0,5.0,3.0,4.0,2.0,,3.0,0,Economy
Airline 34,good value and helpful cabin crew,yes,6.0,3.0,4.0,3.0,4.0,3.0,,2.0,1,Economy
Airline 27,smooth journey friendly service worth the fare,yes,6.0,3.0,5.0,2.0,4.0,,,4.0,1,Economy
Airline 02,disappointing experience uncomfortable and expensive,no,6.0,2.0,2.0,3.0,4.0,4.0,,4.0,0,Economy
Airline 20,good value and helpful cabin crew,no,2.0,2.0,3.0,2.0,1.0,,2.0,1.0,0,Economy
Airline 37,efficient ground team and comfortable flight,yes,8.0,3.0,5.0,5.0,4.0,,3.0,5.0,0,Economy
Airline 41,poor value delay and unhelpful ground service,yes,8.0,3.0,4.0,4.0,4.0,3.0,,5.0,0,Economy
Airline 28,disappointing experience uncomfortable and expensive,no,6.0,2.0,4.0,4.0,2.0,3.0,,3.0,1,Economy
Airline 36,long delay weak communication would not recommend,no,1.0,2.0,3.0,1.0,2.0,3.0,,2.0,0,Economy
Airline 02,long delay weak communication would not recommend,no,6.0,2.0,1.0,1.0,2.0,,,3.0,1,Business
Airline 24,good value and helpful cabin crew,no,3.0,1.0,2.0,2.0,1.0,,,1.0,1,Premium Economy
Airline 26,disappointing experience uncomfortable and expensive,no,6.0,4.0,3.0,5.0,,2.0,,5.0,1,Economy
Airline 45,long delay weak communication would not recommend,no,1.0,2.0,1.0,4.0,1.0,2.0,,1.0,0,Economy
Airline 16,long delay weak communication would not recommend,yes,8.0,3.0,4.0,2.0,4.0,2.0,,4.0,0,Premium Economy
Airline 12,smooth journey friendly service worth the fare,no,5.0,1.0,2.0,2.0,2.0,2.0,,3.0,0,Business
Airline 18,smooth journey friendly service worth the fare,no,3.0,1.0,3.0,,3.0,3.0,,1.0,1,Economy
Airline 09,good value and helpful cabin crew,no,7.0,5.0,4.0,3.0,,3.0,2.0,3.0,1,Economy
Airline 28,long delay weak communication would not recommend,no,5.0,2.0,4.0,,2.0,3.0,1.0,3.0,1,Business
Airline 33,smooth journey friendly service worth the fare,yes,6.0,2.0,4.0,,4.0,1.0,3.0,4.0,1,Economy
Airline 41,disappointing experience uncomfortable and expensive,no,2.0,3.0,3.0,5.0,2.0,3.0,,1.0,1,Business
Airline 49,disappointing experience uncomfortable and expensive,no,5.0,2.0,2.0,4.0,3.0,,,1.0,1,Economy
Airline 04,good value and helpful cabin crew,no,1.0,2.0,1.0,3.0,1.0,2.0,,1.0,0,Business
Airline 13,long delay weak communication would not recommend,no,1.0,2.0,1.0,1.0,1.0,3.0,,1.0,0,Economy
Airline 16,efficient ground team and comfortable flight,yes,8.0,5.0,5.0,5.0,5.0,,,5.0,1,Premium Economy
Airline 13,long delay weak communication would not recommend,yes,10.0,4.0,5.0,3.0,5.0,3.0,3.0,5.0,1,Economy
Airline 42,disappointing experience uncomfortable and expensive,no,5.0,3.0,3.0,,2.0,4.0,,5.0,1,Premium Economy
Airline 07,good value and helpful cabin crew,yes,6.0,4.0,2.0,4.0,3.0,2.0,1.0,3.0,0,Economy
Airline 02,poor value delay and unhelpful ground service,no,4.0,1.0,4.0,3.0,1.0,3.0,,2.0,0,Economy
Airline 44,efficient ground team and comfortable flight,no,6.0,2.0,3.0,2.0,5.0,1.0,,4.0,1,Economy
Airline 49,disappointing experience uncomfortable and expensive,no,4.0,2.0,3.0,2.0,3.0,2.0,2.0,2.0,0,Economy
Airline 12,disappointing experience uncomfortable and expensive,no,6.0,2.0,4.0,3.0,5.0,4.0,2.0,3.0,1,Economy
Airline 17,long delay weak communication would not recommend,no,6.0,3.0,4.0,4.0,2.0,3.0,2.0,2.0,0,Business
Airline 26,poor value delay and unhelpful ground service,no,3.0,2.0,4.0,3.0,3.0,,,2.0,1,Premium Economy
Airline 27,long delay weak communication would not recommend,no,5.0,4.0,4.0,4.0,3.0,3.0,,3.0,0,Economy
Airline 50,good value and helpful cabin crew,yes,7.0,3.0,4.0,5.0,3.0,4.0,2.0,3.0,0,Business
Airline 21,poor value delay and unhelpful ground service,no,3.0,2.0,2.0,1.0,2.0,2.0,,1.0,0,Premium Economy
Airline 01,long delay weak communication would not recommend,no,5.0,3.0,4.0,4.0,3.0,4.0,,2.0,0,Economy
Airline 22,long delay weak communication would not recommend,no,4.0,2.0,3.0,3.0,1.0,5.0,3.0,4.0,1,Business
Airline 28,long delay weak communication would not recommend,no,4.0,4.0,3.0,3.0,3.0,,,3.0,0,Economy
Airline 26,good value and helpful cabin crew,yes,6.0,5.0,4.0,4.0,,2.0,,4.0,0,Economy
Airline 26,smooth journey friendly service worth the fare,yes,4.0,2.0,2.0,3.0,4.0,2.0,,3.0,0,Economy
Airline 47,poor value delay and unhelpful ground service,yes,9.0,5.0,4.0,3.0,,4.0,3.0,5.0,0,Business
Airline 41,disappointing experience uncomfortable and expensive,no,2.0,1.0,1.0,2.0,2.0,1.0,2.0,1.0,1,Economy
Airline 13,disappointing experience uncomfortable and expensive,no,4.0,2.0,2.0,,3.0,2.0,3.0,1.0,1,Economy
Airline 18,efficient ground team and comfortable flight,no,6.0,3.0,1.0,2.0,3.0,,,5.0,0,Economy
Airline 34,smooth journey friendly service worth the fare,yes,10.0,5.0,5.0,4.0,5.0,4.0,,4.0,0,Economy
Airline 21,efficient ground team and comfortable flight,no,1.0,2.0,3.0,1.0,2.0,,,1.0,1,Economy
Airline 22,poor value delay and unhelpful ground service,no,8.0,3.0,3.0,3.0,3.0,3.0,3.0,2.0,0,Economy
Airline 09,disappointing experience uncomfortable and expensive,no,9.0,5.0,5.0,5.0,4.0,,2.0,4.0,1,Economy
Airline 13,efficient ground team and comfortable flight,yes,5.0,2.0,4.0,2.0,2.0,,3.0,2.0,1,Economy
Airline 38,disappointing experience uncomfortable and expensive,no,4.0,3.0,3.0,,4.0,,5.0,1.0,1,Economy
Airline 43,poor value delay and unhelpful ground service,no,4.0,5.0,3.0,,5.0,1.0,,3.0,0,Economy
Airline 40,good value and helpful cabin crew,yes,6.0,2.0,3.0,2.0,2.0,2.0,,4.0,1,Economy
Airline 16,smooth journey friendly service worth the fare,yes,7.0,4.0,5.0,5.0,3.0,,2.0,4.0,1,Economy
Airline 07,smooth journey friendly service worth the fare,yes,8.0,4.0,3.0,1.0,4.0,,,3.0,0,Economy
Airline 08,efficient ground team and comfortable flight,yes,7.0,4.0,5.0,3.0,5.0,4.0,,4.0,1,Economy
Airline 20,good value and helpful cabin crew,yes,5.0,4.0,3.0,2.0,4.0,,,2.0,0,Economy
Airline 26,disappointing experience uncomfortable and expensive,no,5.0,1.0,2.0,4.0,3.0,3.0,,2.0,0,Business
Airline 45,efficient ground team and comfortable flight,no,6.0,3.0,4.0,3.0,4.0,3.0,,2.0,1,Economy
Airline 45,smooth journey friendly service worth the fare,no,2.0,2.0,2.0,,3.0,,,2.0,1,Economy
Airline 01,long delay weak communication would not recommend,no,4.0,5.0,4.0,3.0,5.0,4.0,,4.0,1,Economy
Airline 36,poor value delay and unhelpful ground service,no,3.0,3.0,2.0,2.0,3.0,1.0,3.0,2.0,1,Economy
Airline 15,long delay weak communication would not recommend,no,3.0,3.0,2.0,1.0,1.0,,2.0,2.0,0,Economy
Airline 10,good value and helpful cabin crew,yes,5.0,4.0,5.0,4.0,3.0,3.0,,4.0,0,Economy
Airline 28,poor value delay and unhelpful ground service,no,3.0,2.0,2.0,1.0,2.0,,2.0,1.0,0,Economy
Airline 02,efficient ground team and comfortable flight,yes,6.0,4.0,4.0,3.0,4.0,2.0,,4.0,1,Business
Airline 17,smooth journey friendly service worth the fare,yes,3.0,2.0,2.0,,3.0,2.0,,4.0,1,Economy
Airline 28,poor value delay and unhelpful ground service,no,6.0,5.0,2.0,4.0,5.0,,3.0,4.0,0,Economy
Airline 14,long delay weak communication would not recommend,no,3.0,2.0,3.0,,2.0,,3.0,2.0,0,Economy
Airline 30,smooth journey friendly service worth the fare,yes,7.0,4.0,3.0,,4.0,3.0,,4.0,1,Business
Airline 24,long delay weak communication would not recommend,no,5.0,2.0,4.0,,3.0,2.0,3.0,3.0,0,Premium Economy
Airline 40,good value and helpful cabin crew,yes,7.0,3.0,5.0,1.0,3.0,4.0,,4.0,0,Economy
Airline 10,poor value delay and unhelpful ground service,no,6.0,4.0,3.0,4.0,2.0,,,3.0,0,Economy
Airline 03,efficient ground team and comfortable flight,no,2.0,1.0,2.0,3.0,1.0,3.0,,2.0,1,Premium Economy
Airline 27,disappointing experience uncomfortable and expensive,no,8.0,3.0,3.0,4.0,4.0,4.0,1.0,4.0,0,Economy
Airline 13,smooth journey friendly service worth the fare,no,4.0,2.0,4.0,,3.0,5.0,,3.0,1,Economy
Airline 36,poor value delay and unhelpful ground service,no,8.0,3.0,4.0,2.0,3.0,,,5.0,0,Economy
Airline 05,smooth journey friendly service worth the fare,yes,7.0,2.0,2.0,5.0,2.0,,,5.0,0,Premium Economy
Airline 29,long delay weak communication would not recommend,no,4.0,3.0,3.0,1.0,3.0,,,3.0,1,Economy
Airline 50,efficient ground team and comfortable flight,no,3.0,2.0,3.0,2.0,2.0,2.0,3.0,2.0,1,Premium Economy
Airline 05,disappointing experience uncomfortable and expensive,no,7.0,4.0,5.0,,3.0,,2.0,3.0,1,Economy
Airline 16,long delay weak communication would not recommend,no,5.0,4.0,5.0,3.0,2.0,,,3.0,0,Economy
Airline 43,good value and helpful cabin crew,yes,6.0,4.0,5.0,3.0,4.0,,4.0,4.0,1,Economy
Airline 27,disappointing experience uncomfortable and expensive,no,6.0,4.0,3.0,2.0,3.0,3.0,,2.0,1,Economy
Airline 09,poor value delay and unhelpful ground service,no,10.0,5.0,5.0,4.0,4.0,,1.0,4.0,1,Economy
Airline 11,good value and helpful cabin crew,no,6.0,2.0,3.0,,2.0,2.0,1.0,3.0,0,Economy
Airline 39,poor value delay and unhelpful ground service,no,8.0,4.0,2.0,3.0,3.0,,,4.0,0,Economy
Airline 44,smooth journey friendly service worth the fare,no,5.0,3.0,3.0,3.0,3.0,,2.0,3.0,0,Economy
Airline 19,long delay weak communication would not recommend,no,6.0,2.0,4.0,3.0,3.0,3.0,,3.0,1,Economy
Airline 24,smooth journey friendly service worth the fare,yes,7.0,4.0,4.0,,4.0,5.0,4.0,4.0,1,Business
Airline 40,long delay weak communication would not recommend,no,5.0,3.0,4.0,3.0,3.0,1.0,,2.0,0,Economy
Airline 09,good value and helpful cabin crew,yes,5.0,2.0,4.0,,3.0,3.0,,2.0,0,Economy
Airline 11,smooth journey friendly service worth the fare,no,7.0,2.0,3.0,1.0,2.0,3.0,,2.0,0,Premium Economy
Airline 39,poor value delay and unhelpful ground service,no,5.0,5.0,2.0,3.0,2.0,,,3.0,0,Economy
Airline 10,good value and helpful cabin crew,yes,10.0,4.0,5.0,3.0,5.0,2.0,2.0,4.0,1,Economy
Airline 39,efficient ground team and comfortable flight,yes,9.0,5.0,4.0,,4.0,,1.0,5.0,0,Economy
Airline 25,disappointing experience uncomfortable and expensive,no,6.0,3.0,5.0,3.0,3.0,,,4.0,0,Premium Economy
Airline 50,good value and helpful cabin crew,no,4.0,2.0,4.0,,,1.0,,3.0,1,Business
Airline 02,long delay weak communication would not recommend,no,5.0,1.0,2.0,1.0,,4.0,,3.0,0,Economy
Airline 48,poor value delay and unhelpful ground service,no,5.0,4.0,4.0,4.0,2.0,1.0,2.0,2.0,0,Economy
Airline 12,efficient ground team and comfortable flight,yes,5.0,4.0,4.0,4.0,,1.0,1.0,3.0,1,Business
Airline 02,poor value delay and unhelpful ground service,no,6.0,3.0,3.0,4.0,3.0,4.0,,4.0,1,Economy
Airline 37,good value and helpful cabin crew,yes,6.0,3.0,4.0,2.0,5.0,3.0,2.0,5.0,1,Economy
Airline 27,disappointing experience uncomfortable and expensive,no,3.0,3.0,4.0,2.0,3.0,2.0,,2.0,1,Economy
Airline 42,long delay weak communication would not recommend,yes,7.0,3.0,3.0,2.0,4.0,3.0,,4.0,0,Economy
Airline 06,disappointing experience uncomfortable and expensive,no,4.0,3.0,3.0,3.0,4.0,,1.0,2.0,0,Economy
Airline 05,smooth journey friendly service worth the fare,no,4.0,2.0,1.0,2.0,3.0,2.0,,1.0,0,Economy
Airline 29,smooth journey friendly service worth the fare,yes,10.0,3.0,3.0,,3.0,4.0,,5.0,0,Economy
Airline 45,long delay weak communication would not recommend,no,7.0,4.0,4.0,4.0,4.0,2.0,3.0,3.0,1,Business
Airline 21,long delay weak communication would not recommend,no,6.0,2.0,2.0,3.0,3.0,,4.0,4.0,1,Economy
Airline 40,disappointing experience uncomfortable and expensive,no,9.0,3.0,3.0,5.0,4.0,4.0,,4.0,1,Business
Airline 46,good value and helpful cabin crew,yes,6.0,4.0,5.0,3.0,4.0,4.0,,3.0,1,Business
Airline 44,good value and helpful cabin crew,yes,9.0,4.0,4.0,1.0,4.0,2.0,3.0,4.0,1,Economy
Airline 26,long delay weak communication would not recommend,no,7.0,4.0,4.0,1.0,3.0,,,5.0,0,Economy
Airline 35,long delay weak communication would not recommend,no,4.0,3.0,3.0,4.0,3.0,4.0,,3.0,1,Economy
Airline 27,disappointing experience uncomfortable and expensive,yes,10.0,5.0,4.0,,4.0,4.0,,5.0,0,Economy
Airline 34,good value and helpful cabin crew,yes,6.0,3.0,3.0,4.0,4.0,3.0,,4.0,1,Economy
Airline 29,disappointing experience uncomfortable and expensive,no,5.0,3.0,3.0,3.0,,2.0,,2.0,0,Economy
Airline 27,poor value delay and unhelpful ground service,no,3.0,3.0,2.0,4.0,1.0,3.0,,2.0,0,Business
Airline 22,good value and helpful cabin crew,yes,7.0,3.0,4.0,1.0,4.0,3.0,,3.0,1,Business
Airline 33,disappointing experience uncomfortable and expensive,no,5.0,2.0,4.0,4.0,3.0,3.0,2.0,3.0,0,Premium Economy
Airline 38,smooth journey friendly service worth the fare,yes,6.0,3.0,2.0,4.0,3.0,3.0,4.0,5.0,1,Economy
Airline 46,good value and helpful cabin crew,no,6.0,5.0,4.0,3.0,5.0,2.0,,4.0,1,Business
Airline 31,long delay weak communication would not recommend,no,3.0,2.0,3.0,,4.0,2.0,3.0,2.0,0,Business
Airline 06,good value and helpful cabin crew,no,6.0,3.0,2.0,2.0,2.0,,3.0,1.0,0,Business
Airline 30,disappointing experience uncomfortable and expensive,no,5.0,2.0,3.0,,4.0,3.0,,4.0,0,Economy
Airline 16,long delay weak communication would not recommend,no,6.0,4.0,2.0,3.0,2.0,3.0,3.0,2.0,0,Economy
Airline 02,poor value delay and unhelpful ground service,no,5.0,3.0,3.0,3.0,4.0,,,3.0,0,Economy
Airline 04,long delay weak communication would not recommend,no,3.0,2.0,2.0,,1.0,,,1.0,0,Economy
Airline 30,disappointing experience uncomfortable and expensive,no,7.0,1.0,4.0,,4.0,4.0,,3.0,1,Economy
Airline 48,efficient ground team and comfortable flight,yes,8.0,4.0,4.0,3.0,5.0,3.0,4.0,3.0,1,Economy
Airline 26,smooth journey friendly service worth the fare,yes,5.0,5.0,5.0,5.0,3.0,4.0,2.0,4.0,1,Premium Economy
Airline 23,disappointing experience uncomfortable and expensive,no,3.0,1.0,2.0,2.0,2.0,,2.0,2.0,0,Economy
Airline 05,long delay weak communication would not recommend,no,3.0,3.0,1.0,3.0,2.0,1.0,,3.0,0,Economy
Airline 34,poor value delay and unhelpful ground service,no,7.0,2.0,3.0,3.0,3.0,,,3.0,0,Economy
Airline 03,good value and helpful cabin crew,no,7.0,4.0,4.0,,4.0,3.0,3.0,5.0,1,Economy
Airline 43,long delay weak communication would not recommend,no,6.0,3.0,4.0,3.0,3.0,3.0,,4.0,0,Economy
Airline 41,efficient ground team and comfortable flight,yes,6.0,4.0,4.0,,4.0,3.0,2.0,3.0,1,Economy
Airline 50,long delay weak communication would not recommend,no,8.0,3.0,4.0,4.0,3.0,3.0,5.0,3.0,1,Economy
Airline 15,efficient ground team and comfortable flight,yes,9.0,5.0,5.0,2.0,5.0,3.0,,5.0,1,Economy
Airline 09,smooth journey friendly service worth the fare,yes,5.0,4.0,4.0,3.0,4.0,4.0,3.0,4.0,0,Economy
Airline 15,disappointing experience uncomfortable and expensive,no,1.0,2.0,1.0,1.0,1.0,,,2.0,1,Economy
Airline 40,good value and helpful cabin crew,yes,4.0,3.0,3.0,3.0,5.0,,,4.0,1,Economy
Airline 11,good value and helpful cabin crew,yes,8.0,3.0,5.0,4.0,5.0,3.0,,5.0,0,Premium Economy
Airline 45,poor value delay and unhelpful ground service,no,3.0,2.0,3.0,2.0,2.0,2.0,3.0,1.0,1,Premium Economy
Airline 08,efficient ground team and comfortable flight,yes,7.0,5.0,4.0,2.0,4.0,3.0,1.0,4.0,1,Economy
Airline 03,long delay weak communication would not recommend,no,7.0,4.0,4.0,3.0,2.0,4.0,2.0,4.0,0,Business
Airline 11,poor value delay and unhelpful ground service,no,7.0,2.0,2.0,3.0,2.0,,,3.0,0,Economy
Airline 38,poor value delay and unhelpful ground service,no,5.0,5.0,3.0,,3.0,2.0,4.0,3.0,0,Economy
Airline 31,smooth journey friendly service worth the fare,yes,8.0,4.0,3.0,4.0,5.0,5.0,1.0,4.0,0,Economy
Airline 18,long delay weak communication would not recommend,yes,6.0,4.0,4.0,3.0,3.0,3.0,,4.0,1,Business
Airline 33,poor value delay and unhelpful ground service,no,6.0,4.0,4.0,,5.0,3.0,3.0,4.0,1,Economy
Airline 33,long delay weak communication would not recommend,no,4.0,3.0,3.0,1.0,4.0,,,3.0,1,Economy
Airline 28,disappointing experience uncomfortable and expensive,no,4.0,1.0,3.0,,3.0,3.0,,3.0,0,Economy
Airline 26,long delay weak communication would not recommend,no,7.0,4.0,1.0,,3.0,5.0,,2.0,0,Economy
Airline 06,disappointing experience uncomfortable and expensive,no,2.0,1.0,2.0,2.0,3.0,,,2.0,0,Premium Economy
Airline 13,good value and helpful cabin crew,no,5.0,4.0,2.0,,3.0,4.0,2.0,2.0,0,Economy
Airline 27,efficient ground team and comfortable flight,yes,9.0,4.0,4.0,4.0,5.0,,,5.0,1,Economy
Airline 07,poor value delay and unhelpful ground service,no,7.0,4.0,3.0,3.0,4.0,3.0,,4.0,0,Economy
Airline 24,poor value delay and unhelpful ground service,no,7.0,4.0,3.0,5.0,2.0,3.0,,2.0,0,Premium Economy
Airline 06,disappointing experience uncomfortable and expensive,no,4.0,4.0,3.0,3.0,3.0,2.0,,4.0,0,Economy
Airline 40,disappointing experience uncomfortable and expensive,no,6.0,3.0,4.0,1.0,3.0,3.0,,3.0,1,Business
Airline 06,good value and helpful cabin crew,no,9.0,4.0,3.0,,4.0,2.0,2.0,4.0,1,Economy
Airline 05,good value and helpful cabin crew,yes,10.0,5.0,4.0,4.0,,3.0,,5.0,1,Economy
Airline 32,good value and helpful cabin crew,yes,8.0,5.0,3.0,5.0,4.0,,,4.0,1,Economy
Airline 12,smooth journey friendly service worth the fare,yes,7.0,4.0,3.0,2.0,2.0,,1.0,5.0,1,Economy
Airline 18,long delay weak communication would not recommend,no,5.0,2.0,3.0,3.0,4.0,3.0,,2.0,0,Economy
Airline 16,disappointing experience uncomfortable and expensive,yes,7.0,3.0,4.0,,3.0,3.0,,2.0,1,Business
Airline 11,disappointing experience uncomfortable and expensive,no,3.0,3.0,1.0,,2.0,1.0,,2.0,0,Economy
Airline 39,poor value delay and unhelpful ground service,no,1.0,3.0,2.0,5.0,3.0,4.0,2.0,1.0,1,Economy
Airline 35,disappointing experience uncomfortable and expensive,no,4.0,2.0,2.0,1.0,,3.0,,1.0,1,Economy
Airline 12,long delay weak communication would not recommend,no,6.0,5.0,2.0,,3.0,4.0,2.0,4.0,0,Business
Airline 35,long delay weak communication would not recommend,no,4.0,3.0,3.0,2.0,3.0,1.0,,3.0,0,Economy
Airline 36,disappointing experience uncomfortable and expensive,no,5.0,2.0,3.0,1.0,1.0,,,1.0,1,Economy
Airline 27,efficient ground team and comfortable flight,yes,5.0,2.0,3.0,1.0,3.0,,,3.0,0,Economy
Airline 29,poor value delay and unhelpful ground service,no,7.0,4.0,2.0,2.0,4.0,3.0,4.0,2.0,1,Economy
Airline 47,disappointing experience uncomfortable and expensive,no,1.0,2.0,2.0,,1.0,3.0,,2.0,0,Economy
Airline 23,disappointing experience uncomfortable and expensive,no,5.0,2.0,2.0,2.0,2.0,3.0,,2.0,1,Economy
Airline 20,long delay weak communication would not recommend,no,4.0,3.0,3.0,2.0,3.0,2.0,,2.0,1,Premium Economy
Airline 27,disappointing experience uncomfortable and expensive,no,4.0,4.0,4.0,4.0,,1.0,,2.0,0,Premium Economy
Airline 42,smooth journey friendly service worth the fare,yes,8.0,4.0,5.0,4.0,,2.0,,4.0,1,Economy
Airline 36,poor value delay and unhelpful ground service,no,1.0,1.0,2.0,2.0,1.0,2.0,,2.0,1,Economy
Airline 04,poor value delay and unhelpful ground service,no,1.0,1.0,3.0,2.0,1.0,,,1.0,1,Economy
Airline 23,good value and helpful cabin crew,yes,5.0,4.0,2.0,1.0,4.0,,,2.0,0,Business
Airline 37,poor value delay and unhelpful ground service,no,10.0,3.0,5.0,3.0,2.0,,,2.0,0,Premium Economy
Airline 12,long delay weak communication would not recommend,no,7.0,4.0,3.0,3.0,3.0,,,3.0,1,Economy
Airline 50,poor value delay and unhelpful ground service,no,5.0,3.0,1.0,2.0,1.0,4.0,,4.0,1,Business
Airline 41,smooth journey friendly service worth the fare,yes,4.0,1.0,4.0,2.0,3.0,3.0,,1.0,1,Business
Airline 43,efficient ground team and comfortable flight,no,3.0,4.0,3.0,3.0,3.0,3.0,1.0,3.0,1,Economy
Airline 05,poor value delay and unhelpful ground service,no,6.0,2.0,3.0,1.0,3.0,3.0,,3.0,0,Business
Airline 29,efficient ground team and comfortable flight,yes,10.0,4.0,4.0,5.0,5.0,3.0,2.0,5.0,0,Business
Airline 27,disappointing experience uncomfortable and expensive,no,3.0,4.0,5.0,,1.0,,2.0,2.0,0,Economy
Airline 32,smooth journey friendly service worth the fare,yes,8.0,4.0,5.0,2.0,2.0,3.0,2.0,4.0,1,Economy
Airline 43,good value and helpful cabin crew,yes,10.0,5.0,5.0,2.0,5.0,4.0,3.0,5.0,1,Premium Economy
Airline 18,long delay weak communication would not recommend,no,4.0,4.0,3.0,1.0,,3.0,,3.0,1,Economy
Airline 27,disappointing experience uncomfortable and expensive,no,7.0,4.0,4.0,5.0,3.0,4.0,2.0,4.0,1,Economy
Airline 34,long delay weak communication would not recommend,yes,6.0,5.0,4.0,,4.0,2.0,2.0,4.0,0,Economy
Airline 38,smooth journey friendly service worth the fare,yes,5.0,5.0,5.0,4.0,4.0,3.0,3.0,5.0,1,Business
Airline 39,poor value delay and unhelpful ground service,no,6.0,3.0,3.0,2.0,2.0,5.0,,4.0,0,Economy
Airline 17,long delay weak communication would not recommend,yes,6.0,2.0,5.0,3.0,,4.0,1.0,5.0,0,Economy
Airline 50,smooth journey friendly service worth the fare,yes,4.0,3.0,3.0,3.0,4.0,,3.0,4.0,0,Business
Airline 01,poor value delay and unhelpful ground service,no,3.0,3.0,2.0,,2.0,3.0,2.0,2.0,0,Economy
Airline 25,disappointing experience uncomfortable and expensive,no,5.0,3.0,3.0,3.0,,3.0,,4.0,1,Economy
Airline 31,poor value delay and unhelpful ground service,no,9.0,3.0,5.0,3.0,5.0,4.0,2.0,5.0,0,Economy
Airline 04,efficient ground team and comfortable flight,yes,9.0,4.0,4.0,2.0,4.0,3.0,,5.0,1,Economy
Airline 23,long delay weak communication would not recommend,no,6.0,2.0,4.0,3.0,4.0,,,3.0,1,Business
Airline 30,disappointing experience uncomfortable and expensive,yes,7.0,4.0,3.0,1.0,4.0,2.0,3.0,4.0,1,Economy
Airline 31,smooth journey friendly service worth the fare,no,1.0,3.0,3.0,2.0,2.0,4.0,,2.0,0,Economy
Airline 06,smooth journey friendly service worth the fare,no,5.0,3.0,4.0,3.0,2.0,,,3.0,0,Economy
Airline 14,long delay weak communication would not recommend,yes,6.0,4.0,4.0,4.0,4.0,4.0,4.0,4.0,0,Economy
Airline 13,good value and helpful cabin crew,yes,7.0,5.0,5.0,,4.0,3.0,5.0,5.0,1,Business
Airline 32,long delay weak communication would not recommend,no,5.0,5.0,3.0,2.0,2.0,2.0,,1.0,1,Premium Economy
Airline 17,good value and helpful cabin crew,yes,3.0,2.0,5.0,3.0,3.0,,3.0,3.0,0,Economy
Airline 29,smooth journey friendly service worth the fare,yes,10.0,5.0,5.0,2.0,5.0,,,5.0,1,Economy
Airline 37,disappointing experience uncomfortable and expensive,no,5.0,3.0,2.0,3.0,3.0,,2.0,3.0,1,Economy
Airline 40,disappointing experience uncomfortable and expensive,yes,8.0,4.0,4.0,3.0,4.0,,,5.0,0,Business
Airline 10,disappointing experience uncomfortable and expensive,no,7.0,2.0,3.0,3.0,3.0,,1.0,3.0,1,Economy
Airline 46,efficient ground team and comfortable flight,yes,5.0,2.0,3.0,3.0,2.0,2.0,,4.0,1,Economy
Airline 09,efficient ground team and comfortable flight,no,4.0,3.0,1.0,3.0,,5.0,5.0,3.0,0,Economy
Airline 02,long delay weak communication would not recommend,yes,7.0,2.0,5.0,2.0,3.0,3.0,3.0,4.0,0,Economy
Airline 03,smooth journey friendly service worth the fare,yes,9.0,4.0,3.0,4.0,4.0,,1.0,5.0,0,Premium Economy
Airline 11,long delay weak communication would not recommend,no,3.0,2.0,3.0,2.0,,3.0,1.0,2.0,1,Economy
Airline 44,smooth journey friendly service worth the fare,no,4.0,3.0,5.0,,2.0,2.0,1.0,2.0,0,Economy
Airline 11,efficient ground team and comfortable flight,yes,6.0,5.0,3.0,5.0,3.0,4.0,4.0,5.0,1,Premium Economy
Airline 35,disappointing experience uncomfortable and expensive,no,5.0,2.0,3.0,4.0,4.0,3.0,,3.0,1,Economy
Airline 21,long delay weak communication would not recommend,no,4.0,3.0,2.0,,2.0,1.0,3.0,1.0,0,Economy
Airline 02,good value and helpful cabin crew,yes,10.0,3.0,5.0,,3.0,,,4.0,0,Economy
Airline 23,good value and helpful cabin crew,yes,7.0,3.0,3.0,2.0,4.0,2.0,4.0,3.0,0,Economy
Airline 02,good value and helpful cabin crew,no,5.0,3.0,3.0,4.0,3.0,,2.0,1.0,1,Business
Airline 24,disappointing experience uncomfortable and expensive,no,6.0,3.0,4.0,4.0,3.0,,,3.0,1,Economy
Airline 28,smooth journey friendly service worth the fare,no,3.0,1.0,2.0,,2.0,1.0,2.0,2.0,0,Business
Airline 27,long delay weak communication would not recommend,yes,5.0,2.0,1.0,2.0,2.0,3.0,1.0,3.0,0,Economy
Airline 15,efficient ground team and comfortable flight,yes,6.0,1.0,4.0,3.0,,3.0,,4.0,1,Business
Airline 39,long delay weak communication would not recommend,no,6.0,3.0,2.0,2.0,2.0,4.0,,3.0,0,Economy
Airline 30,disappointing experience uncomfortable and expensive,no,4.0,1.0,2.0,2.0,1.0,,2.0,1.0,1,Economy
Airline 13,poor value delay and unhelpful ground service,no,2.0,3.0,3.0,2.0,2.0,2.0,,3.0,0,Economy
Airline 22,long delay weak communication would not recommend,no,4.0,3.0,2.0,,1.0,3.0,2.0,3.0,0,Economy
Airline 06,poor value delay and unhelpful ground service,no,6.0,5.0,5.0,2.0,4.0,,,4.0,0,Economy
Airline 47,long delay weak communication would not recommend,no,1.0,4.0,2.0,,,3.0,,1.0,1,Economy
Airline 38,disappointing experience uncomfortable and expensive,no,8.0,3.0,2.0,2.0,2.0,,,1.0,1,Economy
Airline 15,long delay weak communication would not recommend,no,1.0,1.0,2.0,,1.0,,,2.0,1,Economy
Airline 34,disappointing experience uncomfortable and expensive,yes,6.0,5.0,4.0,,3.0,3.0,,5.0,1,Business
Airline 34,efficient ground team and comfortable flight,no,2.0,1.0,2.0,1.0,2.0,2.0,1.0,1.0,0,Economy
Airline 31,disappointing experience uncomfortable and expensive,no,5.0,1.0,3.0,3.0,3.0,2.0,,3.0,1,Economy
Airline 03,long delay weak communication would not recommend,yes,8.0,5.0,4.0,3.0,4.0,,2.0,5.0,0,Economy
Airline 44,efficient ground team and comfortable flight,yes,9.0,5.0,5.0,1.0,5.0,,,5.0,1,Economy
Airline 48,smooth journey friendly service worth the fare,no,1.0,1.0,1.0,,1.0,1.0,,1.0,0,Economy
Airline 49,poor value delay and unhelpful ground service,no,6.0,2.0,2.0,5.0,4.0,,2.0,4.0,0,Economy
Airline 50,poor value delay and unhelpful ground service,no,4.0,3.0,3.0,1.0,2.0,2.0,,2.0,1,Economy
Airline 47,disappointing experience uncomfortable and expensive,no,3.0,2.0,2.0,,2.0,,1.0,2.0,0,Economy
Airline 37,poor value delay and unhelpful ground service,no,5.0,2.0,3.0,,3.0,3.0,,3.0,1,Economy
Airline 03,long delay weak communication would not recommend,yes,10.0,5.0,4.0,3.0,4.0,,,4.0,0,Economy
Airline 24,smooth journey friendly service worth the fare,yes,7.0,5.0,3.0,,3.0,,1.0,3.0,1,Economy
Airline 13,poor value delay and unhelpful ground service,no,4.0,3.0,2.0,,2.0,,,2.0,1,Economy
Airline 11,smooth journey friendly service worth the fare,yes,7.0,3.0,5.0,4.0,5.0,4.0,5.0,4.0,1,Economy
Airline 42,good value and helpful cabin crew,no,1.0,2.0,2.0,,2.0,3.0,2.0,2.0,0,Economy
Airline 41,good value and helpful cabin crew,yes,5.0,2.0,3.0,3.0,3.0,2.0,,4.0,0,Economy
Airline 27,efficient ground team and comfortable flight,yes,3.0,1.0,2.0,3.0,1.0,,,3.0,0,Economy
Airline 37,disappointing experience uncomfortable and expensive,no,8.0,1.0,2.0,2.0,2.0,,,3.0,0,Economy
Airline 07,disappointing experience uncomfortable and expensive,yes,5.0,3.0,4.0,1.0,3.0,,1.0,2.0,0,Economy
Airline 12,disappointing experience uncomfortable and expensive,yes,9.0,4.0,3.0,3.0,3.0,,4.0,3.0,0,Economy
Airline 44,disappointing experience uncomfortable and expensive,no,8.0,3.0,2.0,,2.0,,,2.0,0,Economy
Airline 23,efficient ground team and comfortable flight,no,5.0,4.0,3.0,3.0,2.0,,2.0,4.0,1,Economy
Airline 28,poor value delay and unhelpful ground service,no,7.0,4.0,3.0,5.0,5.0,4.0,2.0,2.0,1,Premium Economy
Airline 24,efficient ground team and comfortable flight,yes,6.0,4.0,2.0,4.0,4.0,3.0,,3.0,0,Business
Airline 11,good value and helpful cabin crew,no,6.0,3.0,2.0,3.0,4.0,2.0,,2.0,0,Business
Airline 42,disappointing experience uncomfortable and expensive,no,7.0,3.0,4.0,3.0,3.0,4.0,2.0,3.0,0,Economy
Airline 38,smooth journey friendly service worth the fare,yes,9.0,3.0,3.0,1.0,,,5.0,4.0,0,Economy
Airline 35,good value and helpful cabin crew,no,2.0,2.0,3.0,2.0,3.0,2.0,1.0,3.0,1,Premium Economy
Airline 18,efficient ground team and comfortable flight,no,5.0,2.0,3.0,1.0,3.0,2.0,3.0,3.0,0,Economy
Airline 33,smooth journey friendly service worth the fare,yes,8.0,5.0,5.0,1.0,4.0,3.0,,5.0,1,Economy
Airline 48,poor value delay and unhelpful ground service,no,2.0,2.0,2.0,3.0,1.0,2.0,,1.0,1,Economy
Airline 33,disappointing experience uncomfortable and expensive,yes,7.0,4.0,5.0,5.0,4.0,3.0,3.0,5.0,1,Economy
Airline 25,long delay weak communication would not recommend,no,4.0,2.0,3.0,1.0,2.0,,1.0,2.0,1,Economy
Airline 14,poor value delay and unhelpful ground service,no,3.0,2.0,2.0,2.0,1.0,,,3.0,1,Premium Economy
Airline 27,poor value delay and unhelpful ground service,no,3.0,2.0,3.0,2.0,3.0,,2.0,2.0,1,Economy
Airline 19,poor value delay and unhelpful ground service,yes,10.0,5.0,4.0,,4.0,3.0,,5.0,1,Economy
Airline 31,poor value delay and unhelpful ground service,no,6.0,2.0,2.0,1.0,2.0,3.0,,3.0,1,Economy
Airline 03,disappointing experience uncomfortable and expensive,no,4.0,4.0,1.0,4.0,2.0,2.0,1.0,2.0,0,Economy
Airline 10,poor value delay and unhelpful ground service,no,3.0,2.0,2.0,,2.0,2.0,1.0,2.0,1,Economy
Airline 40,long delay weak communication would not recommend,no,5.0,2.0,3.0,1.0,,2.0,,4.0,1,Economy
Airline 20,poor value delay and unhelpful ground service,no,6.0,4.0,4.0,1.0,2.0,3.0,,2.0,0,Economy
Airline 22,disappointing experience uncomfortable and expensive,no,7.0,3.0,3.0,,2.0,1.0,,2.0,1,Economy
Airline 28,poor value delay and unhelpful ground service,no,1.0,2.0,1.0,1.0,1.0,2.0,1.0,1.0,1,Economy
Airline 22,disappointing experience uncomfortable and expensive,no,6.0,4.0,2.0,2.0,3.0,,,2.0,0,Economy
Airline 38,smooth journey friendly service worth the fare,no,4.0,2.0,2.0,3.0,3.0,3.0,,3.0,1,Business
Airline 13,good value and helpful cabin crew,yes,8.0,3.0,4.0,4.0,3.0,,,4.0,1,Economy
Airline 38,smooth journey friendly service worth the fare,no,9.0,5.0,5.0,1.0,4.0,,3.0,4.0,1,Business
Airline 11,disappointing experience uncomfortable and expensive,no,5.0,5.0,3.0,3.0,2.0,,,2.0,1,Business
Airline 19,long delay weak communication would not recommend,no,7.0,4.0,5.0,4.0,4.0,5.0,,4.0,0,Business
Airline 30,efficient ground team and comfortable flight,yes,2.0,2.0,2.0,2.0,1.0,4.0,,2.0,0,Economy
Airline 45,disappointing experience uncomfortable and expensive,no,9.0,5.0,4.0,,2.0,2.0,,5.0,0,Premium Economy
Airline 12,long delay weak communication would not recommend,no,3.0,2.0,2.0,4.0,3.0,2.0,2.0,2.0,0,Economy
Airline 30,poor value delay and unhelpful ground service,no,3.0,3.0,3.0,1.0,2.0,,2.0,3.0,1,Economy
Airline 04,disappointing experience uncomfortable and expensive,no,6.0,3.0,3.0,3.0,2.0,3.0,2.0,1.0,0,Economy
Airline 04,good value and helpful cabin crew,yes,10.0,4.0,3.0,,5.0,3.0,,3.0,0,Economy
Airline 39,long delay weak communication would not recommend,no,7.0,2.0,4.0,3.0,1.0,2.0,,4.0,1,Premium Economy
Airline 36,good value and helpful cabin crew,yes,10.0,4.0,5.0,3.0,5.0,3.0,,5.0,0,Economy
Airline 19,disappointing experience uncomfortable and expensive,no,4.0,2.0,2.0,3.0,3.0,3.0,,2.0,1,Economy
Airline 32,long delay weak communication would not recommend,no,10.0,4.0,3.0,5.0,,,,4.0,1,Economy
Airline 20,poor value delay and unhelpful ground service,no,5.0,3.0,3.0,3.0,2.0,1.0,,3.0,0,Economy
Airline 14,disappointing experience uncomfortable and expensive,no,6.0,4.0,5.0,3.0,4.0,,2.0,3.0,0,Economy
Airline 22,good value and helpful cabin crew,yes,6.0,2.0,4.0,2.0,4.0,,,3.0,1,Economy
Airline 16,efficient ground team and comfortable flight,yes,8.0,3.0,2.0,2.0,3.0,,1.0,4.0,0,Premium Economy
Airline 41,efficient ground team and comfortable flight,yes,5.0,4.0,4.0,4.0,2.0,3.0,,4.0,1,Economy
Airline 21,efficient ground team and comfortable flight,yes,2.0,3.0,3.0,,4.0,3.0,,3.0,1,Economy
Airline 17,long delay weak communication would not recommend,yes,7.0,2.0,3.0,5.0,5.0,3.0,,5.0,0,Economy
Airline 27,long delay weak communication would not recommend,no,6.0,4.0,5.0,4.0,5.0,,4.0,5.0,0,Economy
Airline 38,disappointing experience uncomfortable and expensive,no,5.0,2.0,3.0,1.0,,1.0,3.0,1.0,0,Premium Economy
Airline 14,efficient ground team and comfortable flight,no,2.0,3.0,3.0,2.0,2.0,,1.0,2.0,0,Economy
Airline 47,smooth journey friendly service worth the fare,yes,6.0,5.0,3.0,2.0,4.0,,,3.0,0,Economy
Airline 24,poor value delay and unhelpful ground service,no,6.0,1.0,3.0,2.0,1.0,1.0,,3.0,1,Premium Economy
Airline 34,poor value delay and unhelpful ground service,yes,6.0,2.0,2.0,1.0,,,3.0,3.0,0,Economy
Airline 48,poor value delay and unhelpful ground service,no,5.0,4.0,4.0,3.0,3.0,4.0,,3.0,1,Economy
Airline 22,good value and helpful cabin crew,yes,5.0,3.0,4.0,1.0,2.0,3.0,5.0,3.0,1,Business
Airline 10,disappointing experience uncomfortable and expensive,no,4.0,4.0,2.0,2.0,3.0,4.0,1.0,3.0,0,Economy
Airline 38,disappointing experience uncomfortable and expensive,no,5.0,3.0,2.0,2.0,1.0,3.0,,3.0,1,Economy
Airline 01,smooth journey friendly service worth the fare,yes,10.0,3.0,5.0,3.0,3.0,3.0,,4.0,0,Economy
Airline 23,smooth journey friendly service worth the fare,yes,6.0,2.0,3.0,2.0,2.0,,2.0,3.0,1,Economy
Airline 49,poor value delay and unhelpful ground service,no,2.0,1.0,3.0,2.0,2.0,3.0,1.0,1.0,1,Economy
Airline 21,disappointing experience uncomfortable and expensive,no,3.0,2.0,2.0,3.0,3.0,1.0,,2.0,0,Business
Airline 35,poor value delay and unhelpful ground service,no,5.0,3.0,3.0,3.0,4.0,1.0,2.0,3.0,1,Premium Economy
Airline 27,long delay weak communication would not recommend,no,3.0,3.0,3.0,,2.0,,1.0,3.0,1,Economy
Airline 11,good value and helpful cabin crew,no,4.0,2.0,2.0,2.0,2.0,,,1.0,1,Premium Economy
Airline 16,long delay weak communication would not recommend,no,10.0,3.0,2.0,,4.0,5.0,,2.0,0,Economy
Airline 27,long delay weak communication would not recommend,yes,9.0,3.0,5.0,,4.0,4.0,2.0,5.0,0,Economy
Airline 06,smooth journey friendly service worth the fare,yes,5.0,2.0,3.0,,3.0,,3.0,3.0,0,Business
Airline 21,disappointing experience uncomfortable and expensive,no,6.0,3.0,2.0,,3.0,3.0,,3.0,0,Economy
Airline 21,disappointing experience uncomfortable and expensive,no,7.0,2.0,4.0,4.0,2.0,,,3.0,0,Business
Airline 42,disappointing experience uncomfortable and expensive,no,7.0,4.0,4.0,,3.0,,,3.0,1,Economy
Airline 07,smooth journey friendly service worth the fare,yes,5.0,5.0,4.0,3.0,4.0,,,5.0,1,Business
Airline 43,disappointing experience uncomfortable and expensive,no,2.0,1.0,2.0,1.0,1.0,2.0,,1.0,0,Economy
Airline 21,good value and helpful cabin crew,yes,4.0,4.0,3.0,3.0,2.0,4.0,2.0,2.0,0,Economy
Airline 33,smooth journey friendly service worth the fare,yes,8.0,4.0,2.0,,4.0,3.0,,4.0,0,Economy
Airline 28,poor value delay and unhelpful ground service,no,6.0,3.0,3.0,2.0,2.0,2.0,,3.0,0,Economy
Airline 15,disappointing experience uncomfortable and expensive,no,8.0,4.0,2.0,2.0,2.0,4.0,2.0,3.0,1,Economy
Airline 47,long delay weak communication would not recommend,no,8.0,3.0,5.0,3.0,3.0,,,3.0,0,Economy
Airline 12,long delay weak communication would not recommend,no,5.0,3.0,3.0,2.0,4.0,3.0,,2.0,1,Economy
Airline 02,efficient ground team and comfortable flight,yes,10.0,4.0,5.0,4.0,4.0,,,4.0,0,Economy
Airline 38,poor value delay and unhelpful ground service,yes,7.0,4.0,4.0,3.0,4.0,4.0,,5.0,0,Premium Economy
Airline 32,poor value delay and unhelpful ground service,no,4.0,3.0,3.0,3.0,3.0,2.0,,3.0,0,Economy
Airline 45,good value and helpful cabin crew,no,3.0,3.0,2.0,3.0,2.0,2.0,,2.0,0,Economy
Airline 23,long delay weak communication would not recommend,no,1.0,2.0,1.0,3.0,1.0,1.0,2.0,1.0,0,Economy
Airline 01,smooth journey friendly service worth the fare,no,3.0,2.0,2.0,3.0,,2.0,,3.0,0,Business
Airline 02,poor value delay and unhelpful ground service,no,4.0,2.0,3.0,1.0,2.0,3.0,1.0,1.0,1,Economy
Airline 22,poor value delay and unhelpful ground service,no,4.0,3.0,3.0,3.0,2.0,,,3.0,0,Economy
Airline 13,good value and helpful cabin crew,no,5.0,3.0,3.0,3.0,4.0,3.0,5.0,2.0,0,Economy
Airline 47,long delay weak communication would not recommend,yes,7.0,4.0,4.0,2.0,4.0,,2.0,5.0,0,Economy
Airline 06,long delay weak communication would not recommend,yes,9.0,3.0,4.0,5.0,4.0,,,5.0,1,Economy
Airline 45,disappointing experience uncomfortable and expensive,no,4.0,4.0,2.0,2.0,4.0,,2.0,3.0,1,Economy
Airline 11,efficient ground team and comfortable flight,yes,10.0,5.0,5.0,3.0,4.0,3.0,,5.0,1,Business
Airline 06,poor value delay and unhelpful ground service,no,6.0,3.0,3.0,3.0,3.0,,,3.0,0,Economy
Airline 14,disappointing experience uncomfortable and expensive,no,3.0,3.0,3.0,1.0,1.0,3.0,,1.0,1,Economy
Airline 08,poor value delay and unhelpful ground service,no,4.0,3.0,3.0,3.0,,,2.0,2.0,1,Economy
Airline 21,long delay weak communication would not recommend,no,5.0,3.0,3.0,3.0,4.0,4.0,,3.0,1,Business
Airline 17,good value and helpful cabin crew,yes,8.0,3.0,3.0,3.0,2.0,,,5.0,1,Business
Airline 27,long delay weak communication would not recommend,no,7.0,3.0,2.0,3.0,1.0,2.0,5.0,1.0,1,Economy
Airline 27,disappointing experience uncomfortable and expensive,no,4.0,1.0,3.0,2.0,3.0,2.0,5.0,3.0,0,Economy
Airline 01,smooth journey friendly service worth the fare,no,5.0,2.0,3.0,1.0,2.0,3.0,2.0,3.0,0,Economy
Airline 07,poor value delay and unhelpful ground service,no,2.0,3.0,4.0,2.0,3.0,5.0,3.0,4.0,0,Business
Airline 09,poor value delay and unhelpful ground service,yes,8.0,2.0,4.0,3.0,4.0,,,5.0,1,Economy
Airline 10,disappointing experience uncomfortable and expensive,yes,5.0,3.0,3.0,1.0,4.0,2.0,,3.0,0,Premium Economy
Airline 05,long delay weak communication would not recommend,no,8.0,3.0,4.0,,3.0,3.0,,5.0,0,Business
Airline 16,smooth journey friendly service worth the fare,no,6.0,5.0,2.0,1.0,,,2.0,3.0,1,Economy
Airline 28,disappointing experience uncomfortable and expensive,no,8.0,4.0,5.0,2.0,3.0,2.0,3.0,5.0,0,Economy
Airline 16,disappointing experience uncomfortable and expensive,no,2.0,3.0,3.0,3.0,1.0,2.0,1.0,2.0,1,Premium Economy
Airline 17,poor value delay and unhelpful ground service,no,4.0,1.0,2.0,3.0,1.0,,3.0,1.0,0,Economy
Airline 24,long delay weak communication would not recommend,no,4.0,3.0,2.0,3.0,2.0,,3.0,2.0,1,Economy
Airline 28,long delay weak communication would not recommend,no,4.0,1.0,3.0,3.0,3.0,2.0,2.0,4.0,1,Economy
Airline 17,good value and helpful cabin crew,yes,8.0,3.0,5.0,4.0,5.0,,,4.0,1,Business
Airline 12,disappointing experience uncomfortable and expensive,no,3.0,3.0,3.0,3.0,2.0,1.0,1.0,2.0,0,Economy
Airline 21,efficient ground team and comfortable flight,no,6.0,1.0,3.0,4.0,3.0,,3.0,1.0,0,Economy
Airline 02,poor value delay and unhelpful ground service,yes,5.0,3.0,3.0,,3.0,4.0,,3.0,0,Economy
Airline 25,long delay weak communication would not recommend,no,9.0,4.0,3.0,3.0,2.0,1.0,,4.0,0,Economy
Airline 48,smooth journey friendly service worth the fare,no,3.0,2.0,3.0,2.0,1.0,3.0,5.0,2.0,0,Business
Airline 20,poor value delay and unhelpful ground service,no,5.0,2.0,4.0,4.0,2.0,2.0,1.0,2.0,0,Economy
Airline 06,good value and helpful cabin crew,no,3.0,2.0,3.0,3.0,2.0,2.0,1.0,2.0,0,Premium Economy
Airline 36,long delay weak communication would not recommend,no,5.0,2.0,4.0,4.0,2.0,2.0,,2.0,0,Economy
Airline 07,long delay weak communication would not recommend,yes,7.0,3.0,4.0,2.0,3.0,2.0,,4.0,1,Premium Economy
Airline 10,disappointing experience uncomfortable and expensive,no,3.0,4.0,2.0,,3.0,,,2.0,1,Premium Economy
Airline 08,poor value delay and unhelpful ground service,no,5.0,2.0,2.0,,2.0,,,3.0,1,Economy
Airline 45,poor value delay and unhelpful ground service,yes,8.0,5.0,5.0,4.0,5.0,,,4.0,1,Economy
Airline 50,long delay weak communication would not recommend,no,3.0,4.0,1.0,2.0,3.0,3.0,,2.0,1,Business
Airline 29,smooth journey friendly service worth the fare,yes,8.0,4.0,5.0,4.0,4.0,,2.0,3.0,0,Economy
Airline 31,poor value delay and unhelpful ground service,no,7.0,4.0,4.0,4.0,4.0,,4.0,5.0,0,Business
Airline 33,smooth journey friendly service worth the fare,yes,3.0,3.0,5.0,1.0,,1.0,,3.0,1,Economy
Airline 31,disappointing experience uncomfortable and expensive,no,4.0,2.0,2.0,1.0,2.0,,,1.0,1,Economy
Airline 28,efficient ground team and comfortable flight,yes,10.0,5.0,5.0,4.0,5.0,3.0,,5.0,1,Economy
Airline 50,poor value delay and unhelpful ground service,no,5.0,3.0,5.0,3.0,3.0,2.0,,4.0,0,Economy
Airline 37,poor value delay and unhelpful ground service,no,8.0,2.0,3.0,1.0,4.0,1.0,2.0,3.0,0,Economy
Airline 05,good value and helpful cabin crew,yes,6.0,4.0,4.0,3.0,3.0,3.0,,4.0,0,Premium Economy
Airline 20,poor value delay and unhelpful ground service,no,8.0,3.0,3.0,2.0,3.0,2.0,,3.0,0,Economy
Airline 49,efficient ground team and comfortable flight,yes,8.0,3.0,3.0,2.0,2.0,3.0,4.0,5.0,0,Economy
Airline 21,long delay weak communication would not recommend,no,3.0,3.0,2.0,2.0,3.0,3.0,,3.0,1,Economy
Airline 11,disappointing experience uncomfortable and expensive,no,7.0,3.0,3.0,3.0,,5.0,,3.0,0,Premium Economy
Airline 44,disappointing experience uncomfortable and expensive,no,3.0,2.0,1.0,2.0,1.0,3.0,1.0,3.0,1,Economy
Airline 32,long delay weak communication would not recommend,yes,6.0,3.0,4.0,1.0,4.0,2.0,2.0,4.0,1,Economy
Airline 29,good value and helpful cabin crew,yes,7.0,2.0,4.0,3.0,3.0,3.0,3.0,3.0,0,Premium Economy
Airline 22,efficient ground team and comfortable flight,yes,7.0,3.0,3.0,3.0,4.0,4.0,,5.0,1,Economy
Airline 07,efficient ground team and comfortable flight,yes,6.0,4.0,3.0,2.0,2.0,2.0,,4.0,1,Economy
Airline 20,good value and helpful cabin crew,yes,5.0,2.0,4.0,2.0,3.0,2.0,,4.0,0,Business
Airline 22,efficient ground team and comfortable flight,no,4.0,4.0,1.0,2.0,2.0,1.0,,1.0,1,Economy
Airline 47,disappointing experience uncomfortable and expensive,yes,7.0,4.0,5.0,3.0,4.0,2.0,2.0,5.0,1,Economy
Airline 16,disappointing experience uncomfortable and expensive,no,9.0,3.0,4.0,3.0,4.0,,4.0,5.0,0,Business
Airline 08,smooth journey friendly service worth the fare,yes,3.0,4.0,3.0,,3.0,4.0,3.0,2.0,1,Economy
Airline 22,poor value delay and unhelpful ground service,no,4.0,3.0,5.0,3.0,4.0,4.0,,2.0,0,Economy
Airline 50,efficient ground team and comfortable flight,no,8.0,5.0,5.0,4.0,3.0,,2.0,4.0,0,Economy
Airline 25,disappointing experience uncomfortable and expensive,no,5.0,3.0,4.0,4.0,3.0,,,2.0,1,Economy
Airline 19,poor value delay and unhelpful ground service,no,3.0,3.0,1.0,2.0,3.0,2.0,,2.0,0,Economy
Airline 34,poor value delay and unhelpful ground service,no,2.0,2.0,2.0,,2.0,3.0,1.0,1.0,1,Premium Economy
Airline 33,disappointing experience uncomfortable and expensive,no,4.0,3.0,2.0,1.0,1.0,,,3.0,0,Economy
Airline 15,poor value delay and unhelpful ground service,no,3.0,2.0,3.0,2.0,2.0,2.0,1.0,1.0,1,Premium Economy
Airline 49,efficient ground team and comfortable flight,yes,9.0,3.0,4.0,,5.0,4.0,1.0,5.0,1,Business
Airline 30,long delay weak communication would not recommend,no,9.0,4.0,4.0,5.0,4.0,,,3.0,0,Economy
Airline 03,disappointing experience uncomfortable and expensive,no,7.0,4.0,2.0,5.0,4.0,3.0,,4.0,1,Economy
Airline 21,poor value delay and unhelpful ground service,no,1.0,1.0,1.0,,1.0,2.0,1.0,1.0,0,Premium Economy
Airline 47,good value and helpful cabin crew,no,2.0,3.0,2.0,1.0,1.0,,,1.0,1,Economy
Airline 20,long delay weak communication would not recommend,no,8.0,4.0,3.0,3.0,3.0,4.0,1.0,3.0,0,Economy
Airline 29,efficient ground team and comfortable flight,yes,10.0,4.0,5.0,5.0,5.0,5.0,,5.0,1,Economy
Airline 31,poor value delay and unhelpful ground service,no,5.0,2.0,1.0,,4.0,2.0,2.0,2.0,1,Business
Airline 36,long delay weak communication would not recommend,no,9.0,5.0,4.0,5.0,3.0,3.0,,3.0,0,Premium Economy
Airline 44,efficient ground team and comfortable flight,no,2.0,4.0,4.0,1.0,4.0,3.0,,2.0,1,Economy
Airline 08,long delay weak communication would not recommend,no,6.0,4.0,3.0,1.0,3.0,3.0,,3.0,1,Economy
Airline 26,disappointing experience uncomfortable and expensive,yes,10.0,4.0,5.0,4.0,3.0,3.0,,4.0,0,Economy
Airline 27,disappointing experience uncomfortable and expensive,no,4.0,3.0,1.0,4.0,3.0,,2.0,3.0,1,Economy
Airline 08,poor value delay and unhelpful ground service,no,5.0,3.0,2.0,2.0,,2.0,3.0,2.0,0,Economy
Airline 34,disappointing experience uncomfortable and expensive,yes,8.0,4.0,3.0,,5.0,4.0,4.0,5.0,1,Economy
Airline 06,poor value delay and unhelpful ground service,no,4.0,3.0,4.0,4.0,,3.0,4.0,2.0,0,Economy
Airline 23,poor value delay and unhelpful ground service,yes,9.0,5.0,5.0,5.0,4.0,,,4.0,1,Business
Airline 17,disappointing experience uncomfortable and expensive,no,4.0,4.0,2.0,2.0,2.0,2.0,2.0,3.0,0,Economy
Airline 08,good value and helpful cabin crew,yes,8.0,4.0,5.0,,4.0,2.0,1.0,5.0,0,Premium Economy
Airline 42,long delay weak communication would not recommend,no,7.0,2.0,4.0,,3.0,,,3.0,0,Economy
Airline 13,good value and helpful cabin crew,yes,5.0,5.0,5.0,3.0,3.0,2.0,,4.0,1,Economy
Airline 13,poor value delay and unhelpful ground service,yes,7.0,5.0,3.0,3.0,4.0,2.0,,3.0,1,Economy
Airline 43,poor value delay and unhelpful ground service,no,3.0,3.0,1.0,2.0,2.0,2.0,,2.0,1,Business
Airline 44,poor value delay and unhelpful ground service,no,7.0,5.0,2.0,3.0,,1.0,3.0,3.0,1,Economy
Airline 02,long delay weak communication would not recommend,no,6.0,3.0,3.0,1.0,2.0,2.0,2.0,3.0,1,Economy
Airline 14,long delay weak communication would not recommend,no,9.0,3.0,5.0,4.0,5.0,,2.0,4.0,0,Economy
Airline 36,long delay weak communication would not recommend,no,6.0,2.0,3.0,3.0,2.0,2.0,,2.0,0,Economy
Airline 39,poor value delay and unhelpful ground service,no,2.0,1.0,2.0,2.0,3.0,3.0,3.0,1.0,1,Economy
Airline 50,smooth journey friendly service worth the fare,no,1.0,2.0,4.0,3.0,2.0,3.0,,1.0,0,Business
Airline 28,disappointing experience uncomfortable and expensive,no,1.0,2.0,2.0,1.0,1.0,3.0,,2.0,0,Economy
Airline 01,disappointing experience uncomfortable and expensive,no,7.0,3.0,3.0,4.0,4.0,1.0,,4.0,0,Economy
Airline 44,poor value delay and unhelpful ground service,no,2.0,2.0,2.0,,2.0,4.0,1.0,2.0,1,Business
Airline 09,smooth journey friendly service worth the fare,no,7.0,4.0,4.0,,4.0,3.0,,4.0,1,Business
Airline 07,disappointing experience uncomfortable and expensive,no,5.0,3.0,3.0,,3.0,,1.0,3.0,1,Economy
Airline 34,efficient ground team and comfortable flight,no,5.0,2.0,4.0,,3.0,2.0,2.0,2.0,1,Business
Airline 31,smooth journey friendly service worth the fare,yes,6.0,3.0,2.0,3.0,3.0,3.0,,3.0,0,Economy
Airline 03,efficient ground team and comfortable flight,no,5.0,4.0,2.0,3.0,2.0,3.0,2.0,3.0,1,Business
Airline 09,good value and helpful cabin crew,no,1.0,1.0,1.0,1.0,1.0,,,1.0,0,Economy
Airline 30,smooth journey friendly service worth the fare,no,6.0,3.0,3.0,4.0,3.0,1.0,,3.0,0,Business
Airline 13,long delay weak communication would not recommend,no,5.0,5.0,4.0,4.0,3.0,1.0,,4.0,0,Business
Airline 35,efficient ground team and comfortable flight,yes,8.0,5.0,5.0,,5.0,5.0,,5.0,0,Economy
Airline 21,poor value delay and unhelpful ground service,yes,9.0,5.0,5.0,,4.0,,,4.0,0,Business
Airline 30,disappointing experience uncomfortable and expensive,no,1.0,3.0,2.0,3.0,1.0,1.0,,3.0,1,Economy
Airline 24,disappointing experience uncomfortable and expensive,no,6.0,2.0,3.0,2.0,2.0,3.0,3.0,4.0,1,Premium Economy
Airline 19,long delay weak communication would not recommend,no,1.0,2.0,1.0,2.0,1.0,1.0,,1.0,0,Economy
Airline 18,smooth journey friendly service worth the fare,yes,9.0,4.0,5.0,4.0,5.0,2.0,4.0,5.0,1,Business
Airline 35,smooth journey friendly service worth the fare,yes,8.0,4.0,5.0,4.0,4.0,1.0,,5.0,1,Economy
Airline 26,poor value delay and unhelpful ground service,no,5.0,3.0,3.0,1.0,3.0,3.0,,3.0,1,Premium Economy
Airline 30,efficient ground team and comfortable flight,no,5.0,3.0,5.0,,2.0,,,3.0,0,Business
Airline 29,long delay weak communication would not recommend,no,8.0,4.0,4.0,,,4.0,,4.0,0,Business
Airline 11,efficient ground team and comfortable flight,no,9.0,5.0,5.0,2.0,3.0,,3.0,3.0,0,Economy
Airline 46,smooth journey friendly service worth the fare,yes,10.0,5.0,5.0,4.0,5.0,3.0,,4.0,0,Premium Economy
Airline 29,good value and helpful cabin crew,yes,9.0,4.0,2.0,,3.0,2.0,,3.0,0,Economy
Airline 36,efficient ground team and comfortable flight,no,6.0,3.0,3.0,3.0,2.0,,,2.0,0,Economy
Airline 45,poor value delay and unhelpful ground service,no,6.0,3.0,2.0,1.0,3.0,2.0,,4.0,1,Business
Airline 47,poor value delay and unhelpful ground service,no,6.0,4.0,5.0,3.0,4.0,,4.0,3.0,1,Economy
Airline 34,disappointing experience uncomfortable and expensive,no,7.0,2.0,2.0,2.0,3.0,2.0,,3.0,1,Business
Airline 40,poor value delay and unhelpful ground service,no,7.0,3.0,3.0,4.0,2.0,,1.0,3.0,1,Premium Economy
Airline 24,poor value delay and unhelpful ground service,no,9.0,5.0,5.0,5.0,4.0,,,4.0,1,Economy
Airline 37,long delay weak communication would not recommend,no,10.0,4.0,5.0,,5.0,,4.0,5.0,0,Business
Airline 17,efficient ground team and comfortable flight,no,3.0,3.0,3.0,4.0,3.0,,2.0,1.0,1,Economy
Airline 36,long delay weak communication would not recommend,no,7.0,3.0,3.0,3.0,4.0,2.0,3.0,3.0,1,Economy
Airline 05,poor value delay and unhelpful ground service,no,5.0,3.0,3.0,,2.0,3.0,3.0,4.0,1,Economy
Airline 46,efficient ground team and comfortable flight,yes,5.0,1.0,4.0,3.0,3.0,,,4.0,1,Economy
Airline 13,long delay weak communication would not recommend,no,5.0,2.0,2.0,1.0,2.0,4.0,1.0,3.0,1,Economy
Airline 33,efficient ground team and comfortable flight,yes,9.0,5.0,5.0,5.0,5.0,,,5.0,0,Economy
Airline 01,poor value delay and unhelpful ground service,no,5.0,2.0,3.0,4.0,4.0,4.0,,2.0,0,Business
Airline 08,efficient ground team and comfortable flight,yes,8.0,3.0,3.0,4.0,4.0,4.0,,4.0,0,Premium Economy
Airline 50,disappointing experience uncomfortable and expensive,no,7.0,3.0,3.0,1.0,4.0,2.0,,5.0,0,Economy
Airline 42,efficient ground team and comfortable flight,no,5.0,2.0,2.0,,2.0,,,2.0,1,Business
Airline 12,good value and helpful cabin crew,yes,5.0,3.0,1.0,4.0,3.0,2.0,4.0,3.0,1,Business
Airline 07,long delay weak communication would not recommend,no,5.0,3.0,2.0,,2.0,1.0,1.0,3.0,0,Economy
Airline 41,smooth journey friendly service worth the fare,no,6.0,4.0,3.0,2.0,3.0,1.0,1.0,4.0,0,Business
Airline 50,poor value delay and unhelpful ground service,no,4.0,1.0,1.0,1.0,2.0,3.0,4.0,1.0,1,Economy
Airline 09,smooth journey friendly service worth the fare,no,6.0,4.0,4.0,2.0,4.0,,,3.0,0,Economy
Airline 34,poor value delay and unhelpful ground service,no,4.0,2.0,3.0,3.0,4.0,,2.0,3.0,1,Economy
Airline 15,poor value delay and unhelpful ground service,no,4.0,3.0,2.0,2.0,3.0,3.0,1.0,2.0,1,Economy
Airline 38,good value and helpful cabin crew,yes,6.0,4.0,3.0,,3.0,,2.0,4.0,1,Economy
Airline 21,long delay weak communication would not recommend,no,7.0,3.0,5.0,5.0,4.0,2.0,2.0,3.0,1,Economy
Airline 07,efficient ground team and comfortable flight,no,4.0,4.0,2.0,,2.0,4.0,,1.0,1,Economy
Airline 17,poor value delay and unhelpful ground service,no,7.0,4.0,3.0,3.0,3.0,5.0,,3.0,1,Economy
Airline 27,poor value delay and unhelpful ground service,no,6.0,4.0,4.0,5.0,3.0,,1.0,3.0,1,Premium Economy
Airline 40,smooth journey friendly service worth the fare,no,2.0,2.0,1.0,2.0,1.0,4.0,,1.0,1,Economy
Airline 02,efficient ground team and comfortable flight,yes,7.0,3.0,5.0,3.0,4.0,,,3.0,0,Economy
Airline 48,poor value delay and unhelpful ground service,no,4.0,1.0,2.0,,1.0,1.0,1.0,2.0,0,Economy
Airline 33,poor value delay and unhelpful ground service,no,4.0,2.0,3.0,3.0,4.0,,,3.0,1,Economy
Airline 44,long delay weak communication would not recommend,no,2.0,3.0,4.0,1.0,2.0,3.0,,3.0,1,Economy
Airline 47,smooth journey friendly service worth the fare,yes,9.0,5.0,5.0,3.0,5.0,3.0,,4.0,0,Economy
Airline 08,smooth journey friendly service worth the fare,no,5.0,1.0,1.0,2.0,2.0,,,3.0,0,Economy
Airline 05,poor value delay and unhelpful ground service,no,2.0,2.0,2.0,,2.0,2.0,2.0,2.0,0,Premium Economy
Airline 39,efficient ground team and comfortable flight,yes,6.0,2.0,5.0,3.0,3.0,4.0,1.0,3.0,1,Economy
Airline 10,long delay weak communication would not recommend,no,5.0,2.0,2.0,3.0,3.0,3.0,,2.0,0,Premium Economy
Airline 08,long delay weak communication would not recommend,no,2.0,2.0,2.0,,2.0,4.0,,1.0,0,Economy
Airline 24,good value and helpful cabin crew,yes,8.0,3.0,5.0,5.0,2.0,,,3.0,0,Economy
Airline 46,long delay weak communication would not recommend,no,1.0,1.0,2.0,1.0,3.0,2.0,,1.0,1,Economy
Airline 40,poor value delay and unhelpful ground service,no,3.0,4.0,3.0,3.0,4.0,2.0,,2.0,0,Economy
Airline 26,poor value delay and unhelpful ground service,no,4.0,3.0,3.0,3.0,3.0,,2.0,1.0,0,Economy
Airline 10,long delay weak communication would not recommend,no,7.0,2.0,4.0,3.0,4.0,,3.0,5.0,0,Economy
Airline 17,good value and helpful cabin crew,yes,7.0,4.0,4.0,5.0,5.0,4.0,,4.0,0,Economy
Airline 35,good value and helpful cabin crew,yes,8.0,4.0,4.0,4.0,4.0,4.0,,4.0,1,Economy
Airline 08,long delay weak communication would not recommend,no,5.0,3.0,3.0,2.0,3.0,3.0,,2.0,1,Premium Economy
Airline 27,long delay weak communication would not recommend,no,1.0,1.0,1.0,2.0,2.0,3.0,2.0,1.0,0,Economy
Airline 01,smooth journey friendly service worth the fare,yes,5.0,4.0,5.0,2.0,3.0,2.0,,3.0,0,Economy
Airline 17,efficient ground team and comfortable flight,yes,8.0,5.0,4.0,3.0,3.0,,3.0,5.0,1,Economy
Airline 13,poor value delay and unhelpful ground service,no,8.0,3.0,5.0,,,,3.0,4.0,1,Business
Airline 35,poor value delay and unhelpful ground service,no,6.0,3.0,4.0,,4.0,3.0,,4.0,1,Economy
Airline 46,disappointing experience uncomfortable and expensive,no,2.0,3.0,2.0,3.0,1.0,3.0,,2.0,0,Economy
Airline 08,disappointing experience uncomfortable and expensive,no,5.0,2.0,1.0,2.0,2.0,4.0,,3.0,0,Economy
Airline 40,efficient ground team and comfortable flight,yes,10.0,4.0,5.0,4.0,5.0,,,5.0,0,Business
Airline 33,poor value delay and unhelpful ground service,no,2.0,2.0,2.0,1.0,1.0,3.0,3.0,2.0,0,Economy
Airline 49,long delay weak communication would not recommend,no,2.0,2.0,1.0,2.0,1.0,4.0,2.0,2.0,0,Economy
Airline 46,smooth journey friendly service worth the fare,yes,7.0,3.0,5.0,,3.0,2.0,,5.0,1,Business
Airline 06,long delay weak communication would not recommend,no,5.0,2.0,3.0,3.0,,1.0,,3.0,0,Economy
Airline 38,long delay weak communication would not recommend,no,4.0,3.0,2.0,2.0,2.0,1.0,1.0,2.0,1,Economy
Airline 30,good value and helpful cabin crew,yes,8.0,5.0,5.0,,5.0,4.0,1.0,5.0,1,Economy
Airline 06,efficient ground team and comfortable flight,no,6.0,3.0,2.0,3.0,4.0,2.0,,3.0,1,Economy
Airline 13,long delay weak communication would not recommend,no,8.0,4.0,2.0,,2.0,,4.0,3.0,1,Economy
Airline 47,disappointing experience uncomfortable and expensive,no,2.0,2.0,2.0,,1.0,2.0,2.0,2.0,0,Business
Airline 28,poor value delay and unhelpful ground service,yes,10.0,4.0,5.0,5.0,5.0,,3.0,5.0,0,Economy
Airline 17,efficient ground team and comfortable flight,yes,7.0,3.0,5.0,4.0,3.0,,3.0,4.0,1,Economy
Airline 17,long delay weak communication would not recommend,yes,8.0,4.0,4.0,3.0,5.0,2.0,2.0,5.0,1,Economy
Airline 42,disappointing experience uncomfortable and expensive,no,8.0,3.0,4.0,4.0,,3.0,,5.0,0,Economy
Airline 15,disappointing experience uncomfortable and expensive,no,2.0,3.0,5.0,2.0,4.0,3.0,,2.0,1,Economy
Airline 08,efficient ground team and comfortable flight,no,4.0,2.0,3.0,1.0,2.0,,,3.0,0,Economy
Airline 29,long delay weak communication would not recommend,yes,10.0,4.0,5.0,,5.0,4.0,,3.0,0,Economy
Airline 50,efficient ground team and comfortable flight,yes,9.0,5.0,3.0,,5.0,3.0,2.0,5.0,0,Economy
Airline 10,long delay weak communication would not recommend,no,2.0,3.0,3.0,3.0,1.0,,3.0,1.0,1,Economy
Airline 13,efficient ground team and comfortable flight,yes,9.0,4.0,3.0,3.0,4.0,,2.0,3.0,0,Premium Economy
Airline 24,disappointing experience uncomfortable and expensive,no,6.0,4.0,3.0,4.0,2.0,2.0,,3.0,0,Economy
Airline 10,disappointing experience uncomfortable and expensive,no,4.0,2.0,3.0,1.0,3.0,2.0,3.0,1.0,1,Economy
Airline 33,poor value delay and unhelpful ground service,no,5.0,2.0,3.0,,4.0,,2.0,3.0,0,Economy
Airline 13,disappointing experience uncomfortable and expensive,no,1.0,2.0,2.0,3.0,1.0,,,1.0,0,Economy
Airline 07,poor value delay and unhelpful ground service,no,5.0,3.0,3.0,2.0,3.0,5.0,,3.0,1,Economy
Airline 14,smooth journey friendly service worth the fare,no,4.0,3.0,4.0,3.0,3.0,3.0,1.0,1.0,1,Premium Economy
Airline 47,smooth journey friendly service worth the fare,yes,5.0,2.0,5.0,3.0,3.0,2.0,3.0,2.0,0,Economy
Airline 47,good value and helpful cabin crew,no,5.0,2.0,3.0,3.0,4.0,,3.0,3.0,0,Economy
Airline 26,long delay weak communication would not recommend,no,3.0,2.0,2.0,2.0,3.0,4.0,,2.0,0,Premium Economy
Airline 21,long delay weak communication would not recommend,no,9.0,3.0,4.0,,4.0,,3.0,5.0,0,Premium Economy
Airline 41,efficient ground team and comfortable flight,yes,5.0,2.0,5.0,5.0,4.0,,3.0,2.0,0,Premium Economy
Airline 10,good value and helpful cabin crew,yes,7.0,4.0,5.0,4.0,5.0,5.0,4.0,5.0,1,Premium Economy
Airline 33,good value and helpful cabin crew,no,4.0,3.0,4.0,,2.0,3.0,5.0,2.0,0,Economy
Airline 35,disappointing experience uncomfortable and expensive,no,3.0,3.0,3.0,,3.0,3.0,,3.0,0,Premium Economy
Airline 36,efficient ground team and comfortable flight,yes,9.0,4.0,5.0,3.0,3.0,5.0,2.0,4.0,1,Economy
Airline 11,good value and helpful cabin crew,no,2.0,2.0,3.0,2.0,3.0,3.0,3.0,3.0,0,Economy
Airline 36,smooth journey friendly service worth the fare,yes,5.0,2.0,2.0,3.0,4.0,,1.0,5.0,1,Economy
Airline 31,long delay weak communication would not recommend,yes,9.0,3.0,5.0,,3.0,,5.0,4.0,0,Economy
Airline 44,poor value delay and unhelpful ground service,no,3.0,3.0,3.0,,2.0,2.0,,1.0,0,Economy
Airline 09,smooth journey friendly service worth the fare,yes,7.0,3.0,4.0,,3.0,5.0,,4.0,0,Economy
Airline 31,poor value delay and unhelpful ground service,no,7.0,5.0,5.0,4.0,3.0,3.0,2.0,3.0,1,Premium Economy
Airline 42,good value and helpful cabin crew,yes,8.0,3.0,5.0,,4.0,4.0,2.0,5.0,1,Economy
Airline 14,efficient ground team and comfortable flight,yes,7.0,4.0,5.0,5.0,3.0,3.0,,4.0,1,Economy
Airline 38,poor value delay and unhelpful ground service,yes,8.0,4.0,4.0,3.0,4.0,,4.0,4.0,0,Economy
Airline 05,efficient ground team and comfortable flight,yes,5.0,3.0,4.0,5.0,,3.0,,2.0,1,Economy
Airline 36,poor value delay and unhelpful ground service,no,2.0,4.0,3.0,2.0,3.0,,,2.0,0,Economy
Airline 31,efficient ground team and comfortable flight,yes,10.0,5.0,5.0,4.0,5.0,3.0,,5.0,1,Economy
Airline 10,smooth journey friendly service worth the fare,yes,1.0,1.0,2.0,4.0,1.0,2.0,2.0,1.0,0,Economy
Airline 04,poor value delay and unhelpful ground service,no,4.0,1.0,2.0,1.0,2.0,1.0,3.0,2.0,1,Economy
Airline 38,smooth journey friendly service worth the fare,yes,6.0,3.0,4.0,3.0,3.0,3.0,,4.0,0,Economy
Airline 13,good value and helpful cabin crew,yes,7.0,4.0,4.0,4.0,5.0,,1.0,4.0,1,Business
Airline 25,poor value delay and unhelpful ground service,no,8.0,2.0,4.0,3.0,3.0,3.0,,3.0,1,Economy
Airline 04,smooth journey friendly service worth the fare,yes,6.0,4.0,4.0,3.0,4.0,3.0,3.0,5.0,0,Economy
Airline 49,poor value delay and unhelpful ground service,no,1.0,1.0,2.0,2.0,1.0,2.0,4.0,1.0,0,Economy
Airline 28,poor value delay and unhelpful ground service,no,3.0,3.0,3.0,3.0,3.0,,1.0,2.0,1,Economy
Airline 47,poor value delay and unhelpful ground service,no,1.0,3.0,1.0,2.0,2.0,2.0,,2.0,1,Business
Airline 09,good value and helpful cabin crew,yes,6.0,4.0,4.0,,5.0,3.0,,4.0,1,Economy
Airline 11,poor value delay and unhelpful ground service,no,2.0,2.0,1.0,2.0,3.0,2.0,,1.0,0,Business
Airline 31,long delay weak communication would not recommend,no,1.0,4.0,2.0,,2.0,,,2.0,1,Business
Airline 31,smooth journey friendly service worth the fare,yes,8.0,4.0,3.0,4.0,4.0,4.0,,4.0,1,Economy
Airline 40,smooth journey friendly service worth the fare,yes,8.0,4.0,4.0,,5.0,,2.0,4.0,0,Business
Airline 47,long delay weak communication would not recommend,no,4.0,2.0,3.0,,2.0,3.0,,2.0,1,Economy
Airline 42,poor value delay and unhelpful ground service,no,4.0,5.0,2.0,,3.0,4.0,1.0,3.0,0,Economy
Airline 08,efficient ground team and comfortable flight,yes,6.0,3.0,5.0,2.0,2.0,2.0,,4.0,0,Business
Airline 16,poor value delay and unhelpful ground service,no,6.0,4.0,3.0,,4.0,1.0,,2.0,1,Economy
Airline 46,good value and helpful cabin crew,yes,4.0,4.0,3.0,2.0,1.0,1.0,1.0,3.0,0,Economy
Airline 28,efficient ground team and comfortable flight,yes,6.0,4.0,3.0,3.0,2.0,,3.0,5.0,0,Economy
Airline 44,good value and helpful cabin crew,no,6.0,4.0,5.0,3.0,3.0,2.0,,4.0,1,Economy
Airline 29,disappointing experience uncomfortable and expensive,no,7.0,3.0,3.0,3.0,2.0,2.0,,4.0,1,Premium Economy
Airline 03,poor value delay and unhelpful ground service,no,7.0,2.0,4.0,4.0,,3.0,3.0,4.0,0,Economy
Airline 24,smooth journey friendly service worth the fare,no,4.0,3.0,1.0,4.0,1.0,,1.0,3.0,1,Business
Airline 42,disappointing experience uncomfortable and expensive,no,7.0,4.0,5.0,3.0,2.0,2.0,,5.0,1,Premium Economy
Airline 33,smooth journey friendly service worth the fare,no,5.0,2.0,3.0,,3.0,4.0,,2.0,0,Economy
Airline 07,disappointing experience uncomfortable and expensive,no,5.0,3.0,3.0,,3.0,2.0,,2.0,1,Economy
Airline 11,smooth journey friendly service worth the fare,yes,7.0,4.0,3.0,1.0,1.0,2.0,,3.0,1,Economy
Airline 43,long delay weak communication would not recommend,no,4.0,4.0,3.0,,2.0,,2.0,2.0,1,Premium Economy
Airline 49,disappointing experience uncomfortable and expensive,yes,7.0,4.0,4.0,3.0,,,3.0,5.0,1,Premium Economy
Airline 38,smooth journey friendly service worth the fare,no,2.0,1.0,3.0,3.0,,2.0,,3.0,0,Economy
Airline 05,long delay weak communication would not recommend,no,4.0,1.0,3.0,2.0,2.0,3.0,3.0,1.0,0,Economy
